INSERT INTO regions (id, name, parent_id, root_region_id)
                VALUES (1, 'Джунгарский Алатау', NULL, NULL);
INSERT INTO regions (id, name, parent_id, root_region_id)
                VALUES (2, 'Южная Джунгария', NULL, NULL);
INSERT INTO regions (id, name, parent_id, root_region_id)
                VALUES (3, 'Гималаи', NULL, NULL);
INSERT INTO regions (id, name, parent_id, root_region_id)
                VALUES (4, 'Урал', NULL, NULL);
INSERT INTO regions (id, name, parent_id, root_region_id)
                VALUES (5, 'Приполярный Урал', NULL, NULL);
INSERT INTO regions (id, name, parent_id, root_region_id)
                VALUES (6, 'Главный водораздельный хребет', NULL, NULL);
INSERT INTO regions (id, name, parent_id, root_region_id)
                VALUES (7, 'Кавказ', NULL, NULL);
INSERT INTO regions (id, name, parent_id, root_region_id)
                VALUES (8, 'Центральный Кавказ', NULL, NULL);
INSERT INTO regions (id, name, parent_id, root_region_id)
                VALUES (9, 'Приэльбрусье', NULL, NULL);
INSERT INTO regions (id, name, parent_id, root_region_id)
                VALUES (10, 'Эльбрус и его отроги', NULL, NULL);
INSERT INTO regions (id, name, parent_id, root_region_id)
                VALUES (11, 'Западный Кавказ', NULL, NULL);
INSERT INTO regions (id, name, parent_id, root_region_id)
                VALUES (12, 'Красная Поляна', NULL, NULL);
INSERT INTO regions (id, name, parent_id, root_region_id)
                VALUES (13, 'Отроги Главного хребта в районе Красной поляны', NULL, NULL);
INSERT INTO regions (id, name, parent_id, root_region_id)
                VALUES (14, 'Прибайкалье и Забайкалье', NULL, NULL);
INSERT INTO regions (id, name, parent_id, root_region_id)
                VALUES (15, 'Кодар', NULL, NULL);
INSERT INTO regions (id, name, parent_id, root_region_id)
                VALUES (16, 'O50-116 р.Средний Сакукан, район пика БАМ', NULL, NULL);
INSERT INTO regions (id, name, parent_id, root_region_id)
                VALUES (17, 'Северо-Запад России', NULL, NULL);
INSERT INTO regions (id, name, parent_id, root_region_id)
                VALUES (18, 'Кольский полуостров', NULL, NULL);
INSERT INTO regions (id, name, parent_id, root_region_id)
                VALUES (19, 'Хибины', NULL, NULL);
INSERT INTO regions (id, name, parent_id, root_region_id)
                VALUES (20, 'Саяны', NULL, NULL);
INSERT INTO regions (id, name, parent_id, root_region_id)
                VALUES (21, 'Восточный Саян', NULL, NULL);
INSERT INTO regions (id, name, parent_id, root_region_id)
                VALUES (22, 'Тункинские гольцы', NULL, NULL);
INSERT INTO regions (id, name, parent_id, root_region_id)
                VALUES (23, 'Абишира-Ахуба', NULL, NULL);
INSERT INTO regions (id, name, parent_id, root_region_id)
                VALUES (24, 'Основной хребет', NULL, NULL);
INSERT INTO regions (id, name, parent_id, root_region_id)
                VALUES (25, 'Тянь-Шань', NULL, NULL);
INSERT INTO regions (id, name, parent_id, root_region_id)
                VALUES (26, 'Центральный Тянь-Шань', NULL, NULL);
INSERT INTO regions (id, name, parent_id, root_region_id)
                VALUES (27, 'Хребет Терскей-Алатау', NULL, NULL);
INSERT INTO regions (id, name, parent_id, root_region_id)
                VALUES (28, 'Западная часть хребта Терскей-Алатау', NULL, NULL);
INSERT INTO regions (id, name, parent_id, root_region_id)
                VALUES (29, 'Центральная часть хребта Терскей-Алатау', NULL, NULL);
INSERT INTO regions (id, name, parent_id, root_region_id)
                VALUES (30, 'Основной хребет Терскей-Алатау (центральная часть)', NULL, NULL);
INSERT INTO regions (id, name, parent_id, root_region_id)
                VALUES (31, 'Памир и Памиро-Алай', NULL, NULL);
INSERT INTO regions (id, name, parent_id, root_region_id)
                VALUES (32, 'Памиро-Алай', NULL, NULL);
INSERT INTO regions (id, name, parent_id, root_region_id)
                VALUES (33, 'Матчинский горный узел', NULL, NULL);
INSERT INTO regions (id, name, parent_id, root_region_id)
                VALUES (34, 'Туркестанский хребет', NULL, NULL);
INSERT INTO regions (id, name, parent_id, root_region_id)
                VALUES (35, 'Заилийский Алатау и Кунгей', NULL, NULL);
INSERT INTO regions (id, name, parent_id, root_region_id)
                VALUES (36, 'Заилийский Алатау', NULL, NULL);
INSERT INTO regions (id, name, parent_id, root_region_id)
                VALUES (37, 'Северные отроги главного хребта Заилийского Алатау', NULL, NULL);
INSERT INTO regions (id, name, parent_id, root_region_id)
                VALUES (38, 'Малоалматинский отрог (Заилийский Алатау)', NULL, NULL);
INSERT INTO regions (id, name, parent_id, root_region_id)
                VALUES (39, 'Восточный Кавказ', NULL, NULL);
INSERT INTO regions (id, name, parent_id, root_region_id)
                VALUES (40, 'Самурский хребет и его отроги (Саладаг, Хултайдаг, Какыту, Джуфудаг)', NULL, NULL);
INSERT INTO regions (id, name, parent_id, root_region_id)
                VALUES (41, 'Алтай', NULL, NULL);
INSERT INTO regions (id, name, parent_id, root_region_id)
                VALUES (42, 'Катунский хребет', NULL, NULL);
INSERT INTO regions (id, name, parent_id, root_region_id)
                VALUES (43, 'Катунский хребет, Белухинский узел', NULL, NULL);
INSERT INTO regions (id, name, parent_id, root_region_id)
                VALUES (44, 'Гвандра', NULL, NULL);
INSERT INTO regions (id, name, parent_id, root_region_id)
                VALUES (45, 'Северные отроги Главного хребта в районе Гвандры', NULL, NULL);
INSERT INTO regions (id, name, parent_id, root_region_id)
                VALUES (46, 'Южно-Чуйский хребет', NULL, NULL);
INSERT INTO regions (id, name, parent_id, root_region_id)
                VALUES (47, 'Северные отроги Южно-Чуйского хребта', NULL, NULL);
INSERT INTO regions (id, name, parent_id, root_region_id)
                VALUES (48, 'Памир', NULL, NULL);
INSERT INTO regions (id, name, parent_id, root_region_id)
                VALUES (49, 'Зулумарт', NULL, NULL);
INSERT INTO regions (id, name, parent_id, root_region_id)
                VALUES (50, 'Северо-Чуйский хребет', NULL, NULL);
INSERT INTO regions (id, name, parent_id, root_region_id)
                VALUES (51, 'Чуйский хребет и северные отроги основного хребта', NULL, NULL);
INSERT INTO regions (id, name, parent_id, root_region_id)
                VALUES (52, 'Архыз, верховья Бзыби', NULL, NULL);
INSERT INTO regions (id, name, parent_id, root_region_id)
                VALUES (53, 'Главный хребет (Архыз)', NULL, NULL);
INSERT INTO regions (id, name, parent_id, root_region_id)
                VALUES (54, 'Джимарай, Казбек', NULL, NULL);
INSERT INTO regions (id, name, parent_id, root_region_id)
                VALUES (55, 'Главный хребет в районе Гвандры', NULL, NULL);
INSERT INTO regions (id, name, parent_id, root_region_id)
                VALUES (56, 'Теберда, Чхалта', NULL, NULL);
INSERT INTO regions (id, name, parent_id, root_region_id)
                VALUES (57, 'Хребет Гидам. Тебердинский хребет', NULL, NULL);
INSERT INTO regions (id, name, parent_id, root_region_id)
                VALUES (58, 'Северная Джунгария', NULL, NULL);
INSERT INTO regions (id, name, parent_id, root_region_id)
                VALUES (59, 'Памир Афганский и Восточный Гиндукуш', NULL, NULL);
INSERT INTO regions (id, name, parent_id, root_region_id)
                VALUES (60, 'Восточный Гиндукуш', NULL, NULL);
INSERT INTO regions (id, name, parent_id, root_region_id)
                VALUES (61, 'Киргизский хребет и Карамойнок', NULL, NULL);
INSERT INTO regions (id, name, parent_id, root_region_id)
                VALUES (62, 'Киргизский хребет', NULL, NULL);
INSERT INTO regions (id, name, parent_id, root_region_id)
                VALUES (63, 'Перевалы бассейна р. Аламедин (включая водораздел Аламедин - Ыссык-Ата)', NULL, NULL);
INSERT INTO regions (id, name, parent_id, root_region_id)
                VALUES (64, 'Главный Кавказский хребет (от Мамисонского перевала до Крестового)', NULL, NULL);
INSERT INTO regions (id, name, parent_id, root_region_id)
                VALUES (65, 'Западный Тянь-Шань', NULL, NULL);
INSERT INTO regions (id, name, parent_id, root_region_id)
                VALUES (66, 'Чаткальский хребет', NULL, NULL);
INSERT INTO regions (id, name, parent_id, root_region_id)
                VALUES (67, 'Хребет Академии наук', NULL, NULL);
INSERT INTO regions (id, name, parent_id, root_region_id)
                VALUES (68, 'Даутский Хребет', NULL, NULL);
INSERT INTO regions (id, name, parent_id, root_region_id)
                VALUES (69, 'Перевалы бассейна р. Ала-Арча (в том числе водораздел Ала-Арча - Аламедин)', NULL, NULL);
INSERT INTO regions (id, name, parent_id, root_region_id)
                VALUES (70, 'Фанские горы', NULL, NULL);
INSERT INTO regions (id, name, parent_id, root_region_id)
                VALUES (71, 'Адылсу, Адырсу, Чегем, Лекзыр, Твибер', NULL, NULL);
INSERT INTO regions (id, name, parent_id, root_region_id)
                VALUES (72, 'Главный Хребет от Юсеньги Узловой до Ортокары', NULL, NULL);
INSERT INTO regions (id, name, parent_id, root_region_id)
                VALUES (73, 'Памир Китайский', NULL, NULL);
INSERT INTO regions (id, name, parent_id, root_region_id)
                VALUES (74, 'Кингтау', NULL, NULL);
INSERT INTO regions (id, name, parent_id, root_region_id)
                VALUES (75, 'Караугом, Цей', NULL, NULL);
INSERT INTO regions (id, name, parent_id, root_region_id)
                VALUES (76, 'Сунтар-Хаята', NULL, NULL);
INSERT INTO regions (id, name, parent_id, root_region_id)
                VALUES (77, 'Заалайский хребет', NULL, NULL);
INSERT INTO regions (id, name, parent_id, root_region_id)
                VALUES (78, 'Южные отроги Заалайского хребта', NULL, NULL);
INSERT INTO regions (id, name, parent_id, root_region_id)
                VALUES (79, 'Восточная часть Центрального Тянь-Шаня', NULL, NULL);
INSERT INTO regions (id, name, parent_id, root_region_id)
                VALUES (80, 'Байкальский хребет', NULL, NULL);
INSERT INTO regions (id, name, parent_id, root_region_id)
                VALUES (81, 'Монгольские отроги Большого Саяна', NULL, NULL);
INSERT INTO regions (id, name, parent_id, root_region_id)
                VALUES (82, 'Мультинский узел', NULL, NULL);
INSERT INTO regions (id, name, parent_id, root_region_id)
                VALUES (83, 'Конгур-Музтаг', NULL, NULL);
INSERT INTO regions (id, name, parent_id, root_region_id)
                VALUES (84, 'Крым', NULL, NULL);
INSERT INTO regions (id, name, parent_id, root_region_id)
                VALUES (85, 'Главная гряда', NULL, NULL);
INSERT INTO regions (id, name, parent_id, root_region_id)
                VALUES (86, 'Байдарская яйла и отроги Байдарского массива', NULL, NULL);
INSERT INTO regions (id, name, parent_id, root_region_id)
                VALUES (87, 'Хребет Кокшаал-Тау', NULL, NULL);
INSERT INTO regions (id, name, parent_id, root_region_id)
                VALUES (88, 'Хребет Кокшаал-Тау от Узенгикуушского прорыва до р.Кокшаал (Аксай)', NULL, NULL);
INSERT INTO regions (id, name, parent_id, root_region_id)
                VALUES (89, 'Главный хребет Кокшаал-Тау от Узенгикуушского прорыва до р.Кокшаал (Аксай)', NULL, NULL);
INSERT INTO regions (id, name, parent_id, root_region_id)
                VALUES (90, 'Хребет Цалгмыл (южный отрог ГКХ)', NULL, NULL);
INSERT INTO regions (id, name, parent_id, root_region_id)
                VALUES (91, 'Дигория', NULL, NULL);
INSERT INTO regions (id, name, parent_id, root_region_id)
                VALUES (92, 'Массив Ак-Терек', NULL, NULL);
INSERT INTO regions (id, name, parent_id, root_region_id)
                VALUES (93, 'Кунгей-Алатау', NULL, NULL);
INSERT INTO regions (id, name, parent_id, root_region_id)
                VALUES (94, 'Основной хребет Кунгей-Алатау', NULL, NULL);
INSERT INTO regions (id, name, parent_id, root_region_id)
                VALUES (95, 'Центральный Саян', NULL, NULL);
INSERT INTO regions (id, name, parent_id, root_region_id)
                VALUES (96, 'Главный хребет (Теберда)', NULL, NULL);
INSERT INTO regions (id, name, parent_id, root_region_id)
                VALUES (97, 'Хребет Адырсу', NULL, NULL);
INSERT INTO regions (id, name, parent_id, root_region_id)
                VALUES (98, 'Центральная Джунгария', NULL, NULL);
INSERT INTO regions (id, name, parent_id, root_region_id)
                VALUES (99, 'Богосский хребет', NULL, NULL);
INSERT INTO regions (id, name, parent_id, root_region_id)
                VALUES (100, 'Гиссарский хребет (участок западнее перевала Анзоб)', NULL, NULL);
INSERT INTO regions (id, name, parent_id, root_region_id)
                VALUES (101, 'Южные отроги Гиссарского хребта', NULL, NULL);
INSERT INTO regions (id, name, parent_id, root_region_id)
                VALUES (102, 'Безенги, Цаннер, Халде, Мижирги, Дыхсу, Шхара', NULL, NULL);
INSERT INTO regions (id, name, parent_id, root_region_id)
                VALUES (103, 'Хребет Угвир (западный отрог ГКХ)', NULL, NULL);
INSERT INTO regions (id, name, parent_id, root_region_id)
                VALUES (104, 'Хребет Мунку-Сардык', NULL, NULL);
INSERT INTO regions (id, name, parent_id, root_region_id)
                VALUES (105, 'Катунский хребет, восточная часть', NULL, NULL);
INSERT INTO regions (id, name, parent_id, root_region_id)
                VALUES (106, 'Язгулемский хребет', NULL, NULL);
INSERT INTO regions (id, name, parent_id, root_region_id)
                VALUES (107, 'Северные отроги Язгулемского хребта, горы южной группы ледника Федченко, хребет Высокая стена', NULL, NULL);
INSERT INTO regions (id, name, parent_id, root_region_id)
                VALUES (108, 'Хребет Высокая стена', NULL, NULL);
INSERT INTO regions (id, name, parent_id, root_region_id)
                VALUES (109, 'Высокий Атлас', NULL, NULL);
INSERT INTO regions (id, name, parent_id, root_region_id)
                VALUES (110, 'Карагемский хребет и южные отроги основного хребта', NULL, NULL);
INSERT INTO regions (id, name, parent_id, root_region_id)
                VALUES (111, 'Западный Саян', NULL, NULL);
INSERT INTO regions (id, name, parent_id, root_region_id)
                VALUES (112, 'Хребет Ергаки', NULL, NULL);
INSERT INTO regions (id, name, parent_id, root_region_id)
                VALUES (113, 'Боковой хребет (группа Дыхтау-Коштантау) и его отроги', NULL, NULL);
INSERT INTO regions (id, name, parent_id, root_region_id)
                VALUES (114, 'Внешняя гряда', NULL, NULL);
INSERT INTO regions (id, name, parent_id, root_region_id)
                VALUES (115, 'Суган', NULL, NULL);
INSERT INTO regions (id, name, parent_id, root_region_id)
                VALUES (116, 'Шахдаринский хребет', NULL, NULL);
INSERT INTO regions (id, name, parent_id, root_region_id)
                VALUES (117, 'Главный хребет Терскей-Алатау (западная часть)', NULL, NULL);
INSERT INTO regions (id, name, parent_id, root_region_id)
                VALUES (118, 'Кичик-Алай и Восточный Алай', NULL, NULL);
INSERT INTO regions (id, name, parent_id, root_region_id)
                VALUES (119, 'Алайский хребет в районе Кичик-Алая', NULL, NULL);
INSERT INTO regions (id, name, parent_id, root_region_id)
                VALUES (120, 'Главный хребет Заилийского Алатау', NULL, NULL);
INSERT INTO regions (id, name, parent_id, root_region_id)
                VALUES (121, 'Основной Северо-Чуйский хребет (с отрогами)', NULL, NULL);
INSERT INTO regions (id, name, parent_id, root_region_id)
                VALUES (122, 'Софийский хребет', NULL, NULL);
INSERT INTO regions (id, name, parent_id, root_region_id)
                VALUES (123, 'Перевалы бассейна р.Кок-мойнок и Туюк (включая водораздел Туюк - Кагети)', NULL, NULL);
INSERT INTO regions (id, name, parent_id, root_region_id)
                VALUES (124, 'Высокий Алай', NULL, NULL);
INSERT INTO regions (id, name, parent_id, root_region_id)
                VALUES (125, 'Ледник Абрамова и хребет Текелик', NULL, NULL);
INSERT INTO regions (id, name, parent_id, root_region_id)
                VALUES (126, 'Массив  Акшийрак (Ак-Шыйрак)', NULL, NULL);
INSERT INTO regions (id, name, parent_id, root_region_id)
                VALUES (127, 'Хребет Каракая', NULL, NULL);
INSERT INTO regions (id, name, parent_id, root_region_id)
                VALUES (128, 'Северные отроги Гиссарского хребта', NULL, NULL);
INSERT INTO regions (id, name, parent_id, root_region_id)
                VALUES (129, 'Короткие северные отроги ГКХ (Теберда)', NULL, NULL);
INSERT INTO regions (id, name, parent_id, root_region_id)
                VALUES (130, 'Главный Хребет от Ортокары до Шаритау', NULL, NULL);
INSERT INTO regions (id, name, parent_id, root_region_id)
                VALUES (131, 'Язгулемский хребет (основной)', NULL, NULL);
INSERT INTO regions (id, name, parent_id, root_region_id)
                VALUES (132, 'Большая Лаба. Псху', NULL, NULL);
INSERT INTO regions (id, name, parent_id, root_region_id)
                VALUES (133, 'Хребет Анчха', NULL, NULL);
INSERT INTO regions (id, name, parent_id, root_region_id)
                VALUES (134, 'Южный Алтай', NULL, NULL);
INSERT INTO regions (id, name, parent_id, root_region_id)
                VALUES (135, 'Хребет Монгольский Алтай', NULL, NULL);
INSERT INTO regions (id, name, parent_id, root_region_id)
                VALUES (136, 'Ваханский хребет (Большой Памир)', NULL, NULL);
INSERT INTO regions (id, name, parent_id, root_region_id)
                VALUES (137, 'Главный хребет от Чиперазау до Юсенги Узловой', NULL, NULL);
INSERT INTO regions (id, name, parent_id, root_region_id)
                VALUES (138, 'Южные отроги Киргизского хребта', NULL, NULL);
INSERT INTO regions (id, name, parent_id, root_region_id)
                VALUES (139, 'Хребет Кокшаал-Тау от р. Сарыджаз до р. Чон-Узенгикууш', NULL, NULL);
INSERT INTO regions (id, name, parent_id, root_region_id)
                VALUES (140, 'Северные отроги хребта Кокшаал-Тау от р. Сарыджаз до р. Чон-Узенгикууш', NULL, NULL);
INSERT INTO regions (id, name, parent_id, root_region_id)
                VALUES (141, 'O50-105 верховья Большой Торы', NULL, NULL);
INSERT INTO regions (id, name, parent_id, root_region_id)
                VALUES (142, 'Хребет Петра Первого', NULL, NULL);
INSERT INTO regions (id, name, parent_id, root_region_id)
                VALUES (143, 'Северные и восточные отроги', NULL, NULL);
INSERT INTO regions (id, name, parent_id, root_region_id)
                VALUES (144, 'Хребет Сарыджаз', NULL, NULL);
INSERT INTO regions (id, name, parent_id, root_region_id)
                VALUES (145, 'Главный хребет в районе Красной поляны', NULL, NULL);
INSERT INTO regions (id, name, parent_id, root_region_id)
                VALUES (146, 'Хребет Штавлер (юго-юго-западный отрог ГКХ)', NULL, NULL);
INSERT INTO regions (id, name, parent_id, root_region_id)
                VALUES (147, 'Северные отроги хребта Петра Первого', NULL, NULL);
INSERT INTO regions (id, name, parent_id, root_region_id)
                VALUES (148, 'Алайский хребет (западная и центральная часть до Дугобы)', NULL, NULL);
INSERT INTO regions (id, name, parent_id, root_region_id)
                VALUES (149, 'Айлама', NULL, NULL);
INSERT INTO regions (id, name, parent_id, root_region_id)
                VALUES (150, 'Хребет Зулумарт. Западные отроги', NULL, NULL);
INSERT INTO regions (id, name, parent_id, root_region_id)
                VALUES (151, 'Ловозерские тундры', NULL, NULL);
INSERT INTO regions (id, name, parent_id, root_region_id)
                VALUES (152, 'Ай-Петринская яйла с отрогами', NULL, NULL);
INSERT INTO regions (id, name, parent_id, root_region_id)
                VALUES (153, 'Хребет Адылсу', NULL, NULL);
INSERT INTO regions (id, name, parent_id, root_region_id)
                VALUES (154, 'Хребет Иныльчектау', NULL, NULL);
INSERT INTO regions (id, name, parent_id, root_region_id)
                VALUES (155, 'Северные отроги Заалайского хребта', NULL, NULL);
INSERT INTO regions (id, name, parent_id, root_region_id)
                VALUES (156, 'O50-115 р.Сюльбан', NULL, NULL);
INSERT INTO regions (id, name, parent_id, root_region_id)
                VALUES (157, 'Дугоба', NULL, NULL);
INSERT INTO regions (id, name, parent_id, root_region_id)
                VALUES (158, 'Коллекторский хребет с отрогами', NULL, NULL);
INSERT INTO regions (id, name, parent_id, root_region_id)
                VALUES (159, 'Ферганский хребет', NULL, NULL);
INSERT INTO regions (id, name, parent_id, root_region_id)
                VALUES (160, 'Фишт-Оштеновский массив', NULL, NULL);
INSERT INTO regions (id, name, parent_id, root_region_id)
                VALUES (161, 'Хребет п.Кавказ (западный отрог ГКХ)', NULL, NULL);
INSERT INTO regions (id, name, parent_id, root_region_id)
                VALUES (162, 'Центральный Тянь-Шань - китайская часть', NULL, NULL);
INSERT INTO regions (id, name, parent_id, root_region_id)
                VALUES (163, 'Каргашильский хребет и его отроги', NULL, NULL);
INSERT INTO regions (id, name, parent_id, root_region_id)
                VALUES (164, 'Альпы', NULL, NULL);
INSERT INTO regions (id, name, parent_id, root_region_id)
                VALUES (165, 'Дарвазский хребет', NULL, NULL);
INSERT INTO regions (id, name, parent_id, root_region_id)
                VALUES (166, 'Хребты Ацунта и Тебулосский', NULL, NULL);
INSERT INTO regions (id, name, parent_id, root_region_id)
                VALUES (167, 'Тавр', NULL, NULL);
INSERT INTO regions (id, name, parent_id, root_region_id)
                VALUES (168, 'Аладаглар', NULL, NULL);
INSERT INTO regions (id, name, parent_id, root_region_id)
                VALUES (169, 'Ущелье Северный Димерказык', NULL, NULL);
INSERT INTO regions (id, name, parent_id, root_region_id)
                VALUES (170, 'Катунский хребет, Кураганский узел', NULL, NULL);
INSERT INTO regions (id, name, parent_id, root_region_id)
                VALUES (171, 'Кышхаджерский хребет', NULL, NULL);
INSERT INTO regions (id, name, parent_id, root_region_id)
                VALUES (172, 'Северные отроги центральной части  хребта Терскей-Алатау', NULL, NULL);
INSERT INTO regions (id, name, parent_id, root_region_id)
                VALUES (173, 'Хребты Ушбинский и Гульский (южные отроги Ушбы)', NULL, NULL);
INSERT INTO regions (id, name, parent_id, root_region_id)
                VALUES (174, 'Северные отроги хребта Кокшаал-Тау от Узенгикуушского прорыва до р.Кокшаал (Аксай)', NULL, NULL);
INSERT INTO regions (id, name, parent_id, root_region_id)
                VALUES (175, 'Северные отроги Главного хребта', NULL, NULL);
INSERT INTO regions (id, name, parent_id, root_region_id)
                VALUES (176, 'Хребет Чучхур', NULL, NULL);
INSERT INTO regions (id, name, parent_id, root_region_id)
                VALUES (177, 'Отроги Байдарской Яйлы', NULL, NULL);
INSERT INTO regions (id, name, parent_id, root_region_id)
                VALUES (178, 'Главный водораздел Киргизского хребта', NULL, NULL);
INSERT INTO regions (id, name, parent_id, root_region_id)
                VALUES (179, 'Ялтинская яйла', NULL, NULL);
INSERT INTO regions (id, name, parent_id, root_region_id)
                VALUES (180, 'Отроги Ялтинской яйлы', NULL, NULL);
INSERT INTO regions (id, name, parent_id, root_region_id)
                VALUES (181, 'Ферганский хребет (Южная часть)', NULL, NULL);
INSERT INTO regions (id, name, parent_id, root_region_id)
                VALUES (182, 'Ивановский хребет', NULL, NULL);
INSERT INTO regions (id, name, parent_id, root_region_id)
                VALUES (183, 'Хребет Болдошке или Бодорку', NULL, NULL);
INSERT INTO regions (id, name, parent_id, root_region_id)
                VALUES (184, 'Ущелье Базармут', NULL, NULL);
INSERT INTO regions (id, name, parent_id, root_region_id)
                VALUES (185, 'Горы южной группы Федченко', NULL, NULL);
INSERT INTO regions (id, name, parent_id, root_region_id)
                VALUES (186, 'Короткие северные отроги Главного хребта', NULL, NULL);
INSERT INTO regions (id, name, parent_id, root_region_id)
                VALUES (187, 'Массив Куйлю', NULL, NULL);
INSERT INTO regions (id, name, parent_id, root_region_id)
                VALUES (188, 'Полярный Урал', NULL, NULL);
INSERT INTO regions (id, name, parent_id, root_region_id)
                VALUES (189, 'Система р.Ракзоу', NULL, NULL);
INSERT INTO regions (id, name, parent_id, root_region_id)
                VALUES (190, 'Тепли', NULL, NULL);
INSERT INTO regions (id, name, parent_id, root_region_id)
                VALUES (191, 'Хребет Коштан-крест, отрог Тютюн', NULL, NULL);
INSERT INTO regions (id, name, parent_id, root_region_id)
                VALUES (192, 'Северные отроги Дарвазского хребта', NULL, NULL);
INSERT INTO regions (id, name, parent_id, root_region_id)
                VALUES (193, 'Хребет Чхуднер или Лакуца-Лаарткал (юго-западный отрог ГКХ)', NULL, NULL);
INSERT INTO regions (id, name, parent_id, root_region_id)
                VALUES (194, 'Сарымсакты', NULL, NULL);
INSERT INTO regions (id, name, parent_id, root_region_id)
                VALUES (195, 'Джамбульский отрог (Заилийский Алатау)', NULL, NULL);
INSERT INTO regions (id, name, parent_id, root_region_id)
                VALUES (196, 'Северо-Муйский и Делюн-Уранский хребты', NULL, NULL);
INSERT INTO regions (id, name, parent_id, root_region_id)
                VALUES (197, 'Таласский алатау', NULL, NULL);
INSERT INTO regions (id, name, parent_id, root_region_id)
                VALUES (198, 'Верхне-Ангарский хребет', NULL, NULL);
INSERT INTO regions (id, name, parent_id, root_region_id)
                VALUES (199, 'Чилико-Кеминская перемычка (Кунгей-Алатау)', NULL, NULL);
INSERT INTO regions (id, name, parent_id, root_region_id)
                VALUES (200, 'Дальний Восток', NULL, NULL);
INSERT INTO regions (id, name, parent_id, root_region_id)
                VALUES (201, 'Камчатка', NULL, NULL);
INSERT INTO regions (id, name, parent_id, root_region_id)
                VALUES (202, 'Южные отроги Южно-Чуйского хребта', NULL, NULL);
INSERT INTO regions (id, name, parent_id, root_region_id)
                VALUES (203, 'O50-104 р.Апсат', NULL, NULL);
INSERT INTO regions (id, name, parent_id, root_region_id)
                VALUES (204, 'Восточная  часть Шахдаринского хребта (район пиков К.Маркса и Ф.Энгельса)', NULL, NULL);
INSERT INTO regions (id, name, parent_id, root_region_id)
                VALUES (205, 'Хребты Ужум, Морг-Сырты', NULL, NULL);
INSERT INTO regions (id, name, parent_id, root_region_id)
                VALUES (206, 'Перевалы бассейна р.Ыссык-Ата (включая водораздел Ыссык-Ата - Кок-мойнок)', NULL, NULL);
INSERT INTO regions (id, name, parent_id, root_region_id)
                VALUES (207, 'Южные  отроги  центральной части хребта Терскей-Алатау', NULL, NULL);
INSERT INTO regions (id, name, parent_id, root_region_id)
                VALUES (208, 'Горный узел Такали, Туркестанский хребет', NULL, NULL);
INSERT INTO regions (id, name, parent_id, root_region_id)
                VALUES (209, 'Горный узел Такали', NULL, NULL);
INSERT INTO regions (id, name, parent_id, root_region_id)
                VALUES (210, 'Гиссарский хребет (участок восточнее перевала Анзоб)', NULL, NULL);
INSERT INTO regions (id, name, parent_id, root_region_id)
                VALUES (211, 'Южные отроги Язгулемского хребта', NULL, NULL);
INSERT INTO regions (id, name, parent_id, root_region_id)
                VALUES (212, 'Система р.Хабарвив-Хац (приток р.Бартанг)', NULL, NULL);
INSERT INTO regions (id, name, parent_id, root_region_id)
                VALUES (213, 'Южные отроги хребта Кокшаал-Тау от Узенгикуушского прорыва до р.Кокшаал (Аксай)', NULL, NULL);
INSERT INTO regions (id, name, parent_id, root_region_id)
                VALUES (214, 'Короткие южные отроги Главного хребта', NULL, NULL);
INSERT INTO regions (id, name, parent_id, root_region_id)
                VALUES (215, 'Хребет Джетим-Бель', NULL, NULL);
INSERT INTO regions (id, name, parent_id, root_region_id)
                VALUES (216, 'Восточная часть хребта Кок-Шаал-Тоо', NULL, NULL);
INSERT INTO regions (id, name, parent_id, root_region_id)
                VALUES (217, 'Северные отроги хребта Кок-Шаал-Тоо', NULL, NULL);
INSERT INTO regions (id, name, parent_id, root_region_id)
                VALUES (218, 'Узел пика Талгар (Заилийский Алатау)', NULL, NULL);
INSERT INTO regions (id, name, parent_id, root_region_id)
                VALUES (219, 'Южные и западные отроги', NULL, NULL);
INSERT INTO regions (id, name, parent_id, root_region_id)
                VALUES (220, 'Хребет Южный Алтай', NULL, NULL);
INSERT INTO regions (id, name, parent_id, root_region_id)
                VALUES (221, 'Главный хребет', NULL, NULL);
INSERT INTO regions (id, name, parent_id, root_region_id)
                VALUES (222, 'Северные отроги хребта Терскей-Алатау (западная часть)', NULL, NULL);
INSERT INTO regions (id, name, parent_id, root_region_id)
                VALUES (223, 'Район вершины Сарсал', NULL, NULL);
INSERT INTO regions (id, name, parent_id, root_region_id)
                VALUES (224, 'Пирикительский и Снеговой хребты', NULL, NULL);
INSERT INTO regions (id, name, parent_id, root_region_id)
                VALUES (225, 'Баргузинский хребет', NULL, NULL);
INSERT INTO regions (id, name, parent_id, root_region_id)
                VALUES (226, 'Южные отроги Дарвазского хребта', NULL, NULL);
INSERT INTO regions (id, name, parent_id, root_region_id)
                VALUES (227, 'Северный отрог в. Донгузорун', NULL, NULL);
INSERT INTO regions (id, name, parent_id, root_region_id)
                VALUES (228, 'Западные отроги Главного водораздела', NULL, NULL);
INSERT INTO regions (id, name, parent_id, root_region_id)
                VALUES (229, 'Южные отроги хребта Кунгей-Алатау', NULL, NULL);
INSERT INTO regions (id, name, parent_id, root_region_id)
                VALUES (230, 'Южные отргоки верш. Лидут', NULL, NULL);
INSERT INTO regions (id, name, parent_id, root_region_id)
                VALUES (231, 'Хребет Сайлюгем', NULL, NULL);
INSERT INTO regions (id, name, parent_id, root_region_id)
                VALUES (232, 'Алайский хребет в районе Дугобы', NULL, NULL);
INSERT INTO regions (id, name, parent_id, root_region_id)
                VALUES (233, 'Хребет Юсеньги', NULL, NULL);
INSERT INTO regions (id, name, parent_id, root_region_id)
                VALUES (234, 'O50-106 пос.Чапо-Олого', NULL, NULL);
INSERT INTO regions (id, name, parent_id, root_region_id)
                VALUES (235, 'Хребет Далла-Кора (юго-восточный отрог ГКХ)', NULL, NULL);
INSERT INTO regions (id, name, parent_id, root_region_id)
                VALUES (236, 'Массив Чатыр Даг', NULL, NULL);
INSERT INTO regions (id, name, parent_id, root_region_id)
                VALUES (237, 'Улугарттаг', NULL, NULL);
INSERT INTO regions (id, name, parent_id, root_region_id)
                VALUES (238, 'Восточный Алай', NULL, NULL);
INSERT INTO regions (id, name, parent_id, root_region_id)
                VALUES (239, 'Средняя Сибирь', NULL, NULL);
INSERT INTO regions (id, name, parent_id, root_region_id)
                VALUES (240, 'Плато Путорана', NULL, NULL);
INSERT INTO regions (id, name, parent_id, root_region_id)
                VALUES (241, 'Южные отроги главного хребта Заилийского Алатау', NULL, NULL);
INSERT INTO regions (id, name, parent_id, root_region_id)
                VALUES (242, 'Бассейн р.Чилик (Заилийский Алатау)', NULL, NULL);
INSERT INTO regions (id, name, parent_id, root_region_id)
                VALUES (243, 'Хребты Светгар, Асмаши, Гвалда (южный отрог Башильтау)', NULL, NULL);
INSERT INTO regions (id, name, parent_id, root_region_id)
                VALUES (244, 'Западная часть Алайского хребта (Тандыкуль-Янгидаван)', NULL, NULL);
INSERT INTO regions (id, name, parent_id, root_region_id)
                VALUES (245, 'Перемычка Башхаауз', NULL, NULL);
INSERT INTO regions (id, name, parent_id, root_region_id)
                VALUES (246, 'Район западнее р. Кокшаал', NULL, NULL);
INSERT INTO regions (id, name, parent_id, root_region_id)
                VALUES (247, 'Сары-Белес', NULL, NULL);
INSERT INTO regions (id, name, parent_id, root_region_id)
                VALUES (248, 'Хребет Кичик-Алай и его отроги', NULL, NULL);
INSERT INTO regions (id, name, parent_id, root_region_id)
                VALUES (249, 'Северный отрог Карабастау (Заилийский Алатау)', NULL, NULL);
INSERT INTO regions (id, name, parent_id, root_region_id)
                VALUES (250, 'Курайский хребет', NULL, NULL);
INSERT INTO regions (id, name, parent_id, root_region_id)
                VALUES (251, 'Ванчский хребет и отроги', NULL, NULL);
INSERT INTO regions (id, name, parent_id, root_region_id)
                VALUES (252, 'Перевалы бассейна р.Ноуруз (включая водораздел Ноуруз - Ыссык-Ата)', NULL, NULL);
INSERT INTO regions (id, name, parent_id, root_region_id)
                VALUES (253, 'Хребет Намкодра', NULL, NULL);
INSERT INTO regions (id, name, parent_id, root_region_id)
                VALUES (254, 'Хребет Хамар-Дабан', NULL, NULL);
INSERT INTO regions (id, name, parent_id, root_region_id)
                VALUES (255, 'Хребет Квамп (южный отрог ГКХ)', NULL, NULL);
INSERT INTO regions (id, name, parent_id, root_region_id)
                VALUES (256, 'Южные отроги Главного хребта', NULL, NULL);
INSERT INTO regions (id, name, parent_id, root_region_id)
                VALUES (257, 'Хребет Аркасара', NULL, NULL);
INSERT INTO regions (id, name, parent_id, root_region_id)
                VALUES (258, 'Хребет Терскей-Алатау (восточнее пер.Чон-Ашу)', NULL, NULL);
INSERT INTO regions (id, name, parent_id, root_region_id)
                VALUES (259, 'Хребты Куро, Шавана, Кидегани, Цейлам', NULL, NULL);
INSERT INTO regions (id, name, parent_id, root_region_id)
                VALUES (260, 'Хребет Каинды-Катта', NULL, NULL);
INSERT INTO regions (id, name, parent_id, root_region_id)
                VALUES (261, 'Южные отроги хребта Терскей-Алатау (западная часть)', NULL, NULL);
INSERT INTO regions (id, name, parent_id, root_region_id)
                VALUES (262, 'Хребет Северный Танымас', NULL, NULL);
INSERT INTO regions (id, name, parent_id, root_region_id)
                VALUES (263, 'Хребет Каретта (юго-западный отрог ГКХ)', NULL, NULL);
INSERT INTO regions (id, name, parent_id, root_region_id)
                VALUES (264, 'Хребет Адыртор', NULL, NULL);
INSERT INTO regions (id, name, parent_id, root_region_id)
                VALUES (265, 'Южные отроги восточной части Шахдаринского хребта', NULL, NULL);
INSERT INTO regions (id, name, parent_id, root_region_id)
                VALUES (266, 'Перевалы бассейна р.Кегети и Шамси', NULL, NULL);
INSERT INTO regions (id, name, parent_id, root_region_id)
                VALUES (267, 'Хребет Зулумарт. Восточные отроги', NULL, NULL);
INSERT INTO regions (id, name, parent_id, root_region_id)
                VALUES (268, 'Хребет Актау', NULL, NULL);
INSERT INTO regions (id, name, parent_id, root_region_id)
                VALUES (269, 'Сванетский хребет', NULL, NULL);
INSERT INTO regions (id, name, parent_id, root_region_id)
                VALUES (270, 'Северные отроги Сванетского хребта', NULL, NULL);
INSERT INTO regions (id, name, parent_id, root_region_id)
                VALUES (271, 'Ущелье Ялик', NULL, NULL);
INSERT INTO regions (id, name, parent_id, root_region_id)
                VALUES (272, 'Хребет Мысты-Баши и массив Кара-кая', NULL, NULL);
INSERT INTO regions (id, name, parent_id, root_region_id)
                VALUES (273, 'Зеравшанский хребет', NULL, NULL);
INSERT INTO regions (id, name, parent_id, root_region_id)
                VALUES (274, 'Северные отроги Зеравшанского хребта', NULL, NULL);
INSERT INTO regions (id, name, parent_id, root_region_id)
                VALUES (275, 'Берегового хребет', NULL, NULL);
INSERT INTO regions (id, name, parent_id, root_region_id)
                VALUES (276, 'Хребты Бишиней, Шалиб', NULL, NULL);
INSERT INTO regions (id, name, parent_id, root_region_id)
                VALUES (277, 'Главный Туркестанский хребет', NULL, NULL);
INSERT INTO regions (id, name, parent_id, root_region_id)
                VALUES (278, 'Хребет Тенгритаг', NULL, NULL);
INSERT INTO regions (id, name, parent_id, root_region_id)
                VALUES (279, 'Перевалы бассейна р. Сокулук (включая водораздел Сокулук - Ала-Арча)', NULL, NULL);
INSERT INTO regions (id, name, parent_id, root_region_id)
                VALUES (280, 'Хребет Чагетчат', NULL, NULL);
INSERT INTO regions (id, name, parent_id, root_region_id)
                VALUES (281, 'Атбаши', NULL, NULL);
INSERT INTO regions (id, name, parent_id, root_region_id)
                VALUES (282, 'Плато Едигель', NULL, NULL);
INSERT INTO regions (id, name, parent_id, root_region_id)
                VALUES (283, 'Ферганский хребет (Северо-западная часть; горы Баубашата, Исфанджайло, Кекиримтау)', NULL, NULL);
INSERT INTO regions (id, name, parent_id, root_region_id)
                VALUES (284, 'Хребет Курук-Сай', NULL, NULL);
INSERT INTO regions (id, name, parent_id, root_region_id)
                VALUES (285, 'Бассейны р.Узунагаш, р.Узун-Каргалы, р.Каскелен, р.Аксай, р.Проходная (р.Б. Алматинка)  (Заилийский Алатау)', NULL, NULL);
INSERT INTO regions (id, name, parent_id, root_region_id)
                VALUES (286, 'Хребет Бжедух (северный отрог ГКХ от в.Бжедух)', NULL, NULL);
INSERT INTO regions (id, name, parent_id, root_region_id)
                VALUES (287, 'Южные отроги', NULL, NULL);
INSERT INTO regions (id, name, parent_id, root_region_id)
                VALUES (288, 'Хребет Северный Танымас (основной)', NULL, NULL);
INSERT INTO regions (id, name, parent_id, root_region_id)
                VALUES (289, 'Северный Урал', NULL, NULL);
INSERT INTO regions (id, name, parent_id, root_region_id)
                VALUES (290, 'Атойнокский хребет', NULL, NULL);
INSERT INTO regions (id, name, parent_id, root_region_id)
                VALUES (291, 'Гурзуфская яйла', NULL, NULL);
INSERT INTO regions (id, name, parent_id, root_region_id)
                VALUES (292, 'Хребет Караджорга', NULL, NULL);
INSERT INTO regions (id, name, parent_id, root_region_id)
                VALUES (293, 'Хребет Каржантау', NULL, NULL);
INSERT INTO regions (id, name, parent_id, root_region_id)
                VALUES (294, 'Хребет Кулак (южный отрог Кулактау)', NULL, NULL);
INSERT INTO regions (id, name, parent_id, root_region_id)
                VALUES (295, 'Хребет Габулу', NULL, NULL);
INSERT INTO regions (id, name, parent_id, root_region_id)
                VALUES (296, 'Кексуйский хребет', NULL, NULL);
INSERT INTO regions (id, name, parent_id, root_region_id)
                VALUES (297, 'Восточная  часть Шахдаринского хребта', NULL, NULL);
INSERT INTO regions (id, name, parent_id, root_region_id)
                VALUES (298, 'Горы Санги-Навишта', NULL, NULL);
INSERT INTO regions (id, name, parent_id, root_region_id)
                VALUES (299, 'Китойские Гольцы', NULL, NULL);
INSERT INTO regions (id, name, parent_id, root_region_id)
                VALUES (300, 'Хребет Нукатль', NULL, NULL);
INSERT INTO regions (id, name, parent_id, root_region_id)
                VALUES (301, 'Район вершины Каранфиль', NULL, NULL);
INSERT INTO regions (id, name, parent_id, root_region_id)
                VALUES (302, 'Кодорский хребет', NULL, NULL);
INSERT INTO regions (id, name, parent_id, root_region_id)
                VALUES (303, 'Долина Мур', NULL, NULL);
INSERT INTO regions (id, name, parent_id, root_region_id)
                VALUES (304, 'Массив Бабуган', NULL, NULL);
INSERT INTO regions (id, name, parent_id, root_region_id)
                VALUES (305, 'Коянды-Тау', NULL, NULL);
INSERT INTO regions (id, name, parent_id, root_region_id)
                VALUES (306, 'Никитская яйла', NULL, NULL);
INSERT INTO regions (id, name, parent_id, root_region_id)
                VALUES (307, 'Яру-Шахдагский массив', NULL, NULL);
INSERT INTO regions (id, name, parent_id, root_region_id)
                VALUES (308, 'Восточные отроги Главного водораздела', NULL, NULL);
INSERT INTO regions (id, name, parent_id, root_region_id)
                VALUES (309, 'Главный хребет Кокшаал-Тау от р. Сарыджаз до р. Чон-Узенгикууш', NULL, NULL);
INSERT INTO regions (id, name, parent_id, root_region_id)
                VALUES (310, 'Ацетукско-Аибгинский хребет и его отроги', NULL, NULL);
INSERT INTO regions (id, name, parent_id, root_region_id)
                VALUES (311, 'Алайский хребет', NULL, NULL);
INSERT INTO regions (id, name, parent_id, root_region_id)
                VALUES (312, 'Шугнанский хребет', NULL, NULL);
INSERT INTO regions (id, name, parent_id, root_region_id)
                VALUES (313, 'Хребет Шугнанский', NULL, NULL);
INSERT INTO regions (id, name, parent_id, root_region_id)
                VALUES (314, 'Северо-Аличурский (Базардаринский) хребет', NULL, NULL);
INSERT INTO regions (id, name, parent_id, root_region_id)
                VALUES (315, 'Икатский и Муйские хребты южнее БАМа', NULL, NULL);
INSERT INTO regions (id, name, parent_id, root_region_id)
                VALUES (316, 'Главный Кавказский хребет (от г. Нацидри до г. Базардюзю)', NULL, NULL);
INSERT INTO regions (id, name, parent_id, root_region_id)
                VALUES (317, 'Сарыкольский хребет', NULL, NULL);
INSERT INTO regions (id, name, parent_id, root_region_id)
                VALUES (318, 'Фытнаргинский отрог', NULL, NULL);
INSERT INTO regions (id, name, parent_id, root_region_id)
                VALUES (319, 'Внутренняя гряда', NULL, NULL);
INSERT INTO regions (id, name, parent_id, root_region_id)
                VALUES (320, 'От Белогорска до Старого Крыма', NULL, NULL);
INSERT INTO regions (id, name, parent_id, root_region_id)
                VALUES (321, 'От Севастополя до Симферополя', NULL, NULL);
INSERT INTO regions (id, name, parent_id, root_region_id)
                VALUES (322, 'Восточные отроги Главного Кавказского хребта (хребты Кириоти, Кябяк, Шалбуздагский и др.)', NULL, NULL);
INSERT INTO regions (id, name, parent_id, root_region_id)
                VALUES (323, 'Северные отроги восточной части Шахдаринского хребта', NULL, NULL);
INSERT INTO regions (id, name, parent_id, root_region_id)
                VALUES (324, 'Ур.Гевенолугу', NULL, NULL);
INSERT INTO regions (id, name, parent_id, root_region_id)
                VALUES (325, 'Южные отроги хребта Петра Первого', NULL, NULL);
INSERT INTO regions (id, name, parent_id, root_region_id)
                VALUES (326, 'Система р.Язгулемдара (приток р.Бартанг)', NULL, NULL);
INSERT INTO regions (id, name, parent_id, root_region_id)
                VALUES (327, 'Бассейн р.Чон-Кемин (Заилийский Алатау)', NULL, NULL);
INSERT INTO regions (id, name, parent_id, root_region_id)
                VALUES (328, 'Якутия', NULL, NULL);
INSERT INTO regions (id, name, parent_id, root_region_id)
                VALUES (329, 'Пскемский хребет', NULL, NULL);
INSERT INTO regions (id, name, parent_id, root_region_id)
                VALUES (330, 'Массив Демерджи', NULL, NULL);
INSERT INTO regions (id, name, parent_id, root_region_id)
                VALUES (331, 'Карпаты', NULL, NULL);
INSERT INTO regions (id, name, parent_id, root_region_id)
                VALUES (332, 'Черногорский массив', NULL, NULL);
INSERT INTO regions (id, name, parent_id, root_region_id)
                VALUES (333, 'Северо-Восточная Сибирь', NULL, NULL);
INSERT INTO regions (id, name, parent_id, root_region_id)
                VALUES (334, 'Момско-Черский район', NULL, NULL);
INSERT INTO regions (id, name, parent_id, root_region_id)
                VALUES (335, 'Хребет Черского', NULL, NULL);
INSERT INTO regions (id, name, parent_id, root_region_id)
                VALUES (336, 'Корякский район', NULL, NULL);
INSERT INTO regions (id, name, parent_id, root_region_id)
                VALUES (337, 'Кузнецкий Алатау', NULL, NULL);
INSERT INTO regions (id, name, parent_id, root_region_id)
                VALUES (338, 'Южный Урал', NULL, NULL);
INSERT INTO regions (id, name, parent_id, root_region_id)
                VALUES (339, 'Карелия', NULL, NULL);
INSERT INTO regions (id, name, parent_id, root_region_id)
                VALUES (340, 'Таймыр и Анабар', NULL, NULL);
INSERT INTO regions (id, name, parent_id, root_region_id)
                VALUES (341, 'Западная Сибирь', NULL, NULL);
INSERT INTO regions (id, name, parent_id, root_region_id)
                VALUES (342, 'Средняя и южная части Западной Сибири', NULL, NULL);
INSERT INTO regions (id, name, parent_id, root_region_id)
                VALUES (343, 'Средний Урал', NULL, NULL);
INSERT INTO regions (id, name, parent_id, root_region_id)
                VALUES (344, 'Средняя Азия', NULL, NULL);
INSERT INTO regions (id, name, parent_id, root_region_id)
                VALUES (345, 'Восточно-Европейская равнина', NULL, NULL);
INSERT INTO regions (id, name, parent_id, root_region_id)
                VALUES (346, 'Север Восточно-Европейской равнины', NULL, NULL);
INSERT INTO regions (id, name, parent_id, root_region_id)
                VALUES (347, 'Тыва', NULL, NULL);
INSERT INTO regions (id, name, parent_id, root_region_id)
                VALUES (348, 'Островная Арктика', NULL, NULL);
INSERT INTO regions (id, name, parent_id, root_region_id)
                VALUES (349, 'Северная Земля', NULL, NULL);
INSERT INTO regions (id, name, parent_id, root_region_id)
                VALUES (350, 'Средняя часть Восточно-Европейской равнины', NULL, NULL);
INSERT INTO regions (id, name, parent_id, root_region_id)
                VALUES (351, 'Рушанский хребет', NULL, NULL);
INSERT INTO regions (id, name, parent_id, root_region_id)
                VALUES (352, 'Юго-Восток Восточно-Европейской равнины', NULL, NULL);
INSERT INTO regions (id, name, parent_id, root_region_id)
                VALUES (353, 'Чукотка', NULL, NULL);
INSERT INTO regions (id, name, parent_id, root_region_id)
                VALUES (354, 'Армянское нагорье', NULL, NULL);
INSERT INTO regions (id, name, parent_id, root_region_id)
                VALUES (355, 'Сахалин', NULL, NULL);

-- Update parent relationships
UPDATE regions 
                    SET parent_id = 1,
                        root_region_id = (
                            WITH RECURSIVE region_hierarchy AS (
                                SELECT id, parent_id, id as root_id
                                FROM regions
                                WHERE id = 1
                                UNION ALL
                                SELECT r.id, r.parent_id, rh.root_id
                                FROM regions r
                                JOIN region_hierarchy rh ON r.id = rh.parent_id
                            )
                            SELECT root_id FROM region_hierarchy 
                            WHERE parent_id IS NULL
                            LIMIT 1
                        )
                    WHERE id = 2;
UPDATE regions 
                    SET parent_id = 4,
                        root_region_id = (
                            WITH RECURSIVE region_hierarchy AS (
                                SELECT id, parent_id, id as root_id
                                FROM regions
                                WHERE id = 4
                                UNION ALL
                                SELECT r.id, r.parent_id, rh.root_id
                                FROM regions r
                                JOIN region_hierarchy rh ON r.id = rh.parent_id
                            )
                            SELECT root_id FROM region_hierarchy 
                            WHERE parent_id IS NULL
                            LIMIT 1
                        )
                    WHERE id = 5;
UPDATE regions 
                    SET parent_id = 5,
                        root_region_id = (
                            WITH RECURSIVE region_hierarchy AS (
                                SELECT id, parent_id, id as root_id
                                FROM regions
                                WHERE id = 5
                                UNION ALL
                                SELECT r.id, r.parent_id, rh.root_id
                                FROM regions r
                                JOIN region_hierarchy rh ON r.id = rh.parent_id
                            )
                            SELECT root_id FROM region_hierarchy 
                            WHERE parent_id IS NULL
                            LIMIT 1
                        )
                    WHERE id = 6;
UPDATE regions 
                    SET parent_id = 7,
                        root_region_id = (
                            WITH RECURSIVE region_hierarchy AS (
                                SELECT id, parent_id, id as root_id
                                FROM regions
                                WHERE id = 7
                                UNION ALL
                                SELECT r.id, r.parent_id, rh.root_id
                                FROM regions r
                                JOIN region_hierarchy rh ON r.id = rh.parent_id
                            )
                            SELECT root_id FROM region_hierarchy 
                            WHERE parent_id IS NULL
                            LIMIT 1
                        )
                    WHERE id = 8;
UPDATE regions 
                    SET parent_id = 8,
                        root_region_id = (
                            WITH RECURSIVE region_hierarchy AS (
                                SELECT id, parent_id, id as root_id
                                FROM regions
                                WHERE id = 8
                                UNION ALL
                                SELECT r.id, r.parent_id, rh.root_id
                                FROM regions r
                                JOIN region_hierarchy rh ON r.id = rh.parent_id
                            )
                            SELECT root_id FROM region_hierarchy 
                            WHERE parent_id IS NULL
                            LIMIT 1
                        )
                    WHERE id = 9;
UPDATE regions 
                    SET parent_id = 9,
                        root_region_id = (
                            WITH RECURSIVE region_hierarchy AS (
                                SELECT id, parent_id, id as root_id
                                FROM regions
                                WHERE id = 9
                                UNION ALL
                                SELECT r.id, r.parent_id, rh.root_id
                                FROM regions r
                                JOIN region_hierarchy rh ON r.id = rh.parent_id
                            )
                            SELECT root_id FROM region_hierarchy 
                            WHERE parent_id IS NULL
                            LIMIT 1
                        )
                    WHERE id = 10;
UPDATE regions 
                    SET parent_id = 7,
                        root_region_id = (
                            WITH RECURSIVE region_hierarchy AS (
                                SELECT id, parent_id, id as root_id
                                FROM regions
                                WHERE id = 7
                                UNION ALL
                                SELECT r.id, r.parent_id, rh.root_id
                                FROM regions r
                                JOIN region_hierarchy rh ON r.id = rh.parent_id
                            )
                            SELECT root_id FROM region_hierarchy 
                            WHERE parent_id IS NULL
                            LIMIT 1
                        )
                    WHERE id = 11;
UPDATE regions 
                    SET parent_id = 11,
                        root_region_id = (
                            WITH RECURSIVE region_hierarchy AS (
                                SELECT id, parent_id, id as root_id
                                FROM regions
                                WHERE id = 11
                                UNION ALL
                                SELECT r.id, r.parent_id, rh.root_id
                                FROM regions r
                                JOIN region_hierarchy rh ON r.id = rh.parent_id
                            )
                            SELECT root_id FROM region_hierarchy 
                            WHERE parent_id IS NULL
                            LIMIT 1
                        )
                    WHERE id = 12;
UPDATE regions 
                    SET parent_id = 12,
                        root_region_id = (
                            WITH RECURSIVE region_hierarchy AS (
                                SELECT id, parent_id, id as root_id
                                FROM regions
                                WHERE id = 12
                                UNION ALL
                                SELECT r.id, r.parent_id, rh.root_id
                                FROM regions r
                                JOIN region_hierarchy rh ON r.id = rh.parent_id
                            )
                            SELECT root_id FROM region_hierarchy 
                            WHERE parent_id IS NULL
                            LIMIT 1
                        )
                    WHERE id = 13;
UPDATE regions 
                    SET parent_id = 14,
                        root_region_id = (
                            WITH RECURSIVE region_hierarchy AS (
                                SELECT id, parent_id, id as root_id
                                FROM regions
                                WHERE id = 14
                                UNION ALL
                                SELECT r.id, r.parent_id, rh.root_id
                                FROM regions r
                                JOIN region_hierarchy rh ON r.id = rh.parent_id
                            )
                            SELECT root_id FROM region_hierarchy 
                            WHERE parent_id IS NULL
                            LIMIT 1
                        )
                    WHERE id = 15;
UPDATE regions 
                    SET parent_id = 15,
                        root_region_id = (
                            WITH RECURSIVE region_hierarchy AS (
                                SELECT id, parent_id, id as root_id
                                FROM regions
                                WHERE id = 15
                                UNION ALL
                                SELECT r.id, r.parent_id, rh.root_id
                                FROM regions r
                                JOIN region_hierarchy rh ON r.id = rh.parent_id
                            )
                            SELECT root_id FROM region_hierarchy 
                            WHERE parent_id IS NULL
                            LIMIT 1
                        )
                    WHERE id = 16;
UPDATE regions 
                    SET parent_id = 17,
                        root_region_id = (
                            WITH RECURSIVE region_hierarchy AS (
                                SELECT id, parent_id, id as root_id
                                FROM regions
                                WHERE id = 17
                                UNION ALL
                                SELECT r.id, r.parent_id, rh.root_id
                                FROM regions r
                                JOIN region_hierarchy rh ON r.id = rh.parent_id
                            )
                            SELECT root_id FROM region_hierarchy 
                            WHERE parent_id IS NULL
                            LIMIT 1
                        )
                    WHERE id = 18;
UPDATE regions 
                    SET parent_id = 18,
                        root_region_id = (
                            WITH RECURSIVE region_hierarchy AS (
                                SELECT id, parent_id, id as root_id
                                FROM regions
                                WHERE id = 18
                                UNION ALL
                                SELECT r.id, r.parent_id, rh.root_id
                                FROM regions r
                                JOIN region_hierarchy rh ON r.id = rh.parent_id
                            )
                            SELECT root_id FROM region_hierarchy 
                            WHERE parent_id IS NULL
                            LIMIT 1
                        )
                    WHERE id = 19;
UPDATE regions 
                    SET parent_id = 20,
                        root_region_id = (
                            WITH RECURSIVE region_hierarchy AS (
                                SELECT id, parent_id, id as root_id
                                FROM regions
                                WHERE id = 20
                                UNION ALL
                                SELECT r.id, r.parent_id, rh.root_id
                                FROM regions r
                                JOIN region_hierarchy rh ON r.id = rh.parent_id
                            )
                            SELECT root_id FROM region_hierarchy 
                            WHERE parent_id IS NULL
                            LIMIT 1
                        )
                    WHERE id = 21;
UPDATE regions 
                    SET parent_id = 21,
                        root_region_id = (
                            WITH RECURSIVE region_hierarchy AS (
                                SELECT id, parent_id, id as root_id
                                FROM regions
                                WHERE id = 21
                                UNION ALL
                                SELECT r.id, r.parent_id, rh.root_id
                                FROM regions r
                                JOIN region_hierarchy rh ON r.id = rh.parent_id
                            )
                            SELECT root_id FROM region_hierarchy 
                            WHERE parent_id IS NULL
                            LIMIT 1
                        )
                    WHERE id = 22;
UPDATE regions 
                    SET parent_id = 11,
                        root_region_id = (
                            WITH RECURSIVE region_hierarchy AS (
                                SELECT id, parent_id, id as root_id
                                FROM regions
                                WHERE id = 11
                                UNION ALL
                                SELECT r.id, r.parent_id, rh.root_id
                                FROM regions r
                                JOIN region_hierarchy rh ON r.id = rh.parent_id
                            )
                            SELECT root_id FROM region_hierarchy 
                            WHERE parent_id IS NULL
                            LIMIT 1
                        )
                    WHERE id = 23;
UPDATE regions 
                    SET parent_id = 23,
                        root_region_id = (
                            WITH RECURSIVE region_hierarchy AS (
                                SELECT id, parent_id, id as root_id
                                FROM regions
                                WHERE id = 23
                                UNION ALL
                                SELECT r.id, r.parent_id, rh.root_id
                                FROM regions r
                                JOIN region_hierarchy rh ON r.id = rh.parent_id
                            )
                            SELECT root_id FROM region_hierarchy 
                            WHERE parent_id IS NULL
                            LIMIT 1
                        )
                    WHERE id = 24;
UPDATE regions 
                    SET parent_id = 25,
                        root_region_id = (
                            WITH RECURSIVE region_hierarchy AS (
                                SELECT id, parent_id, id as root_id
                                FROM regions
                                WHERE id = 25
                                UNION ALL
                                SELECT r.id, r.parent_id, rh.root_id
                                FROM regions r
                                JOIN region_hierarchy rh ON r.id = rh.parent_id
                            )
                            SELECT root_id FROM region_hierarchy 
                            WHERE parent_id IS NULL
                            LIMIT 1
                        )
                    WHERE id = 26;
UPDATE regions 
                    SET parent_id = 26,
                        root_region_id = (
                            WITH RECURSIVE region_hierarchy AS (
                                SELECT id, parent_id, id as root_id
                                FROM regions
                                WHERE id = 26
                                UNION ALL
                                SELECT r.id, r.parent_id, rh.root_id
                                FROM regions r
                                JOIN region_hierarchy rh ON r.id = rh.parent_id
                            )
                            SELECT root_id FROM region_hierarchy 
                            WHERE parent_id IS NULL
                            LIMIT 1
                        )
                    WHERE id = 27;
UPDATE regions 
                    SET parent_id = 27,
                        root_region_id = (
                            WITH RECURSIVE region_hierarchy AS (
                                SELECT id, parent_id, id as root_id
                                FROM regions
                                WHERE id = 27
                                UNION ALL
                                SELECT r.id, r.parent_id, rh.root_id
                                FROM regions r
                                JOIN region_hierarchy rh ON r.id = rh.parent_id
                            )
                            SELECT root_id FROM region_hierarchy 
                            WHERE parent_id IS NULL
                            LIMIT 1
                        )
                    WHERE id = 28;
UPDATE regions 
                    SET parent_id = 27,
                        root_region_id = (
                            WITH RECURSIVE region_hierarchy AS (
                                SELECT id, parent_id, id as root_id
                                FROM regions
                                WHERE id = 27
                                UNION ALL
                                SELECT r.id, r.parent_id, rh.root_id
                                FROM regions r
                                JOIN region_hierarchy rh ON r.id = rh.parent_id
                            )
                            SELECT root_id FROM region_hierarchy 
                            WHERE parent_id IS NULL
                            LIMIT 1
                        )
                    WHERE id = 29;
UPDATE regions 
                    SET parent_id = 29,
                        root_region_id = (
                            WITH RECURSIVE region_hierarchy AS (
                                SELECT id, parent_id, id as root_id
                                FROM regions
                                WHERE id = 29
                                UNION ALL
                                SELECT r.id, r.parent_id, rh.root_id
                                FROM regions r
                                JOIN region_hierarchy rh ON r.id = rh.parent_id
                            )
                            SELECT root_id FROM region_hierarchy 
                            WHERE parent_id IS NULL
                            LIMIT 1
                        )
                    WHERE id = 30;
UPDATE regions 
                    SET parent_id = 31,
                        root_region_id = (
                            WITH RECURSIVE region_hierarchy AS (
                                SELECT id, parent_id, id as root_id
                                FROM regions
                                WHERE id = 31
                                UNION ALL
                                SELECT r.id, r.parent_id, rh.root_id
                                FROM regions r
                                JOIN region_hierarchy rh ON r.id = rh.parent_id
                            )
                            SELECT root_id FROM region_hierarchy 
                            WHERE parent_id IS NULL
                            LIMIT 1
                        )
                    WHERE id = 32;
UPDATE regions 
                    SET parent_id = 32,
                        root_region_id = (
                            WITH RECURSIVE region_hierarchy AS (
                                SELECT id, parent_id, id as root_id
                                FROM regions
                                WHERE id = 32
                                UNION ALL
                                SELECT r.id, r.parent_id, rh.root_id
                                FROM regions r
                                JOIN region_hierarchy rh ON r.id = rh.parent_id
                            )
                            SELECT root_id FROM region_hierarchy 
                            WHERE parent_id IS NULL
                            LIMIT 1
                        )
                    WHERE id = 33;
UPDATE regions 
                    SET parent_id = 33,
                        root_region_id = (
                            WITH RECURSIVE region_hierarchy AS (
                                SELECT id, parent_id, id as root_id
                                FROM regions
                                WHERE id = 33
                                UNION ALL
                                SELECT r.id, r.parent_id, rh.root_id
                                FROM regions r
                                JOIN region_hierarchy rh ON r.id = rh.parent_id
                            )
                            SELECT root_id FROM region_hierarchy 
                            WHERE parent_id IS NULL
                            LIMIT 1
                        )
                    WHERE id = 34;
UPDATE regions 
                    SET parent_id = 25,
                        root_region_id = (
                            WITH RECURSIVE region_hierarchy AS (
                                SELECT id, parent_id, id as root_id
                                FROM regions
                                WHERE id = 25
                                UNION ALL
                                SELECT r.id, r.parent_id, rh.root_id
                                FROM regions r
                                JOIN region_hierarchy rh ON r.id = rh.parent_id
                            )
                            SELECT root_id FROM region_hierarchy 
                            WHERE parent_id IS NULL
                            LIMIT 1
                        )
                    WHERE id = 35;
UPDATE regions 
                    SET parent_id = 35,
                        root_region_id = (
                            WITH RECURSIVE region_hierarchy AS (
                                SELECT id, parent_id, id as root_id
                                FROM regions
                                WHERE id = 35
                                UNION ALL
                                SELECT r.id, r.parent_id, rh.root_id
                                FROM regions r
                                JOIN region_hierarchy rh ON r.id = rh.parent_id
                            )
                            SELECT root_id FROM region_hierarchy 
                            WHERE parent_id IS NULL
                            LIMIT 1
                        )
                    WHERE id = 36;
UPDATE regions 
                    SET parent_id = 36,
                        root_region_id = (
                            WITH RECURSIVE region_hierarchy AS (
                                SELECT id, parent_id, id as root_id
                                FROM regions
                                WHERE id = 36
                                UNION ALL
                                SELECT r.id, r.parent_id, rh.root_id
                                FROM regions r
                                JOIN region_hierarchy rh ON r.id = rh.parent_id
                            )
                            SELECT root_id FROM region_hierarchy 
                            WHERE parent_id IS NULL
                            LIMIT 1
                        )
                    WHERE id = 37;
UPDATE regions 
                    SET parent_id = 37,
                        root_region_id = (
                            WITH RECURSIVE region_hierarchy AS (
                                SELECT id, parent_id, id as root_id
                                FROM regions
                                WHERE id = 37
                                UNION ALL
                                SELECT r.id, r.parent_id, rh.root_id
                                FROM regions r
                                JOIN region_hierarchy rh ON r.id = rh.parent_id
                            )
                            SELECT root_id FROM region_hierarchy 
                            WHERE parent_id IS NULL
                            LIMIT 1
                        )
                    WHERE id = 38;
UPDATE regions 
                    SET parent_id = 7,
                        root_region_id = (
                            WITH RECURSIVE region_hierarchy AS (
                                SELECT id, parent_id, id as root_id
                                FROM regions
                                WHERE id = 7
                                UNION ALL
                                SELECT r.id, r.parent_id, rh.root_id
                                FROM regions r
                                JOIN region_hierarchy rh ON r.id = rh.parent_id
                            )
                            SELECT root_id FROM region_hierarchy 
                            WHERE parent_id IS NULL
                            LIMIT 1
                        )
                    WHERE id = 39;
UPDATE regions 
                    SET parent_id = 39,
                        root_region_id = (
                            WITH RECURSIVE region_hierarchy AS (
                                SELECT id, parent_id, id as root_id
                                FROM regions
                                WHERE id = 39
                                UNION ALL
                                SELECT r.id, r.parent_id, rh.root_id
                                FROM regions r
                                JOIN region_hierarchy rh ON r.id = rh.parent_id
                            )
                            SELECT root_id FROM region_hierarchy 
                            WHERE parent_id IS NULL
                            LIMIT 1
                        )
                    WHERE id = 40;
UPDATE regions 
                    SET parent_id = 41,
                        root_region_id = (
                            WITH RECURSIVE region_hierarchy AS (
                                SELECT id, parent_id, id as root_id
                                FROM regions
                                WHERE id = 41
                                UNION ALL
                                SELECT r.id, r.parent_id, rh.root_id
                                FROM regions r
                                JOIN region_hierarchy rh ON r.id = rh.parent_id
                            )
                            SELECT root_id FROM region_hierarchy 
                            WHERE parent_id IS NULL
                            LIMIT 1
                        )
                    WHERE id = 42;
UPDATE regions 
                    SET parent_id = 42,
                        root_region_id = (
                            WITH RECURSIVE region_hierarchy AS (
                                SELECT id, parent_id, id as root_id
                                FROM regions
                                WHERE id = 42
                                UNION ALL
                                SELECT r.id, r.parent_id, rh.root_id
                                FROM regions r
                                JOIN region_hierarchy rh ON r.id = rh.parent_id
                            )
                            SELECT root_id FROM region_hierarchy 
                            WHERE parent_id IS NULL
                            LIMIT 1
                        )
                    WHERE id = 43;
UPDATE regions 
                    SET parent_id = 11,
                        root_region_id = (
                            WITH RECURSIVE region_hierarchy AS (
                                SELECT id, parent_id, id as root_id
                                FROM regions
                                WHERE id = 11
                                UNION ALL
                                SELECT r.id, r.parent_id, rh.root_id
                                FROM regions r
                                JOIN region_hierarchy rh ON r.id = rh.parent_id
                            )
                            SELECT root_id FROM region_hierarchy 
                            WHERE parent_id IS NULL
                            LIMIT 1
                        )
                    WHERE id = 44;
UPDATE regions 
                    SET parent_id = 44,
                        root_region_id = (
                            WITH RECURSIVE region_hierarchy AS (
                                SELECT id, parent_id, id as root_id
                                FROM regions
                                WHERE id = 44
                                UNION ALL
                                SELECT r.id, r.parent_id, rh.root_id
                                FROM regions r
                                JOIN region_hierarchy rh ON r.id = rh.parent_id
                            )
                            SELECT root_id FROM region_hierarchy 
                            WHERE parent_id IS NULL
                            LIMIT 1
                        )
                    WHERE id = 45;
UPDATE regions 
                    SET parent_id = 41,
                        root_region_id = (
                            WITH RECURSIVE region_hierarchy AS (
                                SELECT id, parent_id, id as root_id
                                FROM regions
                                WHERE id = 41
                                UNION ALL
                                SELECT r.id, r.parent_id, rh.root_id
                                FROM regions r
                                JOIN region_hierarchy rh ON r.id = rh.parent_id
                            )
                            SELECT root_id FROM region_hierarchy 
                            WHERE parent_id IS NULL
                            LIMIT 1
                        )
                    WHERE id = 46;
UPDATE regions 
                    SET parent_id = 46,
                        root_region_id = (
                            WITH RECURSIVE region_hierarchy AS (
                                SELECT id, parent_id, id as root_id
                                FROM regions
                                WHERE id = 46
                                UNION ALL
                                SELECT r.id, r.parent_id, rh.root_id
                                FROM regions r
                                JOIN region_hierarchy rh ON r.id = rh.parent_id
                            )
                            SELECT root_id FROM region_hierarchy 
                            WHERE parent_id IS NULL
                            LIMIT 1
                        )
                    WHERE id = 47;
UPDATE regions 
                    SET parent_id = 31,
                        root_region_id = (
                            WITH RECURSIVE region_hierarchy AS (
                                SELECT id, parent_id, id as root_id
                                FROM regions
                                WHERE id = 31
                                UNION ALL
                                SELECT r.id, r.parent_id, rh.root_id
                                FROM regions r
                                JOIN region_hierarchy rh ON r.id = rh.parent_id
                            )
                            SELECT root_id FROM region_hierarchy 
                            WHERE parent_id IS NULL
                            LIMIT 1
                        )
                    WHERE id = 48;
UPDATE regions 
                    SET parent_id = 48,
                        root_region_id = (
                            WITH RECURSIVE region_hierarchy AS (
                                SELECT id, parent_id, id as root_id
                                FROM regions
                                WHERE id = 48
                                UNION ALL
                                SELECT r.id, r.parent_id, rh.root_id
                                FROM regions r
                                JOIN region_hierarchy rh ON r.id = rh.parent_id
                            )
                            SELECT root_id FROM region_hierarchy 
                            WHERE parent_id IS NULL
                            LIMIT 1
                        )
                    WHERE id = 49;
UPDATE regions 
                    SET parent_id = 41,
                        root_region_id = (
                            WITH RECURSIVE region_hierarchy AS (
                                SELECT id, parent_id, id as root_id
                                FROM regions
                                WHERE id = 41
                                UNION ALL
                                SELECT r.id, r.parent_id, rh.root_id
                                FROM regions r
                                JOIN region_hierarchy rh ON r.id = rh.parent_id
                            )
                            SELECT root_id FROM region_hierarchy 
                            WHERE parent_id IS NULL
                            LIMIT 1
                        )
                    WHERE id = 50;
UPDATE regions 
                    SET parent_id = 50,
                        root_region_id = (
                            WITH RECURSIVE region_hierarchy AS (
                                SELECT id, parent_id, id as root_id
                                FROM regions
                                WHERE id = 50
                                UNION ALL
                                SELECT r.id, r.parent_id, rh.root_id
                                FROM regions r
                                JOIN region_hierarchy rh ON r.id = rh.parent_id
                            )
                            SELECT root_id FROM region_hierarchy 
                            WHERE parent_id IS NULL
                            LIMIT 1
                        )
                    WHERE id = 51;
UPDATE regions 
                    SET parent_id = 11,
                        root_region_id = (
                            WITH RECURSIVE region_hierarchy AS (
                                SELECT id, parent_id, id as root_id
                                FROM regions
                                WHERE id = 11
                                UNION ALL
                                SELECT r.id, r.parent_id, rh.root_id
                                FROM regions r
                                JOIN region_hierarchy rh ON r.id = rh.parent_id
                            )
                            SELECT root_id FROM region_hierarchy 
                            WHERE parent_id IS NULL
                            LIMIT 1
                        )
                    WHERE id = 52;
UPDATE regions 
                    SET parent_id = 52,
                        root_region_id = (
                            WITH RECURSIVE region_hierarchy AS (
                                SELECT id, parent_id, id as root_id
                                FROM regions
                                WHERE id = 52
                                UNION ALL
                                SELECT r.id, r.parent_id, rh.root_id
                                FROM regions r
                                JOIN region_hierarchy rh ON r.id = rh.parent_id
                            )
                            SELECT root_id FROM region_hierarchy 
                            WHERE parent_id IS NULL
                            LIMIT 1
                        )
                    WHERE id = 53;
UPDATE regions 
                    SET parent_id = 8,
                        root_region_id = (
                            WITH RECURSIVE region_hierarchy AS (
                                SELECT id, parent_id, id as root_id
                                FROM regions
                                WHERE id = 8
                                UNION ALL
                                SELECT r.id, r.parent_id, rh.root_id
                                FROM regions r
                                JOIN region_hierarchy rh ON r.id = rh.parent_id
                            )
                            SELECT root_id FROM region_hierarchy 
                            WHERE parent_id IS NULL
                            LIMIT 1
                        )
                    WHERE id = 54;
UPDATE regions 
                    SET parent_id = 44,
                        root_region_id = (
                            WITH RECURSIVE region_hierarchy AS (
                                SELECT id, parent_id, id as root_id
                                FROM regions
                                WHERE id = 44
                                UNION ALL
                                SELECT r.id, r.parent_id, rh.root_id
                                FROM regions r
                                JOIN region_hierarchy rh ON r.id = rh.parent_id
                            )
                            SELECT root_id FROM region_hierarchy 
                            WHERE parent_id IS NULL
                            LIMIT 1
                        )
                    WHERE id = 55;
UPDATE regions 
                    SET parent_id = 11,
                        root_region_id = (
                            WITH RECURSIVE region_hierarchy AS (
                                SELECT id, parent_id, id as root_id
                                FROM regions
                                WHERE id = 11
                                UNION ALL
                                SELECT r.id, r.parent_id, rh.root_id
                                FROM regions r
                                JOIN region_hierarchy rh ON r.id = rh.parent_id
                            )
                            SELECT root_id FROM region_hierarchy 
                            WHERE parent_id IS NULL
                            LIMIT 1
                        )
                    WHERE id = 56;
UPDATE regions 
                    SET parent_id = 56,
                        root_region_id = (
                            WITH RECURSIVE region_hierarchy AS (
                                SELECT id, parent_id, id as root_id
                                FROM regions
                                WHERE id = 56
                                UNION ALL
                                SELECT r.id, r.parent_id, rh.root_id
                                FROM regions r
                                JOIN region_hierarchy rh ON r.id = rh.parent_id
                            )
                            SELECT root_id FROM region_hierarchy 
                            WHERE parent_id IS NULL
                            LIMIT 1
                        )
                    WHERE id = 57;
UPDATE regions 
                    SET parent_id = 1,
                        root_region_id = (
                            WITH RECURSIVE region_hierarchy AS (
                                SELECT id, parent_id, id as root_id
                                FROM regions
                                WHERE id = 1
                                UNION ALL
                                SELECT r.id, r.parent_id, rh.root_id
                                FROM regions r
                                JOIN region_hierarchy rh ON r.id = rh.parent_id
                            )
                            SELECT root_id FROM region_hierarchy 
                            WHERE parent_id IS NULL
                            LIMIT 1
                        )
                    WHERE id = 58;
UPDATE regions 
                    SET parent_id = 31,
                        root_region_id = (
                            WITH RECURSIVE region_hierarchy AS (
                                SELECT id, parent_id, id as root_id
                                FROM regions
                                WHERE id = 31
                                UNION ALL
                                SELECT r.id, r.parent_id, rh.root_id
                                FROM regions r
                                JOIN region_hierarchy rh ON r.id = rh.parent_id
                            )
                            SELECT root_id FROM region_hierarchy 
                            WHERE parent_id IS NULL
                            LIMIT 1
                        )
                    WHERE id = 59;
UPDATE regions 
                    SET parent_id = 59,
                        root_region_id = (
                            WITH RECURSIVE region_hierarchy AS (
                                SELECT id, parent_id, id as root_id
                                FROM regions
                                WHERE id = 59
                                UNION ALL
                                SELECT r.id, r.parent_id, rh.root_id
                                FROM regions r
                                JOIN region_hierarchy rh ON r.id = rh.parent_id
                            )
                            SELECT root_id FROM region_hierarchy 
                            WHERE parent_id IS NULL
                            LIMIT 1
                        )
                    WHERE id = 60;
UPDATE regions 
                    SET parent_id = 25,
                        root_region_id = (
                            WITH RECURSIVE region_hierarchy AS (
                                SELECT id, parent_id, id as root_id
                                FROM regions
                                WHERE id = 25
                                UNION ALL
                                SELECT r.id, r.parent_id, rh.root_id
                                FROM regions r
                                JOIN region_hierarchy rh ON r.id = rh.parent_id
                            )
                            SELECT root_id FROM region_hierarchy 
                            WHERE parent_id IS NULL
                            LIMIT 1
                        )
                    WHERE id = 61;
UPDATE regions 
                    SET parent_id = 61,
                        root_region_id = (
                            WITH RECURSIVE region_hierarchy AS (
                                SELECT id, parent_id, id as root_id
                                FROM regions
                                WHERE id = 61
                                UNION ALL
                                SELECT r.id, r.parent_id, rh.root_id
                                FROM regions r
                                JOIN region_hierarchy rh ON r.id = rh.parent_id
                            )
                            SELECT root_id FROM region_hierarchy 
                            WHERE parent_id IS NULL
                            LIMIT 1
                        )
                    WHERE id = 62;
UPDATE regions 
                    SET parent_id = 62,
                        root_region_id = (
                            WITH RECURSIVE region_hierarchy AS (
                                SELECT id, parent_id, id as root_id
                                FROM regions
                                WHERE id = 62
                                UNION ALL
                                SELECT r.id, r.parent_id, rh.root_id
                                FROM regions r
                                JOIN region_hierarchy rh ON r.id = rh.parent_id
                            )
                            SELECT root_id FROM region_hierarchy 
                            WHERE parent_id IS NULL
                            LIMIT 1
                        )
                    WHERE id = 63;
UPDATE regions 
                    SET parent_id = 8,
                        root_region_id = (
                            WITH RECURSIVE region_hierarchy AS (
                                SELECT id, parent_id, id as root_id
                                FROM regions
                                WHERE id = 8
                                UNION ALL
                                SELECT r.id, r.parent_id, rh.root_id
                                FROM regions r
                                JOIN region_hierarchy rh ON r.id = rh.parent_id
                            )
                            SELECT root_id FROM region_hierarchy 
                            WHERE parent_id IS NULL
                            LIMIT 1
                        )
                    WHERE id = 64;
UPDATE regions 
                    SET parent_id = 25,
                        root_region_id = (
                            WITH RECURSIVE region_hierarchy AS (
                                SELECT id, parent_id, id as root_id
                                FROM regions
                                WHERE id = 25
                                UNION ALL
                                SELECT r.id, r.parent_id, rh.root_id
                                FROM regions r
                                JOIN region_hierarchy rh ON r.id = rh.parent_id
                            )
                            SELECT root_id FROM region_hierarchy 
                            WHERE parent_id IS NULL
                            LIMIT 1
                        )
                    WHERE id = 65;
UPDATE regions 
                    SET parent_id = 65,
                        root_region_id = (
                            WITH RECURSIVE region_hierarchy AS (
                                SELECT id, parent_id, id as root_id
                                FROM regions
                                WHERE id = 65
                                UNION ALL
                                SELECT r.id, r.parent_id, rh.root_id
                                FROM regions r
                                JOIN region_hierarchy rh ON r.id = rh.parent_id
                            )
                            SELECT root_id FROM region_hierarchy 
                            WHERE parent_id IS NULL
                            LIMIT 1
                        )
                    WHERE id = 66;
UPDATE regions 
                    SET parent_id = 48,
                        root_region_id = (
                            WITH RECURSIVE region_hierarchy AS (
                                SELECT id, parent_id, id as root_id
                                FROM regions
                                WHERE id = 48
                                UNION ALL
                                SELECT r.id, r.parent_id, rh.root_id
                                FROM regions r
                                JOIN region_hierarchy rh ON r.id = rh.parent_id
                            )
                            SELECT root_id FROM region_hierarchy 
                            WHERE parent_id IS NULL
                            LIMIT 1
                        )
                    WHERE id = 67;
UPDATE regions 
                    SET parent_id = 56,
                        root_region_id = (
                            WITH RECURSIVE region_hierarchy AS (
                                SELECT id, parent_id, id as root_id
                                FROM regions
                                WHERE id = 56
                                UNION ALL
                                SELECT r.id, r.parent_id, rh.root_id
                                FROM regions r
                                JOIN region_hierarchy rh ON r.id = rh.parent_id
                            )
                            SELECT root_id FROM region_hierarchy 
                            WHERE parent_id IS NULL
                            LIMIT 1
                        )
                    WHERE id = 68;
UPDATE regions 
                    SET parent_id = 62,
                        root_region_id = (
                            WITH RECURSIVE region_hierarchy AS (
                                SELECT id, parent_id, id as root_id
                                FROM regions
                                WHERE id = 62
                                UNION ALL
                                SELECT r.id, r.parent_id, rh.root_id
                                FROM regions r
                                JOIN region_hierarchy rh ON r.id = rh.parent_id
                            )
                            SELECT root_id FROM region_hierarchy 
                            WHERE parent_id IS NULL
                            LIMIT 1
                        )
                    WHERE id = 69;
UPDATE regions 
                    SET parent_id = 32,
                        root_region_id = (
                            WITH RECURSIVE region_hierarchy AS (
                                SELECT id, parent_id, id as root_id
                                FROM regions
                                WHERE id = 32
                                UNION ALL
                                SELECT r.id, r.parent_id, rh.root_id
                                FROM regions r
                                JOIN region_hierarchy rh ON r.id = rh.parent_id
                            )
                            SELECT root_id FROM region_hierarchy 
                            WHERE parent_id IS NULL
                            LIMIT 1
                        )
                    WHERE id = 70;
UPDATE regions 
                    SET parent_id = 8,
                        root_region_id = (
                            WITH RECURSIVE region_hierarchy AS (
                                SELECT id, parent_id, id as root_id
                                FROM regions
                                WHERE id = 8
                                UNION ALL
                                SELECT r.id, r.parent_id, rh.root_id
                                FROM regions r
                                JOIN region_hierarchy rh ON r.id = rh.parent_id
                            )
                            SELECT root_id FROM region_hierarchy 
                            WHERE parent_id IS NULL
                            LIMIT 1
                        )
                    WHERE id = 71;
UPDATE regions 
                    SET parent_id = 71,
                        root_region_id = (
                            WITH RECURSIVE region_hierarchy AS (
                                SELECT id, parent_id, id as root_id
                                FROM regions
                                WHERE id = 71
                                UNION ALL
                                SELECT r.id, r.parent_id, rh.root_id
                                FROM regions r
                                JOIN region_hierarchy rh ON r.id = rh.parent_id
                            )
                            SELECT root_id FROM region_hierarchy 
                            WHERE parent_id IS NULL
                            LIMIT 1
                        )
                    WHERE id = 72;
UPDATE regions 
                    SET parent_id = 31,
                        root_region_id = (
                            WITH RECURSIVE region_hierarchy AS (
                                SELECT id, parent_id, id as root_id
                                FROM regions
                                WHERE id = 31
                                UNION ALL
                                SELECT r.id, r.parent_id, rh.root_id
                                FROM regions r
                                JOIN region_hierarchy rh ON r.id = rh.parent_id
                            )
                            SELECT root_id FROM region_hierarchy 
                            WHERE parent_id IS NULL
                            LIMIT 1
                        )
                    WHERE id = 73;
UPDATE regions 
                    SET parent_id = 73,
                        root_region_id = (
                            WITH RECURSIVE region_hierarchy AS (
                                SELECT id, parent_id, id as root_id
                                FROM regions
                                WHERE id = 73
                                UNION ALL
                                SELECT r.id, r.parent_id, rh.root_id
                                FROM regions r
                                JOIN region_hierarchy rh ON r.id = rh.parent_id
                            )
                            SELECT root_id FROM region_hierarchy 
                            WHERE parent_id IS NULL
                            LIMIT 1
                        )
                    WHERE id = 74;
UPDATE regions 
                    SET parent_id = 8,
                        root_region_id = (
                            WITH RECURSIVE region_hierarchy AS (
                                SELECT id, parent_id, id as root_id
                                FROM regions
                                WHERE id = 8
                                UNION ALL
                                SELECT r.id, r.parent_id, rh.root_id
                                FROM regions r
                                JOIN region_hierarchy rh ON r.id = rh.parent_id
                            )
                            SELECT root_id FROM region_hierarchy 
                            WHERE parent_id IS NULL
                            LIMIT 1
                        )
                    WHERE id = 75;
UPDATE regions 
                    SET parent_id = 14,
                        root_region_id = (
                            WITH RECURSIVE region_hierarchy AS (
                                SELECT id, parent_id, id as root_id
                                FROM regions
                                WHERE id = 14
                                UNION ALL
                                SELECT r.id, r.parent_id, rh.root_id
                                FROM regions r
                                JOIN region_hierarchy rh ON r.id = rh.parent_id
                            )
                            SELECT root_id FROM region_hierarchy 
                            WHERE parent_id IS NULL
                            LIMIT 1
                        )
                    WHERE id = 76;
UPDATE regions 
                    SET parent_id = 48,
                        root_region_id = (
                            WITH RECURSIVE region_hierarchy AS (
                                SELECT id, parent_id, id as root_id
                                FROM regions
                                WHERE id = 48
                                UNION ALL
                                SELECT r.id, r.parent_id, rh.root_id
                                FROM regions r
                                JOIN region_hierarchy rh ON r.id = rh.parent_id
                            )
                            SELECT root_id FROM region_hierarchy 
                            WHERE parent_id IS NULL
                            LIMIT 1
                        )
                    WHERE id = 77;
UPDATE regions 
                    SET parent_id = 77,
                        root_region_id = (
                            WITH RECURSIVE region_hierarchy AS (
                                SELECT id, parent_id, id as root_id
                                FROM regions
                                WHERE id = 77
                                UNION ALL
                                SELECT r.id, r.parent_id, rh.root_id
                                FROM regions r
                                JOIN region_hierarchy rh ON r.id = rh.parent_id
                            )
                            SELECT root_id FROM region_hierarchy 
                            WHERE parent_id IS NULL
                            LIMIT 1
                        )
                    WHERE id = 78;
UPDATE regions 
                    SET parent_id = 25,
                        root_region_id = (
                            WITH RECURSIVE region_hierarchy AS (
                                SELECT id, parent_id, id as root_id
                                FROM regions
                                WHERE id = 25
                                UNION ALL
                                SELECT r.id, r.parent_id, rh.root_id
                                FROM regions r
                                JOIN region_hierarchy rh ON r.id = rh.parent_id
                            )
                            SELECT root_id FROM region_hierarchy 
                            WHERE parent_id IS NULL
                            LIMIT 1
                        )
                    WHERE id = 79;
UPDATE regions 
                    SET parent_id = 14,
                        root_region_id = (
                            WITH RECURSIVE region_hierarchy AS (
                                SELECT id, parent_id, id as root_id
                                FROM regions
                                WHERE id = 14
                                UNION ALL
                                SELECT r.id, r.parent_id, rh.root_id
                                FROM regions r
                                JOIN region_hierarchy rh ON r.id = rh.parent_id
                            )
                            SELECT root_id FROM region_hierarchy 
                            WHERE parent_id IS NULL
                            LIMIT 1
                        )
                    WHERE id = 80;
UPDATE regions 
                    SET parent_id = 21,
                        root_region_id = (
                            WITH RECURSIVE region_hierarchy AS (
                                SELECT id, parent_id, id as root_id
                                FROM regions
                                WHERE id = 21
                                UNION ALL
                                SELECT r.id, r.parent_id, rh.root_id
                                FROM regions r
                                JOIN region_hierarchy rh ON r.id = rh.parent_id
                            )
                            SELECT root_id FROM region_hierarchy 
                            WHERE parent_id IS NULL
                            LIMIT 1
                        )
                    WHERE id = 81;
UPDATE regions 
                    SET parent_id = 42,
                        root_region_id = (
                            WITH RECURSIVE region_hierarchy AS (
                                SELECT id, parent_id, id as root_id
                                FROM regions
                                WHERE id = 42
                                UNION ALL
                                SELECT r.id, r.parent_id, rh.root_id
                                FROM regions r
                                JOIN region_hierarchy rh ON r.id = rh.parent_id
                            )
                            SELECT root_id FROM region_hierarchy 
                            WHERE parent_id IS NULL
                            LIMIT 1
                        )
                    WHERE id = 82;
UPDATE regions 
                    SET parent_id = 73,
                        root_region_id = (
                            WITH RECURSIVE region_hierarchy AS (
                                SELECT id, parent_id, id as root_id
                                FROM regions
                                WHERE id = 73
                                UNION ALL
                                SELECT r.id, r.parent_id, rh.root_id
                                FROM regions r
                                JOIN region_hierarchy rh ON r.id = rh.parent_id
                            )
                            SELECT root_id FROM region_hierarchy 
                            WHERE parent_id IS NULL
                            LIMIT 1
                        )
                    WHERE id = 83;
UPDATE regions 
                    SET parent_id = 84,
                        root_region_id = (
                            WITH RECURSIVE region_hierarchy AS (
                                SELECT id, parent_id, id as root_id
                                FROM regions
                                WHERE id = 84
                                UNION ALL
                                SELECT r.id, r.parent_id, rh.root_id
                                FROM regions r
                                JOIN region_hierarchy rh ON r.id = rh.parent_id
                            )
                            SELECT root_id FROM region_hierarchy 
                            WHERE parent_id IS NULL
                            LIMIT 1
                        )
                    WHERE id = 85;
UPDATE regions 
                    SET parent_id = 85,
                        root_region_id = (
                            WITH RECURSIVE region_hierarchy AS (
                                SELECT id, parent_id, id as root_id
                                FROM regions
                                WHERE id = 85
                                UNION ALL
                                SELECT r.id, r.parent_id, rh.root_id
                                FROM regions r
                                JOIN region_hierarchy rh ON r.id = rh.parent_id
                            )
                            SELECT root_id FROM region_hierarchy 
                            WHERE parent_id IS NULL
                            LIMIT 1
                        )
                    WHERE id = 86;
UPDATE regions 
                    SET parent_id = 26,
                        root_region_id = (
                            WITH RECURSIVE region_hierarchy AS (
                                SELECT id, parent_id, id as root_id
                                FROM regions
                                WHERE id = 26
                                UNION ALL
                                SELECT r.id, r.parent_id, rh.root_id
                                FROM regions r
                                JOIN region_hierarchy rh ON r.id = rh.parent_id
                            )
                            SELECT root_id FROM region_hierarchy 
                            WHERE parent_id IS NULL
                            LIMIT 1
                        )
                    WHERE id = 87;
UPDATE regions 
                    SET parent_id = 87,
                        root_region_id = (
                            WITH RECURSIVE region_hierarchy AS (
                                SELECT id, parent_id, id as root_id
                                FROM regions
                                WHERE id = 87
                                UNION ALL
                                SELECT r.id, r.parent_id, rh.root_id
                                FROM regions r
                                JOIN region_hierarchy rh ON r.id = rh.parent_id
                            )
                            SELECT root_id FROM region_hierarchy 
                            WHERE parent_id IS NULL
                            LIMIT 1
                        )
                    WHERE id = 88;
UPDATE regions 
                    SET parent_id = 88,
                        root_region_id = (
                            WITH RECURSIVE region_hierarchy AS (
                                SELECT id, parent_id, id as root_id
                                FROM regions
                                WHERE id = 88
                                UNION ALL
                                SELECT r.id, r.parent_id, rh.root_id
                                FROM regions r
                                JOIN region_hierarchy rh ON r.id = rh.parent_id
                            )
                            SELECT root_id FROM region_hierarchy 
                            WHERE parent_id IS NULL
                            LIMIT 1
                        )
                    WHERE id = 89;
UPDATE regions 
                    SET parent_id = 9,
                        root_region_id = (
                            WITH RECURSIVE region_hierarchy AS (
                                SELECT id, parent_id, id as root_id
                                FROM regions
                                WHERE id = 9
                                UNION ALL
                                SELECT r.id, r.parent_id, rh.root_id
                                FROM regions r
                                JOIN region_hierarchy rh ON r.id = rh.parent_id
                            )
                            SELECT root_id FROM region_hierarchy 
                            WHERE parent_id IS NULL
                            LIMIT 1
                        )
                    WHERE id = 90;
UPDATE regions 
                    SET parent_id = 8,
                        root_region_id = (
                            WITH RECURSIVE region_hierarchy AS (
                                SELECT id, parent_id, id as root_id
                                FROM regions
                                WHERE id = 8
                                UNION ALL
                                SELECT r.id, r.parent_id, rh.root_id
                                FROM regions r
                                JOIN region_hierarchy rh ON r.id = rh.parent_id
                            )
                            SELECT root_id FROM region_hierarchy 
                            WHERE parent_id IS NULL
                            LIMIT 1
                        )
                    WHERE id = 91;
UPDATE regions 
                    SET parent_id = 33,
                        root_region_id = (
                            WITH RECURSIVE region_hierarchy AS (
                                SELECT id, parent_id, id as root_id
                                FROM regions
                                WHERE id = 33
                                UNION ALL
                                SELECT r.id, r.parent_id, rh.root_id
                                FROM regions r
                                JOIN region_hierarchy rh ON r.id = rh.parent_id
                            )
                            SELECT root_id FROM region_hierarchy 
                            WHERE parent_id IS NULL
                            LIMIT 1
                        )
                    WHERE id = 92;
UPDATE regions 
                    SET parent_id = 35,
                        root_region_id = (
                            WITH RECURSIVE region_hierarchy AS (
                                SELECT id, parent_id, id as root_id
                                FROM regions
                                WHERE id = 35
                                UNION ALL
                                SELECT r.id, r.parent_id, rh.root_id
                                FROM regions r
                                JOIN region_hierarchy rh ON r.id = rh.parent_id
                            )
                            SELECT root_id FROM region_hierarchy 
                            WHERE parent_id IS NULL
                            LIMIT 1
                        )
                    WHERE id = 93;
UPDATE regions 
                    SET parent_id = 93,
                        root_region_id = (
                            WITH RECURSIVE region_hierarchy AS (
                                SELECT id, parent_id, id as root_id
                                FROM regions
                                WHERE id = 93
                                UNION ALL
                                SELECT r.id, r.parent_id, rh.root_id
                                FROM regions r
                                JOIN region_hierarchy rh ON r.id = rh.parent_id
                            )
                            SELECT root_id FROM region_hierarchy 
                            WHERE parent_id IS NULL
                            LIMIT 1
                        )
                    WHERE id = 94;
UPDATE regions 
                    SET parent_id = 21,
                        root_region_id = (
                            WITH RECURSIVE region_hierarchy AS (
                                SELECT id, parent_id, id as root_id
                                FROM regions
                                WHERE id = 21
                                UNION ALL
                                SELECT r.id, r.parent_id, rh.root_id
                                FROM regions r
                                JOIN region_hierarchy rh ON r.id = rh.parent_id
                            )
                            SELECT root_id FROM region_hierarchy 
                            WHERE parent_id IS NULL
                            LIMIT 1
                        )
                    WHERE id = 95;
UPDATE regions 
                    SET parent_id = 56,
                        root_region_id = (
                            WITH RECURSIVE region_hierarchy AS (
                                SELECT id, parent_id, id as root_id
                                FROM regions
                                WHERE id = 56
                                UNION ALL
                                SELECT r.id, r.parent_id, rh.root_id
                                FROM regions r
                                JOIN region_hierarchy rh ON r.id = rh.parent_id
                            )
                            SELECT root_id FROM region_hierarchy 
                            WHERE parent_id IS NULL
                            LIMIT 1
                        )
                    WHERE id = 96;
UPDATE regions 
                    SET parent_id = 71,
                        root_region_id = (
                            WITH RECURSIVE region_hierarchy AS (
                                SELECT id, parent_id, id as root_id
                                FROM regions
                                WHERE id = 71
                                UNION ALL
                                SELECT r.id, r.parent_id, rh.root_id
                                FROM regions r
                                JOIN region_hierarchy rh ON r.id = rh.parent_id
                            )
                            SELECT root_id FROM region_hierarchy 
                            WHERE parent_id IS NULL
                            LIMIT 1
                        )
                    WHERE id = 97;
UPDATE regions 
                    SET parent_id = 1,
                        root_region_id = (
                            WITH RECURSIVE region_hierarchy AS (
                                SELECT id, parent_id, id as root_id
                                FROM regions
                                WHERE id = 1
                                UNION ALL
                                SELECT r.id, r.parent_id, rh.root_id
                                FROM regions r
                                JOIN region_hierarchy rh ON r.id = rh.parent_id
                            )
                            SELECT root_id FROM region_hierarchy 
                            WHERE parent_id IS NULL
                            LIMIT 1
                        )
                    WHERE id = 98;
UPDATE regions 
                    SET parent_id = 39,
                        root_region_id = (
                            WITH RECURSIVE region_hierarchy AS (
                                SELECT id, parent_id, id as root_id
                                FROM regions
                                WHERE id = 39
                                UNION ALL
                                SELECT r.id, r.parent_id, rh.root_id
                                FROM regions r
                                JOIN region_hierarchy rh ON r.id = rh.parent_id
                            )
                            SELECT root_id FROM region_hierarchy 
                            WHERE parent_id IS NULL
                            LIMIT 1
                        )
                    WHERE id = 99;
UPDATE regions 
                    SET parent_id = 32,
                        root_region_id = (
                            WITH RECURSIVE region_hierarchy AS (
                                SELECT id, parent_id, id as root_id
                                FROM regions
                                WHERE id = 32
                                UNION ALL
                                SELECT r.id, r.parent_id, rh.root_id
                                FROM regions r
                                JOIN region_hierarchy rh ON r.id = rh.parent_id
                            )
                            SELECT root_id FROM region_hierarchy 
                            WHERE parent_id IS NULL
                            LIMIT 1
                        )
                    WHERE id = 100;
UPDATE regions 
                    SET parent_id = 100,
                        root_region_id = (
                            WITH RECURSIVE region_hierarchy AS (
                                SELECT id, parent_id, id as root_id
                                FROM regions
                                WHERE id = 100
                                UNION ALL
                                SELECT r.id, r.parent_id, rh.root_id
                                FROM regions r
                                JOIN region_hierarchy rh ON r.id = rh.parent_id
                            )
                            SELECT root_id FROM region_hierarchy 
                            WHERE parent_id IS NULL
                            LIMIT 1
                        )
                    WHERE id = 101;
UPDATE regions 
                    SET parent_id = 8,
                        root_region_id = (
                            WITH RECURSIVE region_hierarchy AS (
                                SELECT id, parent_id, id as root_id
                                FROM regions
                                WHERE id = 8
                                UNION ALL
                                SELECT r.id, r.parent_id, rh.root_id
                                FROM regions r
                                JOIN region_hierarchy rh ON r.id = rh.parent_id
                            )
                            SELECT root_id FROM region_hierarchy 
                            WHERE parent_id IS NULL
                            LIMIT 1
                        )
                    WHERE id = 102;
UPDATE regions 
                    SET parent_id = 102,
                        root_region_id = (
                            WITH RECURSIVE region_hierarchy AS (
                                SELECT id, parent_id, id as root_id
                                FROM regions
                                WHERE id = 102
                                UNION ALL
                                SELECT r.id, r.parent_id, rh.root_id
                                FROM regions r
                                JOIN region_hierarchy rh ON r.id = rh.parent_id
                            )
                            SELECT root_id FROM region_hierarchy 
                            WHERE parent_id IS NULL
                            LIMIT 1
                        )
                    WHERE id = 103;
UPDATE regions 
                    SET parent_id = 21,
                        root_region_id = (
                            WITH RECURSIVE region_hierarchy AS (
                                SELECT id, parent_id, id as root_id
                                FROM regions
                                WHERE id = 21
                                UNION ALL
                                SELECT r.id, r.parent_id, rh.root_id
                                FROM regions r
                                JOIN region_hierarchy rh ON r.id = rh.parent_id
                            )
                            SELECT root_id FROM region_hierarchy 
                            WHERE parent_id IS NULL
                            LIMIT 1
                        )
                    WHERE id = 104;
UPDATE regions 
                    SET parent_id = 42,
                        root_region_id = (
                            WITH RECURSIVE region_hierarchy AS (
                                SELECT id, parent_id, id as root_id
                                FROM regions
                                WHERE id = 42
                                UNION ALL
                                SELECT r.id, r.parent_id, rh.root_id
                                FROM regions r
                                JOIN region_hierarchy rh ON r.id = rh.parent_id
                            )
                            SELECT root_id FROM region_hierarchy 
                            WHERE parent_id IS NULL
                            LIMIT 1
                        )
                    WHERE id = 105;
UPDATE regions 
                    SET parent_id = 48,
                        root_region_id = (
                            WITH RECURSIVE region_hierarchy AS (
                                SELECT id, parent_id, id as root_id
                                FROM regions
                                WHERE id = 48
                                UNION ALL
                                SELECT r.id, r.parent_id, rh.root_id
                                FROM regions r
                                JOIN region_hierarchy rh ON r.id = rh.parent_id
                            )
                            SELECT root_id FROM region_hierarchy 
                            WHERE parent_id IS NULL
                            LIMIT 1
                        )
                    WHERE id = 106;
UPDATE regions 
                    SET parent_id = 106,
                        root_region_id = (
                            WITH RECURSIVE region_hierarchy AS (
                                SELECT id, parent_id, id as root_id
                                FROM regions
                                WHERE id = 106
                                UNION ALL
                                SELECT r.id, r.parent_id, rh.root_id
                                FROM regions r
                                JOIN region_hierarchy rh ON r.id = rh.parent_id
                            )
                            SELECT root_id FROM region_hierarchy 
                            WHERE parent_id IS NULL
                            LIMIT 1
                        )
                    WHERE id = 107;
UPDATE regions 
                    SET parent_id = 107,
                        root_region_id = (
                            WITH RECURSIVE region_hierarchy AS (
                                SELECT id, parent_id, id as root_id
                                FROM regions
                                WHERE id = 107
                                UNION ALL
                                SELECT r.id, r.parent_id, rh.root_id
                                FROM regions r
                                JOIN region_hierarchy rh ON r.id = rh.parent_id
                            )
                            SELECT root_id FROM region_hierarchy 
                            WHERE parent_id IS NULL
                            LIMIT 1
                        )
                    WHERE id = 108;
UPDATE regions 
                    SET parent_id = 50,
                        root_region_id = (
                            WITH RECURSIVE region_hierarchy AS (
                                SELECT id, parent_id, id as root_id
                                FROM regions
                                WHERE id = 50
                                UNION ALL
                                SELECT r.id, r.parent_id, rh.root_id
                                FROM regions r
                                JOIN region_hierarchy rh ON r.id = rh.parent_id
                            )
                            SELECT root_id FROM region_hierarchy 
                            WHERE parent_id IS NULL
                            LIMIT 1
                        )
                    WHERE id = 110;
UPDATE regions 
                    SET parent_id = 20,
                        root_region_id = (
                            WITH RECURSIVE region_hierarchy AS (
                                SELECT id, parent_id, id as root_id
                                FROM regions
                                WHERE id = 20
                                UNION ALL
                                SELECT r.id, r.parent_id, rh.root_id
                                FROM regions r
                                JOIN region_hierarchy rh ON r.id = rh.parent_id
                            )
                            SELECT root_id FROM region_hierarchy 
                            WHERE parent_id IS NULL
                            LIMIT 1
                        )
                    WHERE id = 111;
UPDATE regions 
                    SET parent_id = 111,
                        root_region_id = (
                            WITH RECURSIVE region_hierarchy AS (
                                SELECT id, parent_id, id as root_id
                                FROM regions
                                WHERE id = 111
                                UNION ALL
                                SELECT r.id, r.parent_id, rh.root_id
                                FROM regions r
                                JOIN region_hierarchy rh ON r.id = rh.parent_id
                            )
                            SELECT root_id FROM region_hierarchy 
                            WHERE parent_id IS NULL
                            LIMIT 1
                        )
                    WHERE id = 112;
UPDATE regions 
                    SET parent_id = 102,
                        root_region_id = (
                            WITH RECURSIVE region_hierarchy AS (
                                SELECT id, parent_id, id as root_id
                                FROM regions
                                WHERE id = 102
                                UNION ALL
                                SELECT r.id, r.parent_id, rh.root_id
                                FROM regions r
                                JOIN region_hierarchy rh ON r.id = rh.parent_id
                            )
                            SELECT root_id FROM region_hierarchy 
                            WHERE parent_id IS NULL
                            LIMIT 1
                        )
                    WHERE id = 113;
UPDATE regions 
                    SET parent_id = 84,
                        root_region_id = (
                            WITH RECURSIVE region_hierarchy AS (
                                SELECT id, parent_id, id as root_id
                                FROM regions
                                WHERE id = 84
                                UNION ALL
                                SELECT r.id, r.parent_id, rh.root_id
                                FROM regions r
                                JOIN region_hierarchy rh ON r.id = rh.parent_id
                            )
                            SELECT root_id FROM region_hierarchy 
                            WHERE parent_id IS NULL
                            LIMIT 1
                        )
                    WHERE id = 114;
UPDATE regions 
                    SET parent_id = 8,
                        root_region_id = (
                            WITH RECURSIVE region_hierarchy AS (
                                SELECT id, parent_id, id as root_id
                                FROM regions
                                WHERE id = 8
                                UNION ALL
                                SELECT r.id, r.parent_id, rh.root_id
                                FROM regions r
                                JOIN region_hierarchy rh ON r.id = rh.parent_id
                            )
                            SELECT root_id FROM region_hierarchy 
                            WHERE parent_id IS NULL
                            LIMIT 1
                        )
                    WHERE id = 115;
UPDATE regions 
                    SET parent_id = 48,
                        root_region_id = (
                            WITH RECURSIVE region_hierarchy AS (
                                SELECT id, parent_id, id as root_id
                                FROM regions
                                WHERE id = 48
                                UNION ALL
                                SELECT r.id, r.parent_id, rh.root_id
                                FROM regions r
                                JOIN region_hierarchy rh ON r.id = rh.parent_id
                            )
                            SELECT root_id FROM region_hierarchy 
                            WHERE parent_id IS NULL
                            LIMIT 1
                        )
                    WHERE id = 116;
UPDATE regions 
                    SET parent_id = 28,
                        root_region_id = (
                            WITH RECURSIVE region_hierarchy AS (
                                SELECT id, parent_id, id as root_id
                                FROM regions
                                WHERE id = 28
                                UNION ALL
                                SELECT r.id, r.parent_id, rh.root_id
                                FROM regions r
                                JOIN region_hierarchy rh ON r.id = rh.parent_id
                            )
                            SELECT root_id FROM region_hierarchy 
                            WHERE parent_id IS NULL
                            LIMIT 1
                        )
                    WHERE id = 117;
UPDATE regions 
                    SET parent_id = 32,
                        root_region_id = (
                            WITH RECURSIVE region_hierarchy AS (
                                SELECT id, parent_id, id as root_id
                                FROM regions
                                WHERE id = 32
                                UNION ALL
                                SELECT r.id, r.parent_id, rh.root_id
                                FROM regions r
                                JOIN region_hierarchy rh ON r.id = rh.parent_id
                            )
                            SELECT root_id FROM region_hierarchy 
                            WHERE parent_id IS NULL
                            LIMIT 1
                        )
                    WHERE id = 118;
UPDATE regions 
                    SET parent_id = 118,
                        root_region_id = (
                            WITH RECURSIVE region_hierarchy AS (
                                SELECT id, parent_id, id as root_id
                                FROM regions
                                WHERE id = 118
                                UNION ALL
                                SELECT r.id, r.parent_id, rh.root_id
                                FROM regions r
                                JOIN region_hierarchy rh ON r.id = rh.parent_id
                            )
                            SELECT root_id FROM region_hierarchy 
                            WHERE parent_id IS NULL
                            LIMIT 1
                        )
                    WHERE id = 119;
UPDATE regions 
                    SET parent_id = 36,
                        root_region_id = (
                            WITH RECURSIVE region_hierarchy AS (
                                SELECT id, parent_id, id as root_id
                                FROM regions
                                WHERE id = 36
                                UNION ALL
                                SELECT r.id, r.parent_id, rh.root_id
                                FROM regions r
                                JOIN region_hierarchy rh ON r.id = rh.parent_id
                            )
                            SELECT root_id FROM region_hierarchy 
                            WHERE parent_id IS NULL
                            LIMIT 1
                        )
                    WHERE id = 120;
UPDATE regions 
                    SET parent_id = 50,
                        root_region_id = (
                            WITH RECURSIVE region_hierarchy AS (
                                SELECT id, parent_id, id as root_id
                                FROM regions
                                WHERE id = 50
                                UNION ALL
                                SELECT r.id, r.parent_id, rh.root_id
                                FROM regions r
                                JOIN region_hierarchy rh ON r.id = rh.parent_id
                            )
                            SELECT root_id FROM region_hierarchy 
                            WHERE parent_id IS NULL
                            LIMIT 1
                        )
                    WHERE id = 121;
UPDATE regions 
                    SET parent_id = 52,
                        root_region_id = (
                            WITH RECURSIVE region_hierarchy AS (
                                SELECT id, parent_id, id as root_id
                                FROM regions
                                WHERE id = 52
                                UNION ALL
                                SELECT r.id, r.parent_id, rh.root_id
                                FROM regions r
                                JOIN region_hierarchy rh ON r.id = rh.parent_id
                            )
                            SELECT root_id FROM region_hierarchy 
                            WHERE parent_id IS NULL
                            LIMIT 1
                        )
                    WHERE id = 122;
UPDATE regions 
                    SET parent_id = 62,
                        root_region_id = (
                            WITH RECURSIVE region_hierarchy AS (
                                SELECT id, parent_id, id as root_id
                                FROM regions
                                WHERE id = 62
                                UNION ALL
                                SELECT r.id, r.parent_id, rh.root_id
                                FROM regions r
                                JOIN region_hierarchy rh ON r.id = rh.parent_id
                            )
                            SELECT root_id FROM region_hierarchy 
                            WHERE parent_id IS NULL
                            LIMIT 1
                        )
                    WHERE id = 123;
UPDATE regions 
                    SET parent_id = 32,
                        root_region_id = (
                            WITH RECURSIVE region_hierarchy AS (
                                SELECT id, parent_id, id as root_id
                                FROM regions
                                WHERE id = 32
                                UNION ALL
                                SELECT r.id, r.parent_id, rh.root_id
                                FROM regions r
                                JOIN region_hierarchy rh ON r.id = rh.parent_id
                            )
                            SELECT root_id FROM region_hierarchy 
                            WHERE parent_id IS NULL
                            LIMIT 1
                        )
                    WHERE id = 124;
UPDATE regions 
                    SET parent_id = 124,
                        root_region_id = (
                            WITH RECURSIVE region_hierarchy AS (
                                SELECT id, parent_id, id as root_id
                                FROM regions
                                WHERE id = 124
                                UNION ALL
                                SELECT r.id, r.parent_id, rh.root_id
                                FROM regions r
                                JOIN region_hierarchy rh ON r.id = rh.parent_id
                            )
                            SELECT root_id FROM region_hierarchy 
                            WHERE parent_id IS NULL
                            LIMIT 1
                        )
                    WHERE id = 125;
UPDATE regions 
                    SET parent_id = 26,
                        root_region_id = (
                            WITH RECURSIVE region_hierarchy AS (
                                SELECT id, parent_id, id as root_id
                                FROM regions
                                WHERE id = 26
                                UNION ALL
                                SELECT r.id, r.parent_id, rh.root_id
                                FROM regions r
                                JOIN region_hierarchy rh ON r.id = rh.parent_id
                            )
                            SELECT root_id FROM region_hierarchy 
                            WHERE parent_id IS NULL
                            LIMIT 1
                        )
                    WHERE id = 126;
UPDATE regions 
                    SET parent_id = 71,
                        root_region_id = (
                            WITH RECURSIVE region_hierarchy AS (
                                SELECT id, parent_id, id as root_id
                                FROM regions
                                WHERE id = 71
                                UNION ALL
                                SELECT r.id, r.parent_id, rh.root_id
                                FROM regions r
                                JOIN region_hierarchy rh ON r.id = rh.parent_id
                            )
                            SELECT root_id FROM region_hierarchy 
                            WHERE parent_id IS NULL
                            LIMIT 1
                        )
                    WHERE id = 127;
UPDATE regions 
                    SET parent_id = 100,
                        root_region_id = (
                            WITH RECURSIVE region_hierarchy AS (
                                SELECT id, parent_id, id as root_id
                                FROM regions
                                WHERE id = 100
                                UNION ALL
                                SELECT r.id, r.parent_id, rh.root_id
                                FROM regions r
                                JOIN region_hierarchy rh ON r.id = rh.parent_id
                            )
                            SELECT root_id FROM region_hierarchy 
                            WHERE parent_id IS NULL
                            LIMIT 1
                        )
                    WHERE id = 128;
UPDATE regions 
                    SET parent_id = 56,
                        root_region_id = (
                            WITH RECURSIVE region_hierarchy AS (
                                SELECT id, parent_id, id as root_id
                                FROM regions
                                WHERE id = 56
                                UNION ALL
                                SELECT r.id, r.parent_id, rh.root_id
                                FROM regions r
                                JOIN region_hierarchy rh ON r.id = rh.parent_id
                            )
                            SELECT root_id FROM region_hierarchy 
                            WHERE parent_id IS NULL
                            LIMIT 1
                        )
                    WHERE id = 129;
UPDATE regions 
                    SET parent_id = 102,
                        root_region_id = (
                            WITH RECURSIVE region_hierarchy AS (
                                SELECT id, parent_id, id as root_id
                                FROM regions
                                WHERE id = 102
                                UNION ALL
                                SELECT r.id, r.parent_id, rh.root_id
                                FROM regions r
                                JOIN region_hierarchy rh ON r.id = rh.parent_id
                            )
                            SELECT root_id FROM region_hierarchy 
                            WHERE parent_id IS NULL
                            LIMIT 1
                        )
                    WHERE id = 130;
UPDATE regions 
                    SET parent_id = 106,
                        root_region_id = (
                            WITH RECURSIVE region_hierarchy AS (
                                SELECT id, parent_id, id as root_id
                                FROM regions
                                WHERE id = 106
                                UNION ALL
                                SELECT r.id, r.parent_id, rh.root_id
                                FROM regions r
                                JOIN region_hierarchy rh ON r.id = rh.parent_id
                            )
                            SELECT root_id FROM region_hierarchy 
                            WHERE parent_id IS NULL
                            LIMIT 1
                        )
                    WHERE id = 131;
UPDATE regions 
                    SET parent_id = 11,
                        root_region_id = (
                            WITH RECURSIVE region_hierarchy AS (
                                SELECT id, parent_id, id as root_id
                                FROM regions
                                WHERE id = 11
                                UNION ALL
                                SELECT r.id, r.parent_id, rh.root_id
                                FROM regions r
                                JOIN region_hierarchy rh ON r.id = rh.parent_id
                            )
                            SELECT root_id FROM region_hierarchy 
                            WHERE parent_id IS NULL
                            LIMIT 1
                        )
                    WHERE id = 132;
UPDATE regions 
                    SET parent_id = 132,
                        root_region_id = (
                            WITH RECURSIVE region_hierarchy AS (
                                SELECT id, parent_id, id as root_id
                                FROM regions
                                WHERE id = 132
                                UNION ALL
                                SELECT r.id, r.parent_id, rh.root_id
                                FROM regions r
                                JOIN region_hierarchy rh ON r.id = rh.parent_id
                            )
                            SELECT root_id FROM region_hierarchy 
                            WHERE parent_id IS NULL
                            LIMIT 1
                        )
                    WHERE id = 133;
UPDATE regions 
                    SET parent_id = 41,
                        root_region_id = (
                            WITH RECURSIVE region_hierarchy AS (
                                SELECT id, parent_id, id as root_id
                                FROM regions
                                WHERE id = 41
                                UNION ALL
                                SELECT r.id, r.parent_id, rh.root_id
                                FROM regions r
                                JOIN region_hierarchy rh ON r.id = rh.parent_id
                            )
                            SELECT root_id FROM region_hierarchy 
                            WHERE parent_id IS NULL
                            LIMIT 1
                        )
                    WHERE id = 134;
UPDATE regions 
                    SET parent_id = 134,
                        root_region_id = (
                            WITH RECURSIVE region_hierarchy AS (
                                SELECT id, parent_id, id as root_id
                                FROM regions
                                WHERE id = 134
                                UNION ALL
                                SELECT r.id, r.parent_id, rh.root_id
                                FROM regions r
                                JOIN region_hierarchy rh ON r.id = rh.parent_id
                            )
                            SELECT root_id FROM region_hierarchy 
                            WHERE parent_id IS NULL
                            LIMIT 1
                        )
                    WHERE id = 135;
UPDATE regions 
                    SET parent_id = 59,
                        root_region_id = (
                            WITH RECURSIVE region_hierarchy AS (
                                SELECT id, parent_id, id as root_id
                                FROM regions
                                WHERE id = 59
                                UNION ALL
                                SELECT r.id, r.parent_id, rh.root_id
                                FROM regions r
                                JOIN region_hierarchy rh ON r.id = rh.parent_id
                            )
                            SELECT root_id FROM region_hierarchy 
                            WHERE parent_id IS NULL
                            LIMIT 1
                        )
                    WHERE id = 136;
UPDATE regions 
                    SET parent_id = 9,
                        root_region_id = (
                            WITH RECURSIVE region_hierarchy AS (
                                SELECT id, parent_id, id as root_id
                                FROM regions
                                WHERE id = 9
                                UNION ALL
                                SELECT r.id, r.parent_id, rh.root_id
                                FROM regions r
                                JOIN region_hierarchy rh ON r.id = rh.parent_id
                            )
                            SELECT root_id FROM region_hierarchy 
                            WHERE parent_id IS NULL
                            LIMIT 1
                        )
                    WHERE id = 137;
UPDATE regions 
                    SET parent_id = 62,
                        root_region_id = (
                            WITH RECURSIVE region_hierarchy AS (
                                SELECT id, parent_id, id as root_id
                                FROM regions
                                WHERE id = 62
                                UNION ALL
                                SELECT r.id, r.parent_id, rh.root_id
                                FROM regions r
                                JOIN region_hierarchy rh ON r.id = rh.parent_id
                            )
                            SELECT root_id FROM region_hierarchy 
                            WHERE parent_id IS NULL
                            LIMIT 1
                        )
                    WHERE id = 138;
UPDATE regions 
                    SET parent_id = 87,
                        root_region_id = (
                            WITH RECURSIVE region_hierarchy AS (
                                SELECT id, parent_id, id as root_id
                                FROM regions
                                WHERE id = 87
                                UNION ALL
                                SELECT r.id, r.parent_id, rh.root_id
                                FROM regions r
                                JOIN region_hierarchy rh ON r.id = rh.parent_id
                            )
                            SELECT root_id FROM region_hierarchy 
                            WHERE parent_id IS NULL
                            LIMIT 1
                        )
                    WHERE id = 139;
UPDATE regions 
                    SET parent_id = 139,
                        root_region_id = (
                            WITH RECURSIVE region_hierarchy AS (
                                SELECT id, parent_id, id as root_id
                                FROM regions
                                WHERE id = 139
                                UNION ALL
                                SELECT r.id, r.parent_id, rh.root_id
                                FROM regions r
                                JOIN region_hierarchy rh ON r.id = rh.parent_id
                            )
                            SELECT root_id FROM region_hierarchy 
                            WHERE parent_id IS NULL
                            LIMIT 1
                        )
                    WHERE id = 140;
UPDATE regions 
                    SET parent_id = 15,
                        root_region_id = (
                            WITH RECURSIVE region_hierarchy AS (
                                SELECT id, parent_id, id as root_id
                                FROM regions
                                WHERE id = 15
                                UNION ALL
                                SELECT r.id, r.parent_id, rh.root_id
                                FROM regions r
                                JOIN region_hierarchy rh ON r.id = rh.parent_id
                            )
                            SELECT root_id FROM region_hierarchy 
                            WHERE parent_id IS NULL
                            LIMIT 1
                        )
                    WHERE id = 141;
UPDATE regions 
                    SET parent_id = 48,
                        root_region_id = (
                            WITH RECURSIVE region_hierarchy AS (
                                SELECT id, parent_id, id as root_id
                                FROM regions
                                WHERE id = 48
                                UNION ALL
                                SELECT r.id, r.parent_id, rh.root_id
                                FROM regions r
                                JOIN region_hierarchy rh ON r.id = rh.parent_id
                            )
                            SELECT root_id FROM region_hierarchy 
                            WHERE parent_id IS NULL
                            LIMIT 1
                        )
                    WHERE id = 142;
UPDATE regions 
                    SET parent_id = 23,
                        root_region_id = (
                            WITH RECURSIVE region_hierarchy AS (
                                SELECT id, parent_id, id as root_id
                                FROM regions
                                WHERE id = 23
                                UNION ALL
                                SELECT r.id, r.parent_id, rh.root_id
                                FROM regions r
                                JOIN region_hierarchy rh ON r.id = rh.parent_id
                            )
                            SELECT root_id FROM region_hierarchy 
                            WHERE parent_id IS NULL
                            LIMIT 1
                        )
                    WHERE id = 143;
UPDATE regions 
                    SET parent_id = 79,
                        root_region_id = (
                            WITH RECURSIVE region_hierarchy AS (
                                SELECT id, parent_id, id as root_id
                                FROM regions
                                WHERE id = 79
                                UNION ALL
                                SELECT r.id, r.parent_id, rh.root_id
                                FROM regions r
                                JOIN region_hierarchy rh ON r.id = rh.parent_id
                            )
                            SELECT root_id FROM region_hierarchy 
                            WHERE parent_id IS NULL
                            LIMIT 1
                        )
                    WHERE id = 144;
UPDATE regions 
                    SET parent_id = 12,
                        root_region_id = (
                            WITH RECURSIVE region_hierarchy AS (
                                SELECT id, parent_id, id as root_id
                                FROM regions
                                WHERE id = 12
                                UNION ALL
                                SELECT r.id, r.parent_id, rh.root_id
                                FROM regions r
                                JOIN region_hierarchy rh ON r.id = rh.parent_id
                            )
                            SELECT root_id FROM region_hierarchy 
                            WHERE parent_id IS NULL
                            LIMIT 1
                        )
                    WHERE id = 145;
UPDATE regions 
                    SET parent_id = 9,
                        root_region_id = (
                            WITH RECURSIVE region_hierarchy AS (
                                SELECT id, parent_id, id as root_id
                                FROM regions
                                WHERE id = 9
                                UNION ALL
                                SELECT r.id, r.parent_id, rh.root_id
                                FROM regions r
                                JOIN region_hierarchy rh ON r.id = rh.parent_id
                            )
                            SELECT root_id FROM region_hierarchy 
                            WHERE parent_id IS NULL
                            LIMIT 1
                        )
                    WHERE id = 146;
UPDATE regions 
                    SET parent_id = 142,
                        root_region_id = (
                            WITH RECURSIVE region_hierarchy AS (
                                SELECT id, parent_id, id as root_id
                                FROM regions
                                WHERE id = 142
                                UNION ALL
                                SELECT r.id, r.parent_id, rh.root_id
                                FROM regions r
                                JOIN region_hierarchy rh ON r.id = rh.parent_id
                            )
                            SELECT root_id FROM region_hierarchy 
                            WHERE parent_id IS NULL
                            LIMIT 1
                        )
                    WHERE id = 147;
UPDATE regions 
                    SET parent_id = 124,
                        root_region_id = (
                            WITH RECURSIVE region_hierarchy AS (
                                SELECT id, parent_id, id as root_id
                                FROM regions
                                WHERE id = 124
                                UNION ALL
                                SELECT r.id, r.parent_id, rh.root_id
                                FROM regions r
                                JOIN region_hierarchy rh ON r.id = rh.parent_id
                            )
                            SELECT root_id FROM region_hierarchy 
                            WHERE parent_id IS NULL
                            LIMIT 1
                        )
                    WHERE id = 148;
UPDATE regions 
                    SET parent_id = 148,
                        root_region_id = (
                            WITH RECURSIVE region_hierarchy AS (
                                SELECT id, parent_id, id as root_id
                                FROM regions
                                WHERE id = 148
                                UNION ALL
                                SELECT r.id, r.parent_id, rh.root_id
                                FROM regions r
                                JOIN region_hierarchy rh ON r.id = rh.parent_id
                            )
                            SELECT root_id FROM region_hierarchy 
                            WHERE parent_id IS NULL
                            LIMIT 1
                        )
                    WHERE id = 149;
UPDATE regions 
                    SET parent_id = 49,
                        root_region_id = (
                            WITH RECURSIVE region_hierarchy AS (
                                SELECT id, parent_id, id as root_id
                                FROM regions
                                WHERE id = 49
                                UNION ALL
                                SELECT r.id, r.parent_id, rh.root_id
                                FROM regions r
                                JOIN region_hierarchy rh ON r.id = rh.parent_id
                            )
                            SELECT root_id FROM region_hierarchy 
                            WHERE parent_id IS NULL
                            LIMIT 1
                        )
                    WHERE id = 150;
UPDATE regions 
                    SET parent_id = 18,
                        root_region_id = (
                            WITH RECURSIVE region_hierarchy AS (
                                SELECT id, parent_id, id as root_id
                                FROM regions
                                WHERE id = 18
                                UNION ALL
                                SELECT r.id, r.parent_id, rh.root_id
                                FROM regions r
                                JOIN region_hierarchy rh ON r.id = rh.parent_id
                            )
                            SELECT root_id FROM region_hierarchy 
                            WHERE parent_id IS NULL
                            LIMIT 1
                        )
                    WHERE id = 151;
UPDATE regions 
                    SET parent_id = 85,
                        root_region_id = (
                            WITH RECURSIVE region_hierarchy AS (
                                SELECT id, parent_id, id as root_id
                                FROM regions
                                WHERE id = 85
                                UNION ALL
                                SELECT r.id, r.parent_id, rh.root_id
                                FROM regions r
                                JOIN region_hierarchy rh ON r.id = rh.parent_id
                            )
                            SELECT root_id FROM region_hierarchy 
                            WHERE parent_id IS NULL
                            LIMIT 1
                        )
                    WHERE id = 152;
UPDATE regions 
                    SET parent_id = 71,
                        root_region_id = (
                            WITH RECURSIVE region_hierarchy AS (
                                SELECT id, parent_id, id as root_id
                                FROM regions
                                WHERE id = 71
                                UNION ALL
                                SELECT r.id, r.parent_id, rh.root_id
                                FROM regions r
                                JOIN region_hierarchy rh ON r.id = rh.parent_id
                            )
                            SELECT root_id FROM region_hierarchy 
                            WHERE parent_id IS NULL
                            LIMIT 1
                        )
                    WHERE id = 153;
UPDATE regions 
                    SET parent_id = 79,
                        root_region_id = (
                            WITH RECURSIVE region_hierarchy AS (
                                SELECT id, parent_id, id as root_id
                                FROM regions
                                WHERE id = 79
                                UNION ALL
                                SELECT r.id, r.parent_id, rh.root_id
                                FROM regions r
                                JOIN region_hierarchy rh ON r.id = rh.parent_id
                            )
                            SELECT root_id FROM region_hierarchy 
                            WHERE parent_id IS NULL
                            LIMIT 1
                        )
                    WHERE id = 154;
UPDATE regions 
                    SET parent_id = 77,
                        root_region_id = (
                            WITH RECURSIVE region_hierarchy AS (
                                SELECT id, parent_id, id as root_id
                                FROM regions
                                WHERE id = 77
                                UNION ALL
                                SELECT r.id, r.parent_id, rh.root_id
                                FROM regions r
                                JOIN region_hierarchy rh ON r.id = rh.parent_id
                            )
                            SELECT root_id FROM region_hierarchy 
                            WHERE parent_id IS NULL
                            LIMIT 1
                        )
                    WHERE id = 155;
UPDATE regions 
                    SET parent_id = 15,
                        root_region_id = (
                            WITH RECURSIVE region_hierarchy AS (
                                SELECT id, parent_id, id as root_id
                                FROM regions
                                WHERE id = 15
                                UNION ALL
                                SELECT r.id, r.parent_id, rh.root_id
                                FROM regions r
                                JOIN region_hierarchy rh ON r.id = rh.parent_id
                            )
                            SELECT root_id FROM region_hierarchy 
                            WHERE parent_id IS NULL
                            LIMIT 1
                        )
                    WHERE id = 156;
UPDATE regions 
                    SET parent_id = 124,
                        root_region_id = (
                            WITH RECURSIVE region_hierarchy AS (
                                SELECT id, parent_id, id as root_id
                                FROM regions
                                WHERE id = 124
                                UNION ALL
                                SELECT r.id, r.parent_id, rh.root_id
                                FROM regions r
                                JOIN region_hierarchy rh ON r.id = rh.parent_id
                            )
                            SELECT root_id FROM region_hierarchy 
                            WHERE parent_id IS NULL
                            LIMIT 1
                        )
                    WHERE id = 157;
UPDATE regions 
                    SET parent_id = 157,
                        root_region_id = (
                            WITH RECURSIVE region_hierarchy AS (
                                SELECT id, parent_id, id as root_id
                                FROM regions
                                WHERE id = 157
                                UNION ALL
                                SELECT r.id, r.parent_id, rh.root_id
                                FROM regions r
                                JOIN region_hierarchy rh ON r.id = rh.parent_id
                            )
                            SELECT root_id FROM region_hierarchy 
                            WHERE parent_id IS NULL
                            LIMIT 1
                        )
                    WHERE id = 158;
UPDATE regions 
                    SET parent_id = 65,
                        root_region_id = (
                            WITH RECURSIVE region_hierarchy AS (
                                SELECT id, parent_id, id as root_id
                                FROM regions
                                WHERE id = 65
                                UNION ALL
                                SELECT r.id, r.parent_id, rh.root_id
                                FROM regions r
                                JOIN region_hierarchy rh ON r.id = rh.parent_id
                            )
                            SELECT root_id FROM region_hierarchy 
                            WHERE parent_id IS NULL
                            LIMIT 1
                        )
                    WHERE id = 159;
UPDATE regions 
                    SET parent_id = 11,
                        root_region_id = (
                            WITH RECURSIVE region_hierarchy AS (
                                SELECT id, parent_id, id as root_id
                                FROM regions
                                WHERE id = 11
                                UNION ALL
                                SELECT r.id, r.parent_id, rh.root_id
                                FROM regions r
                                JOIN region_hierarchy rh ON r.id = rh.parent_id
                            )
                            SELECT root_id FROM region_hierarchy 
                            WHERE parent_id IS NULL
                            LIMIT 1
                        )
                    WHERE id = 160;
UPDATE regions 
                    SET parent_id = 71,
                        root_region_id = (
                            WITH RECURSIVE region_hierarchy AS (
                                SELECT id, parent_id, id as root_id
                                FROM regions
                                WHERE id = 71
                                UNION ALL
                                SELECT r.id, r.parent_id, rh.root_id
                                FROM regions r
                                JOIN region_hierarchy rh ON r.id = rh.parent_id
                            )
                            SELECT root_id FROM region_hierarchy 
                            WHERE parent_id IS NULL
                            LIMIT 1
                        )
                    WHERE id = 161;
UPDATE regions 
                    SET parent_id = 26,
                        root_region_id = (
                            WITH RECURSIVE region_hierarchy AS (
                                SELECT id, parent_id, id as root_id
                                FROM regions
                                WHERE id = 26
                                UNION ALL
                                SELECT r.id, r.parent_id, rh.root_id
                                FROM regions r
                                JOIN region_hierarchy rh ON r.id = rh.parent_id
                            )
                            SELECT root_id FROM region_hierarchy 
                            WHERE parent_id IS NULL
                            LIMIT 1
                        )
                    WHERE id = 162;
UPDATE regions 
                    SET parent_id = 71,
                        root_region_id = (
                            WITH RECURSIVE region_hierarchy AS (
                                SELECT id, parent_id, id as root_id
                                FROM regions
                                WHERE id = 71
                                UNION ALL
                                SELECT r.id, r.parent_id, rh.root_id
                                FROM regions r
                                JOIN region_hierarchy rh ON r.id = rh.parent_id
                            )
                            SELECT root_id FROM region_hierarchy 
                            WHERE parent_id IS NULL
                            LIMIT 1
                        )
                    WHERE id = 163;
UPDATE regions 
                    SET parent_id = 48,
                        root_region_id = (
                            WITH RECURSIVE region_hierarchy AS (
                                SELECT id, parent_id, id as root_id
                                FROM regions
                                WHERE id = 48
                                UNION ALL
                                SELECT r.id, r.parent_id, rh.root_id
                                FROM regions r
                                JOIN region_hierarchy rh ON r.id = rh.parent_id
                            )
                            SELECT root_id FROM region_hierarchy 
                            WHERE parent_id IS NULL
                            LIMIT 1
                        )
                    WHERE id = 165;
UPDATE regions 
                    SET parent_id = 39,
                        root_region_id = (
                            WITH RECURSIVE region_hierarchy AS (
                                SELECT id, parent_id, id as root_id
                                FROM regions
                                WHERE id = 39
                                UNION ALL
                                SELECT r.id, r.parent_id, rh.root_id
                                FROM regions r
                                JOIN region_hierarchy rh ON r.id = rh.parent_id
                            )
                            SELECT root_id FROM region_hierarchy 
                            WHERE parent_id IS NULL
                            LIMIT 1
                        )
                    WHERE id = 166;
UPDATE regions 
                    SET parent_id = 167,
                        root_region_id = (
                            WITH RECURSIVE region_hierarchy AS (
                                SELECT id, parent_id, id as root_id
                                FROM regions
                                WHERE id = 167
                                UNION ALL
                                SELECT r.id, r.parent_id, rh.root_id
                                FROM regions r
                                JOIN region_hierarchy rh ON r.id = rh.parent_id
                            )
                            SELECT root_id FROM region_hierarchy 
                            WHERE parent_id IS NULL
                            LIMIT 1
                        )
                    WHERE id = 168;
UPDATE regions 
                    SET parent_id = 168,
                        root_region_id = (
                            WITH RECURSIVE region_hierarchy AS (
                                SELECT id, parent_id, id as root_id
                                FROM regions
                                WHERE id = 168
                                UNION ALL
                                SELECT r.id, r.parent_id, rh.root_id
                                FROM regions r
                                JOIN region_hierarchy rh ON r.id = rh.parent_id
                            )
                            SELECT root_id FROM region_hierarchy 
                            WHERE parent_id IS NULL
                            LIMIT 1
                        )
                    WHERE id = 169;
UPDATE regions 
                    SET parent_id = 42,
                        root_region_id = (
                            WITH RECURSIVE region_hierarchy AS (
                                SELECT id, parent_id, id as root_id
                                FROM regions
                                WHERE id = 42
                                UNION ALL
                                SELECT r.id, r.parent_id, rh.root_id
                                FROM regions r
                                JOIN region_hierarchy rh ON r.id = rh.parent_id
                            )
                            SELECT root_id FROM region_hierarchy 
                            WHERE parent_id IS NULL
                            LIMIT 1
                        )
                    WHERE id = 170;
UPDATE regions 
                    SET parent_id = 56,
                        root_region_id = (
                            WITH RECURSIVE region_hierarchy AS (
                                SELECT id, parent_id, id as root_id
                                FROM regions
                                WHERE id = 56
                                UNION ALL
                                SELECT r.id, r.parent_id, rh.root_id
                                FROM regions r
                                JOIN region_hierarchy rh ON r.id = rh.parent_id
                            )
                            SELECT root_id FROM region_hierarchy 
                            WHERE parent_id IS NULL
                            LIMIT 1
                        )
                    WHERE id = 171;
UPDATE regions 
                    SET parent_id = 29,
                        root_region_id = (
                            WITH RECURSIVE region_hierarchy AS (
                                SELECT id, parent_id, id as root_id
                                FROM regions
                                WHERE id = 29
                                UNION ALL
                                SELECT r.id, r.parent_id, rh.root_id
                                FROM regions r
                                JOIN region_hierarchy rh ON r.id = rh.parent_id
                            )
                            SELECT root_id FROM region_hierarchy 
                            WHERE parent_id IS NULL
                            LIMIT 1
                        )
                    WHERE id = 172;
UPDATE regions 
                    SET parent_id = 71,
                        root_region_id = (
                            WITH RECURSIVE region_hierarchy AS (
                                SELECT id, parent_id, id as root_id
                                FROM regions
                                WHERE id = 71
                                UNION ALL
                                SELECT r.id, r.parent_id, rh.root_id
                                FROM regions r
                                JOIN region_hierarchy rh ON r.id = rh.parent_id
                            )
                            SELECT root_id FROM region_hierarchy 
                            WHERE parent_id IS NULL
                            LIMIT 1
                        )
                    WHERE id = 173;
UPDATE regions 
                    SET parent_id = 88,
                        root_region_id = (
                            WITH RECURSIVE region_hierarchy AS (
                                SELECT id, parent_id, id as root_id
                                FROM regions
                                WHERE id = 88
                                UNION ALL
                                SELECT r.id, r.parent_id, rh.root_id
                                FROM regions r
                                JOIN region_hierarchy rh ON r.id = rh.parent_id
                            )
                            SELECT root_id FROM region_hierarchy 
                            WHERE parent_id IS NULL
                            LIMIT 1
                        )
                    WHERE id = 174;
UPDATE regions 
                    SET parent_id = 132,
                        root_region_id = (
                            WITH RECURSIVE region_hierarchy AS (
                                SELECT id, parent_id, id as root_id
                                FROM regions
                                WHERE id = 132
                                UNION ALL
                                SELECT r.id, r.parent_id, rh.root_id
                                FROM regions r
                                JOIN region_hierarchy rh ON r.id = rh.parent_id
                            )
                            SELECT root_id FROM region_hierarchy 
                            WHERE parent_id IS NULL
                            LIMIT 1
                        )
                    WHERE id = 175;
UPDATE regions 
                    SET parent_id = 52,
                        root_region_id = (
                            WITH RECURSIVE region_hierarchy AS (
                                SELECT id, parent_id, id as root_id
                                FROM regions
                                WHERE id = 52
                                UNION ALL
                                SELECT r.id, r.parent_id, rh.root_id
                                FROM regions r
                                JOIN region_hierarchy rh ON r.id = rh.parent_id
                            )
                            SELECT root_id FROM region_hierarchy 
                            WHERE parent_id IS NULL
                            LIMIT 1
                        )
                    WHERE id = 176;
UPDATE regions 
                    SET parent_id = 86,
                        root_region_id = (
                            WITH RECURSIVE region_hierarchy AS (
                                SELECT id, parent_id, id as root_id
                                FROM regions
                                WHERE id = 86
                                UNION ALL
                                SELECT r.id, r.parent_id, rh.root_id
                                FROM regions r
                                JOIN region_hierarchy rh ON r.id = rh.parent_id
                            )
                            SELECT root_id FROM region_hierarchy 
                            WHERE parent_id IS NULL
                            LIMIT 1
                        )
                    WHERE id = 177;
UPDATE regions 
                    SET parent_id = 62,
                        root_region_id = (
                            WITH RECURSIVE region_hierarchy AS (
                                SELECT id, parent_id, id as root_id
                                FROM regions
                                WHERE id = 62
                                UNION ALL
                                SELECT r.id, r.parent_id, rh.root_id
                                FROM regions r
                                JOIN region_hierarchy rh ON r.id = rh.parent_id
                            )
                            SELECT root_id FROM region_hierarchy 
                            WHERE parent_id IS NULL
                            LIMIT 1
                        )
                    WHERE id = 178;
UPDATE regions 
                    SET parent_id = 85,
                        root_region_id = (
                            WITH RECURSIVE region_hierarchy AS (
                                SELECT id, parent_id, id as root_id
                                FROM regions
                                WHERE id = 85
                                UNION ALL
                                SELECT r.id, r.parent_id, rh.root_id
                                FROM regions r
                                JOIN region_hierarchy rh ON r.id = rh.parent_id
                            )
                            SELECT root_id FROM region_hierarchy 
                            WHERE parent_id IS NULL
                            LIMIT 1
                        )
                    WHERE id = 179;
UPDATE regions 
                    SET parent_id = 179,
                        root_region_id = (
                            WITH RECURSIVE region_hierarchy AS (
                                SELECT id, parent_id, id as root_id
                                FROM regions
                                WHERE id = 179
                                UNION ALL
                                SELECT r.id, r.parent_id, rh.root_id
                                FROM regions r
                                JOIN region_hierarchy rh ON r.id = rh.parent_id
                            )
                            SELECT root_id FROM region_hierarchy 
                            WHERE parent_id IS NULL
                            LIMIT 1
                        )
                    WHERE id = 180;
UPDATE regions 
                    SET parent_id = 159,
                        root_region_id = (
                            WITH RECURSIVE region_hierarchy AS (
                                SELECT id, parent_id, id as root_id
                                FROM regions
                                WHERE id = 159
                                UNION ALL
                                SELECT r.id, r.parent_id, rh.root_id
                                FROM regions r
                                JOIN region_hierarchy rh ON r.id = rh.parent_id
                            )
                            SELECT root_id FROM region_hierarchy 
                            WHERE parent_id IS NULL
                            LIMIT 1
                        )
                    WHERE id = 181;
UPDATE regions 
                    SET parent_id = 41,
                        root_region_id = (
                            WITH RECURSIVE region_hierarchy AS (
                                SELECT id, parent_id, id as root_id
                                FROM regions
                                WHERE id = 41
                                UNION ALL
                                SELECT r.id, r.parent_id, rh.root_id
                                FROM regions r
                                JOIN region_hierarchy rh ON r.id = rh.parent_id
                            )
                            SELECT root_id FROM region_hierarchy 
                            WHERE parent_id IS NULL
                            LIMIT 1
                        )
                    WHERE id = 182;
UPDATE regions 
                    SET parent_id = 71,
                        root_region_id = (
                            WITH RECURSIVE region_hierarchy AS (
                                SELECT id, parent_id, id as root_id
                                FROM regions
                                WHERE id = 71
                                UNION ALL
                                SELECT r.id, r.parent_id, rh.root_id
                                FROM regions r
                                JOIN region_hierarchy rh ON r.id = rh.parent_id
                            )
                            SELECT root_id FROM region_hierarchy 
                            WHERE parent_id IS NULL
                            LIMIT 1
                        )
                    WHERE id = 183;
UPDATE regions 
                    SET parent_id = 168,
                        root_region_id = (
                            WITH RECURSIVE region_hierarchy AS (
                                SELECT id, parent_id, id as root_id
                                FROM regions
                                WHERE id = 168
                                UNION ALL
                                SELECT r.id, r.parent_id, rh.root_id
                                FROM regions r
                                JOIN region_hierarchy rh ON r.id = rh.parent_id
                            )
                            SELECT root_id FROM region_hierarchy 
                            WHERE parent_id IS NULL
                            LIMIT 1
                        )
                    WHERE id = 184;
UPDATE regions 
                    SET parent_id = 107,
                        root_region_id = (
                            WITH RECURSIVE region_hierarchy AS (
                                SELECT id, parent_id, id as root_id
                                FROM regions
                                WHERE id = 107
                                UNION ALL
                                SELECT r.id, r.parent_id, rh.root_id
                                FROM regions r
                                JOIN region_hierarchy rh ON r.id = rh.parent_id
                            )
                            SELECT root_id FROM region_hierarchy 
                            WHERE parent_id IS NULL
                            LIMIT 1
                        )
                    WHERE id = 185;
UPDATE regions 
                    SET parent_id = 52,
                        root_region_id = (
                            WITH RECURSIVE region_hierarchy AS (
                                SELECT id, parent_id, id as root_id
                                FROM regions
                                WHERE id = 52
                                UNION ALL
                                SELECT r.id, r.parent_id, rh.root_id
                                FROM regions r
                                JOIN region_hierarchy rh ON r.id = rh.parent_id
                            )
                            SELECT root_id FROM region_hierarchy 
                            WHERE parent_id IS NULL
                            LIMIT 1
                        )
                    WHERE id = 186;
UPDATE regions 
                    SET parent_id = 26,
                        root_region_id = (
                            WITH RECURSIVE region_hierarchy AS (
                                SELECT id, parent_id, id as root_id
                                FROM regions
                                WHERE id = 26
                                UNION ALL
                                SELECT r.id, r.parent_id, rh.root_id
                                FROM regions r
                                JOIN region_hierarchy rh ON r.id = rh.parent_id
                            )
                            SELECT root_id FROM region_hierarchy 
                            WHERE parent_id IS NULL
                            LIMIT 1
                        )
                    WHERE id = 187;
UPDATE regions 
                    SET parent_id = 4,
                        root_region_id = (
                            WITH RECURSIVE region_hierarchy AS (
                                SELECT id, parent_id, id as root_id
                                FROM regions
                                WHERE id = 4
                                UNION ALL
                                SELECT r.id, r.parent_id, rh.root_id
                                FROM regions r
                                JOIN region_hierarchy rh ON r.id = rh.parent_id
                            )
                            SELECT root_id FROM region_hierarchy 
                            WHERE parent_id IS NULL
                            LIMIT 1
                        )
                    WHERE id = 188;
UPDATE regions 
                    SET parent_id = 107,
                        root_region_id = (
                            WITH RECURSIVE region_hierarchy AS (
                                SELECT id, parent_id, id as root_id
                                FROM regions
                                WHERE id = 107
                                UNION ALL
                                SELECT r.id, r.parent_id, rh.root_id
                                FROM regions r
                                JOIN region_hierarchy rh ON r.id = rh.parent_id
                            )
                            SELECT root_id FROM region_hierarchy 
                            WHERE parent_id IS NULL
                            LIMIT 1
                        )
                    WHERE id = 189;
UPDATE regions 
                    SET parent_id = 8,
                        root_region_id = (
                            WITH RECURSIVE region_hierarchy AS (
                                SELECT id, parent_id, id as root_id
                                FROM regions
                                WHERE id = 8
                                UNION ALL
                                SELECT r.id, r.parent_id, rh.root_id
                                FROM regions r
                                JOIN region_hierarchy rh ON r.id = rh.parent_id
                            )
                            SELECT root_id FROM region_hierarchy 
                            WHERE parent_id IS NULL
                            LIMIT 1
                        )
                    WHERE id = 190;
UPDATE regions 
                    SET parent_id = 102,
                        root_region_id = (
                            WITH RECURSIVE region_hierarchy AS (
                                SELECT id, parent_id, id as root_id
                                FROM regions
                                WHERE id = 102
                                UNION ALL
                                SELECT r.id, r.parent_id, rh.root_id
                                FROM regions r
                                JOIN region_hierarchy rh ON r.id = rh.parent_id
                            )
                            SELECT root_id FROM region_hierarchy 
                            WHERE parent_id IS NULL
                            LIMIT 1
                        )
                    WHERE id = 191;
UPDATE regions 
                    SET parent_id = 165,
                        root_region_id = (
                            WITH RECURSIVE region_hierarchy AS (
                                SELECT id, parent_id, id as root_id
                                FROM regions
                                WHERE id = 165
                                UNION ALL
                                SELECT r.id, r.parent_id, rh.root_id
                                FROM regions r
                                JOIN region_hierarchy rh ON r.id = rh.parent_id
                            )
                            SELECT root_id FROM region_hierarchy 
                            WHERE parent_id IS NULL
                            LIMIT 1
                        )
                    WHERE id = 192;
UPDATE regions 
                    SET parent_id = 102,
                        root_region_id = (
                            WITH RECURSIVE region_hierarchy AS (
                                SELECT id, parent_id, id as root_id
                                FROM regions
                                WHERE id = 102
                                UNION ALL
                                SELECT r.id, r.parent_id, rh.root_id
                                FROM regions r
                                JOIN region_hierarchy rh ON r.id = rh.parent_id
                            )
                            SELECT root_id FROM region_hierarchy 
                            WHERE parent_id IS NULL
                            LIMIT 1
                        )
                    WHERE id = 193;
UPDATE regions 
                    SET parent_id = 134,
                        root_region_id = (
                            WITH RECURSIVE region_hierarchy AS (
                                SELECT id, parent_id, id as root_id
                                FROM regions
                                WHERE id = 134
                                UNION ALL
                                SELECT r.id, r.parent_id, rh.root_id
                                FROM regions r
                                JOIN region_hierarchy rh ON r.id = rh.parent_id
                            )
                            SELECT root_id FROM region_hierarchy 
                            WHERE parent_id IS NULL
                            LIMIT 1
                        )
                    WHERE id = 194;
UPDATE regions 
                    SET parent_id = 37,
                        root_region_id = (
                            WITH RECURSIVE region_hierarchy AS (
                                SELECT id, parent_id, id as root_id
                                FROM regions
                                WHERE id = 37
                                UNION ALL
                                SELECT r.id, r.parent_id, rh.root_id
                                FROM regions r
                                JOIN region_hierarchy rh ON r.id = rh.parent_id
                            )
                            SELECT root_id FROM region_hierarchy 
                            WHERE parent_id IS NULL
                            LIMIT 1
                        )
                    WHERE id = 195;
UPDATE regions 
                    SET parent_id = 14,
                        root_region_id = (
                            WITH RECURSIVE region_hierarchy AS (
                                SELECT id, parent_id, id as root_id
                                FROM regions
                                WHERE id = 14
                                UNION ALL
                                SELECT r.id, r.parent_id, rh.root_id
                                FROM regions r
                                JOIN region_hierarchy rh ON r.id = rh.parent_id
                            )
                            SELECT root_id FROM region_hierarchy 
                            WHERE parent_id IS NULL
                            LIMIT 1
                        )
                    WHERE id = 196;
UPDATE regions 
                    SET parent_id = 65,
                        root_region_id = (
                            WITH RECURSIVE region_hierarchy AS (
                                SELECT id, parent_id, id as root_id
                                FROM regions
                                WHERE id = 65
                                UNION ALL
                                SELECT r.id, r.parent_id, rh.root_id
                                FROM regions r
                                JOIN region_hierarchy rh ON r.id = rh.parent_id
                            )
                            SELECT root_id FROM region_hierarchy 
                            WHERE parent_id IS NULL
                            LIMIT 1
                        )
                    WHERE id = 197;
UPDATE regions 
                    SET parent_id = 14,
                        root_region_id = (
                            WITH RECURSIVE region_hierarchy AS (
                                SELECT id, parent_id, id as root_id
                                FROM regions
                                WHERE id = 14
                                UNION ALL
                                SELECT r.id, r.parent_id, rh.root_id
                                FROM regions r
                                JOIN region_hierarchy rh ON r.id = rh.parent_id
                            )
                            SELECT root_id FROM region_hierarchy 
                            WHERE parent_id IS NULL
                            LIMIT 1
                        )
                    WHERE id = 198;
UPDATE regions 
                    SET parent_id = 93,
                        root_region_id = (
                            WITH RECURSIVE region_hierarchy AS (
                                SELECT id, parent_id, id as root_id
                                FROM regions
                                WHERE id = 93
                                UNION ALL
                                SELECT r.id, r.parent_id, rh.root_id
                                FROM regions r
                                JOIN region_hierarchy rh ON r.id = rh.parent_id
                            )
                            SELECT root_id FROM region_hierarchy 
                            WHERE parent_id IS NULL
                            LIMIT 1
                        )
                    WHERE id = 199;
UPDATE regions 
                    SET parent_id = 200,
                        root_region_id = (
                            WITH RECURSIVE region_hierarchy AS (
                                SELECT id, parent_id, id as root_id
                                FROM regions
                                WHERE id = 200
                                UNION ALL
                                SELECT r.id, r.parent_id, rh.root_id
                                FROM regions r
                                JOIN region_hierarchy rh ON r.id = rh.parent_id
                            )
                            SELECT root_id FROM region_hierarchy 
                            WHERE parent_id IS NULL
                            LIMIT 1
                        )
                    WHERE id = 201;
UPDATE regions 
                    SET parent_id = 46,
                        root_region_id = (
                            WITH RECURSIVE region_hierarchy AS (
                                SELECT id, parent_id, id as root_id
                                FROM regions
                                WHERE id = 46
                                UNION ALL
                                SELECT r.id, r.parent_id, rh.root_id
                                FROM regions r
                                JOIN region_hierarchy rh ON r.id = rh.parent_id
                            )
                            SELECT root_id FROM region_hierarchy 
                            WHERE parent_id IS NULL
                            LIMIT 1
                        )
                    WHERE id = 202;
UPDATE regions 
                    SET parent_id = 15,
                        root_region_id = (
                            WITH RECURSIVE region_hierarchy AS (
                                SELECT id, parent_id, id as root_id
                                FROM regions
                                WHERE id = 15
                                UNION ALL
                                SELECT r.id, r.parent_id, rh.root_id
                                FROM regions r
                                JOIN region_hierarchy rh ON r.id = rh.parent_id
                            )
                            SELECT root_id FROM region_hierarchy 
                            WHERE parent_id IS NULL
                            LIMIT 1
                        )
                    WHERE id = 203;
UPDATE regions 
                    SET parent_id = 116,
                        root_region_id = (
                            WITH RECURSIVE region_hierarchy AS (
                                SELECT id, parent_id, id as root_id
                                FROM regions
                                WHERE id = 116
                                UNION ALL
                                SELECT r.id, r.parent_id, rh.root_id
                                FROM regions r
                                JOIN region_hierarchy rh ON r.id = rh.parent_id
                            )
                            SELECT root_id FROM region_hierarchy 
                            WHERE parent_id IS NULL
                            LIMIT 1
                        )
                    WHERE id = 204;
UPDATE regions 
                    SET parent_id = 52,
                        root_region_id = (
                            WITH RECURSIVE region_hierarchy AS (
                                SELECT id, parent_id, id as root_id
                                FROM regions
                                WHERE id = 52
                                UNION ALL
                                SELECT r.id, r.parent_id, rh.root_id
                                FROM regions r
                                JOIN region_hierarchy rh ON r.id = rh.parent_id
                            )
                            SELECT root_id FROM region_hierarchy 
                            WHERE parent_id IS NULL
                            LIMIT 1
                        )
                    WHERE id = 205;
UPDATE regions 
                    SET parent_id = 62,
                        root_region_id = (
                            WITH RECURSIVE region_hierarchy AS (
                                SELECT id, parent_id, id as root_id
                                FROM regions
                                WHERE id = 62
                                UNION ALL
                                SELECT r.id, r.parent_id, rh.root_id
                                FROM regions r
                                JOIN region_hierarchy rh ON r.id = rh.parent_id
                            )
                            SELECT root_id FROM region_hierarchy 
                            WHERE parent_id IS NULL
                            LIMIT 1
                        )
                    WHERE id = 206;
UPDATE regions 
                    SET parent_id = 29,
                        root_region_id = (
                            WITH RECURSIVE region_hierarchy AS (
                                SELECT id, parent_id, id as root_id
                                FROM regions
                                WHERE id = 29
                                UNION ALL
                                SELECT r.id, r.parent_id, rh.root_id
                                FROM regions r
                                JOIN region_hierarchy rh ON r.id = rh.parent_id
                            )
                            SELECT root_id FROM region_hierarchy 
                            WHERE parent_id IS NULL
                            LIMIT 1
                        )
                    WHERE id = 207;
UPDATE regions 
                    SET parent_id = 32,
                        root_region_id = (
                            WITH RECURSIVE region_hierarchy AS (
                                SELECT id, parent_id, id as root_id
                                FROM regions
                                WHERE id = 32
                                UNION ALL
                                SELECT r.id, r.parent_id, rh.root_id
                                FROM regions r
                                JOIN region_hierarchy rh ON r.id = rh.parent_id
                            )
                            SELECT root_id FROM region_hierarchy 
                            WHERE parent_id IS NULL
                            LIMIT 1
                        )
                    WHERE id = 208;
UPDATE regions 
                    SET parent_id = 208,
                        root_region_id = (
                            WITH RECURSIVE region_hierarchy AS (
                                SELECT id, parent_id, id as root_id
                                FROM regions
                                WHERE id = 208
                                UNION ALL
                                SELECT r.id, r.parent_id, rh.root_id
                                FROM regions r
                                JOIN region_hierarchy rh ON r.id = rh.parent_id
                            )
                            SELECT root_id FROM region_hierarchy 
                            WHERE parent_id IS NULL
                            LIMIT 1
                        )
                    WHERE id = 209;
UPDATE regions 
                    SET parent_id = 209,
                        root_region_id = (
                            WITH RECURSIVE region_hierarchy AS (
                                SELECT id, parent_id, id as root_id
                                FROM regions
                                WHERE id = 209
                                UNION ALL
                                SELECT r.id, r.parent_id, rh.root_id
                                FROM regions r
                                JOIN region_hierarchy rh ON r.id = rh.parent_id
                            )
                            SELECT root_id FROM region_hierarchy 
                            WHERE parent_id IS NULL
                            LIMIT 1
                        )
                    WHERE id = 210;
UPDATE regions 
                    SET parent_id = 106,
                        root_region_id = (
                            WITH RECURSIVE region_hierarchy AS (
                                SELECT id, parent_id, id as root_id
                                FROM regions
                                WHERE id = 106
                                UNION ALL
                                SELECT r.id, r.parent_id, rh.root_id
                                FROM regions r
                                JOIN region_hierarchy rh ON r.id = rh.parent_id
                            )
                            SELECT root_id FROM region_hierarchy 
                            WHERE parent_id IS NULL
                            LIMIT 1
                        )
                    WHERE id = 211;
UPDATE regions 
                    SET parent_id = 211,
                        root_region_id = (
                            WITH RECURSIVE region_hierarchy AS (
                                SELECT id, parent_id, id as root_id
                                FROM regions
                                WHERE id = 211
                                UNION ALL
                                SELECT r.id, r.parent_id, rh.root_id
                                FROM regions r
                                JOIN region_hierarchy rh ON r.id = rh.parent_id
                            )
                            SELECT root_id FROM region_hierarchy 
                            WHERE parent_id IS NULL
                            LIMIT 1
                        )
                    WHERE id = 212;
UPDATE regions 
                    SET parent_id = 88,
                        root_region_id = (
                            WITH RECURSIVE region_hierarchy AS (
                                SELECT id, parent_id, id as root_id
                                FROM regions
                                WHERE id = 88
                                UNION ALL
                                SELECT r.id, r.parent_id, rh.root_id
                                FROM regions r
                                JOIN region_hierarchy rh ON r.id = rh.parent_id
                            )
                            SELECT root_id FROM region_hierarchy 
                            WHERE parent_id IS NULL
                            LIMIT 1
                        )
                    WHERE id = 213;
UPDATE regions 
                    SET parent_id = 52,
                        root_region_id = (
                            WITH RECURSIVE region_hierarchy AS (
                                SELECT id, parent_id, id as root_id
                                FROM regions
                                WHERE id = 52
                                UNION ALL
                                SELECT r.id, r.parent_id, rh.root_id
                                FROM regions r
                                JOIN region_hierarchy rh ON r.id = rh.parent_id
                            )
                            SELECT root_id FROM region_hierarchy 
                            WHERE parent_id IS NULL
                            LIMIT 1
                        )
                    WHERE id = 214;
UPDATE regions 
                    SET parent_id = 26,
                        root_region_id = (
                            WITH RECURSIVE region_hierarchy AS (
                                SELECT id, parent_id, id as root_id
                                FROM regions
                                WHERE id = 26
                                UNION ALL
                                SELECT r.id, r.parent_id, rh.root_id
                                FROM regions r
                                JOIN region_hierarchy rh ON r.id = rh.parent_id
                            )
                            SELECT root_id FROM region_hierarchy 
                            WHERE parent_id IS NULL
                            LIMIT 1
                        )
                    WHERE id = 215;
UPDATE regions 
                    SET parent_id = 79,
                        root_region_id = (
                            WITH RECURSIVE region_hierarchy AS (
                                SELECT id, parent_id, id as root_id
                                FROM regions
                                WHERE id = 79
                                UNION ALL
                                SELECT r.id, r.parent_id, rh.root_id
                                FROM regions r
                                JOIN region_hierarchy rh ON r.id = rh.parent_id
                            )
                            SELECT root_id FROM region_hierarchy 
                            WHERE parent_id IS NULL
                            LIMIT 1
                        )
                    WHERE id = 216;
UPDATE regions 
                    SET parent_id = 216,
                        root_region_id = (
                            WITH RECURSIVE region_hierarchy AS (
                                SELECT id, parent_id, id as root_id
                                FROM regions
                                WHERE id = 216
                                UNION ALL
                                SELECT r.id, r.parent_id, rh.root_id
                                FROM regions r
                                JOIN region_hierarchy rh ON r.id = rh.parent_id
                            )
                            SELECT root_id FROM region_hierarchy 
                            WHERE parent_id IS NULL
                            LIMIT 1
                        )
                    WHERE id = 217;
UPDATE regions 
                    SET parent_id = 37,
                        root_region_id = (
                            WITH RECURSIVE region_hierarchy AS (
                                SELECT id, parent_id, id as root_id
                                FROM regions
                                WHERE id = 37
                                UNION ALL
                                SELECT r.id, r.parent_id, rh.root_id
                                FROM regions r
                                JOIN region_hierarchy rh ON r.id = rh.parent_id
                            )
                            SELECT root_id FROM region_hierarchy 
                            WHERE parent_id IS NULL
                            LIMIT 1
                        )
                    WHERE id = 218;
UPDATE regions 
                    SET parent_id = 23,
                        root_region_id = (
                            WITH RECURSIVE region_hierarchy AS (
                                SELECT id, parent_id, id as root_id
                                FROM regions
                                WHERE id = 23
                                UNION ALL
                                SELECT r.id, r.parent_id, rh.root_id
                                FROM regions r
                                JOIN region_hierarchy rh ON r.id = rh.parent_id
                            )
                            SELECT root_id FROM region_hierarchy 
                            WHERE parent_id IS NULL
                            LIMIT 1
                        )
                    WHERE id = 219;
UPDATE regions 
                    SET parent_id = 134,
                        root_region_id = (
                            WITH RECURSIVE region_hierarchy AS (
                                SELECT id, parent_id, id as root_id
                                FROM regions
                                WHERE id = 134
                                UNION ALL
                                SELECT r.id, r.parent_id, rh.root_id
                                FROM regions r
                                JOIN region_hierarchy rh ON r.id = rh.parent_id
                            )
                            SELECT root_id FROM region_hierarchy 
                            WHERE parent_id IS NULL
                            LIMIT 1
                        )
                    WHERE id = 220;
UPDATE regions 
                    SET parent_id = 132,
                        root_region_id = (
                            WITH RECURSIVE region_hierarchy AS (
                                SELECT id, parent_id, id as root_id
                                FROM regions
                                WHERE id = 132
                                UNION ALL
                                SELECT r.id, r.parent_id, rh.root_id
                                FROM regions r
                                JOIN region_hierarchy rh ON r.id = rh.parent_id
                            )
                            SELECT root_id FROM region_hierarchy 
                            WHERE parent_id IS NULL
                            LIMIT 1
                        )
                    WHERE id = 221;
UPDATE regions 
                    SET parent_id = 28,
                        root_region_id = (
                            WITH RECURSIVE region_hierarchy AS (
                                SELECT id, parent_id, id as root_id
                                FROM regions
                                WHERE id = 28
                                UNION ALL
                                SELECT r.id, r.parent_id, rh.root_id
                                FROM regions r
                                JOIN region_hierarchy rh ON r.id = rh.parent_id
                            )
                            SELECT root_id FROM region_hierarchy 
                            WHERE parent_id IS NULL
                            LIMIT 1
                        )
                    WHERE id = 222;
UPDATE regions 
                    SET parent_id = 168,
                        root_region_id = (
                            WITH RECURSIVE region_hierarchy AS (
                                SELECT id, parent_id, id as root_id
                                FROM regions
                                WHERE id = 168
                                UNION ALL
                                SELECT r.id, r.parent_id, rh.root_id
                                FROM regions r
                                JOIN region_hierarchy rh ON r.id = rh.parent_id
                            )
                            SELECT root_id FROM region_hierarchy 
                            WHERE parent_id IS NULL
                            LIMIT 1
                        )
                    WHERE id = 223;
UPDATE regions 
                    SET parent_id = 39,
                        root_region_id = (
                            WITH RECURSIVE region_hierarchy AS (
                                SELECT id, parent_id, id as root_id
                                FROM regions
                                WHERE id = 39
                                UNION ALL
                                SELECT r.id, r.parent_id, rh.root_id
                                FROM regions r
                                JOIN region_hierarchy rh ON r.id = rh.parent_id
                            )
                            SELECT root_id FROM region_hierarchy 
                            WHERE parent_id IS NULL
                            LIMIT 1
                        )
                    WHERE id = 224;
UPDATE regions 
                    SET parent_id = 14,
                        root_region_id = (
                            WITH RECURSIVE region_hierarchy AS (
                                SELECT id, parent_id, id as root_id
                                FROM regions
                                WHERE id = 14
                                UNION ALL
                                SELECT r.id, r.parent_id, rh.root_id
                                FROM regions r
                                JOIN region_hierarchy rh ON r.id = rh.parent_id
                            )
                            SELECT root_id FROM region_hierarchy 
                            WHERE parent_id IS NULL
                            LIMIT 1
                        )
                    WHERE id = 225;
UPDATE regions 
                    SET parent_id = 165,
                        root_region_id = (
                            WITH RECURSIVE region_hierarchy AS (
                                SELECT id, parent_id, id as root_id
                                FROM regions
                                WHERE id = 165
                                UNION ALL
                                SELECT r.id, r.parent_id, rh.root_id
                                FROM regions r
                                JOIN region_hierarchy rh ON r.id = rh.parent_id
                            )
                            SELECT root_id FROM region_hierarchy 
                            WHERE parent_id IS NULL
                            LIMIT 1
                        )
                    WHERE id = 226;
UPDATE regions 
                    SET parent_id = 9,
                        root_region_id = (
                            WITH RECURSIVE region_hierarchy AS (
                                SELECT id, parent_id, id as root_id
                                FROM regions
                                WHERE id = 9
                                UNION ALL
                                SELECT r.id, r.parent_id, rh.root_id
                                FROM regions r
                                JOIN region_hierarchy rh ON r.id = rh.parent_id
                            )
                            SELECT root_id FROM region_hierarchy 
                            WHERE parent_id IS NULL
                            LIMIT 1
                        )
                    WHERE id = 227;
UPDATE regions 
                    SET parent_id = 5,
                        root_region_id = (
                            WITH RECURSIVE region_hierarchy AS (
                                SELECT id, parent_id, id as root_id
                                FROM regions
                                WHERE id = 5
                                UNION ALL
                                SELECT r.id, r.parent_id, rh.root_id
                                FROM regions r
                                JOIN region_hierarchy rh ON r.id = rh.parent_id
                            )
                            SELECT root_id FROM region_hierarchy 
                            WHERE parent_id IS NULL
                            LIMIT 1
                        )
                    WHERE id = 228;
UPDATE regions 
                    SET parent_id = 93,
                        root_region_id = (
                            WITH RECURSIVE region_hierarchy AS (
                                SELECT id, parent_id, id as root_id
                                FROM regions
                                WHERE id = 93
                                UNION ALL
                                SELECT r.id, r.parent_id, rh.root_id
                                FROM regions r
                                JOIN region_hierarchy rh ON r.id = rh.parent_id
                            )
                            SELECT root_id FROM region_hierarchy 
                            WHERE parent_id IS NULL
                            LIMIT 1
                        )
                    WHERE id = 229;
UPDATE regions 
                    SET parent_id = 168,
                        root_region_id = (
                            WITH RECURSIVE region_hierarchy AS (
                                SELECT id, parent_id, id as root_id
                                FROM regions
                                WHERE id = 168
                                UNION ALL
                                SELECT r.id, r.parent_id, rh.root_id
                                FROM regions r
                                JOIN region_hierarchy rh ON r.id = rh.parent_id
                            )
                            SELECT root_id FROM region_hierarchy 
                            WHERE parent_id IS NULL
                            LIMIT 1
                        )
                    WHERE id = 230;
UPDATE regions 
                    SET parent_id = 134,
                        root_region_id = (
                            WITH RECURSIVE region_hierarchy AS (
                                SELECT id, parent_id, id as root_id
                                FROM regions
                                WHERE id = 134
                                UNION ALL
                                SELECT r.id, r.parent_id, rh.root_id
                                FROM regions r
                                JOIN region_hierarchy rh ON r.id = rh.parent_id
                            )
                            SELECT root_id FROM region_hierarchy 
                            WHERE parent_id IS NULL
                            LIMIT 1
                        )
                    WHERE id = 231;
UPDATE regions 
                    SET parent_id = 157,
                        root_region_id = (
                            WITH RECURSIVE region_hierarchy AS (
                                SELECT id, parent_id, id as root_id
                                FROM regions
                                WHERE id = 157
                                UNION ALL
                                SELECT r.id, r.parent_id, rh.root_id
                                FROM regions r
                                JOIN region_hierarchy rh ON r.id = rh.parent_id
                            )
                            SELECT root_id FROM region_hierarchy 
                            WHERE parent_id IS NULL
                            LIMIT 1
                        )
                    WHERE id = 232;
UPDATE regions 
                    SET parent_id = 9,
                        root_region_id = (
                            WITH RECURSIVE region_hierarchy AS (
                                SELECT id, parent_id, id as root_id
                                FROM regions
                                WHERE id = 9
                                UNION ALL
                                SELECT r.id, r.parent_id, rh.root_id
                                FROM regions r
                                JOIN region_hierarchy rh ON r.id = rh.parent_id
                            )
                            SELECT root_id FROM region_hierarchy 
                            WHERE parent_id IS NULL
                            LIMIT 1
                        )
                    WHERE id = 233;
UPDATE regions 
                    SET parent_id = 15,
                        root_region_id = (
                            WITH RECURSIVE region_hierarchy AS (
                                SELECT id, parent_id, id as root_id
                                FROM regions
                                WHERE id = 15
                                UNION ALL
                                SELECT r.id, r.parent_id, rh.root_id
                                FROM regions r
                                JOIN region_hierarchy rh ON r.id = rh.parent_id
                            )
                            SELECT root_id FROM region_hierarchy 
                            WHERE parent_id IS NULL
                            LIMIT 1
                        )
                    WHERE id = 234;
UPDATE regions 
                    SET parent_id = 71,
                        root_region_id = (
                            WITH RECURSIVE region_hierarchy AS (
                                SELECT id, parent_id, id as root_id
                                FROM regions
                                WHERE id = 71
                                UNION ALL
                                SELECT r.id, r.parent_id, rh.root_id
                                FROM regions r
                                JOIN region_hierarchy rh ON r.id = rh.parent_id
                            )
                            SELECT root_id FROM region_hierarchy 
                            WHERE parent_id IS NULL
                            LIMIT 1
                        )
                    WHERE id = 235;
UPDATE regions 
                    SET parent_id = 85,
                        root_region_id = (
                            WITH RECURSIVE region_hierarchy AS (
                                SELECT id, parent_id, id as root_id
                                FROM regions
                                WHERE id = 85
                                UNION ALL
                                SELECT r.id, r.parent_id, rh.root_id
                                FROM regions r
                                JOIN region_hierarchy rh ON r.id = rh.parent_id
                            )
                            SELECT root_id FROM region_hierarchy 
                            WHERE parent_id IS NULL
                            LIMIT 1
                        )
                    WHERE id = 236;
UPDATE regions 
                    SET parent_id = 73,
                        root_region_id = (
                            WITH RECURSIVE region_hierarchy AS (
                                SELECT id, parent_id, id as root_id
                                FROM regions
                                WHERE id = 73
                                UNION ALL
                                SELECT r.id, r.parent_id, rh.root_id
                                FROM regions r
                                JOIN region_hierarchy rh ON r.id = rh.parent_id
                            )
                            SELECT root_id FROM region_hierarchy 
                            WHERE parent_id IS NULL
                            LIMIT 1
                        )
                    WHERE id = 237;
UPDATE regions 
                    SET parent_id = 118,
                        root_region_id = (
                            WITH RECURSIVE region_hierarchy AS (
                                SELECT id, parent_id, id as root_id
                                FROM regions
                                WHERE id = 118
                                UNION ALL
                                SELECT r.id, r.parent_id, rh.root_id
                                FROM regions r
                                JOIN region_hierarchy rh ON r.id = rh.parent_id
                            )
                            SELECT root_id FROM region_hierarchy 
                            WHERE parent_id IS NULL
                            LIMIT 1
                        )
                    WHERE id = 238;
UPDATE regions 
                    SET parent_id = 239,
                        root_region_id = (
                            WITH RECURSIVE region_hierarchy AS (
                                SELECT id, parent_id, id as root_id
                                FROM regions
                                WHERE id = 239
                                UNION ALL
                                SELECT r.id, r.parent_id, rh.root_id
                                FROM regions r
                                JOIN region_hierarchy rh ON r.id = rh.parent_id
                            )
                            SELECT root_id FROM region_hierarchy 
                            WHERE parent_id IS NULL
                            LIMIT 1
                        )
                    WHERE id = 240;
UPDATE regions 
                    SET parent_id = 36,
                        root_region_id = (
                            WITH RECURSIVE region_hierarchy AS (
                                SELECT id, parent_id, id as root_id
                                FROM regions
                                WHERE id = 36
                                UNION ALL
                                SELECT r.id, r.parent_id, rh.root_id
                                FROM regions r
                                JOIN region_hierarchy rh ON r.id = rh.parent_id
                            )
                            SELECT root_id FROM region_hierarchy 
                            WHERE parent_id IS NULL
                            LIMIT 1
                        )
                    WHERE id = 241;
UPDATE regions 
                    SET parent_id = 241,
                        root_region_id = (
                            WITH RECURSIVE region_hierarchy AS (
                                SELECT id, parent_id, id as root_id
                                FROM regions
                                WHERE id = 241
                                UNION ALL
                                SELECT r.id, r.parent_id, rh.root_id
                                FROM regions r
                                JOIN region_hierarchy rh ON r.id = rh.parent_id
                            )
                            SELECT root_id FROM region_hierarchy 
                            WHERE parent_id IS NULL
                            LIMIT 1
                        )
                    WHERE id = 242;
UPDATE regions 
                    SET parent_id = 71,
                        root_region_id = (
                            WITH RECURSIVE region_hierarchy AS (
                                SELECT id, parent_id, id as root_id
                                FROM regions
                                WHERE id = 71
                                UNION ALL
                                SELECT r.id, r.parent_id, rh.root_id
                                FROM regions r
                                JOIN region_hierarchy rh ON r.id = rh.parent_id
                            )
                            SELECT root_id FROM region_hierarchy 
                            WHERE parent_id IS NULL
                            LIMIT 1
                        )
                    WHERE id = 243;
UPDATE regions 
                    SET parent_id = 124,
                        root_region_id = (
                            WITH RECURSIVE region_hierarchy AS (
                                SELECT id, parent_id, id as root_id
                                FROM regions
                                WHERE id = 124
                                UNION ALL
                                SELECT r.id, r.parent_id, rh.root_id
                                FROM regions r
                                JOIN region_hierarchy rh ON r.id = rh.parent_id
                            )
                            SELECT root_id FROM region_hierarchy 
                            WHERE parent_id IS NULL
                            LIMIT 1
                        )
                    WHERE id = 244;
UPDATE regions 
                    SET parent_id = 102,
                        root_region_id = (
                            WITH RECURSIVE region_hierarchy AS (
                                SELECT id, parent_id, id as root_id
                                FROM regions
                                WHERE id = 102
                                UNION ALL
                                SELECT r.id, r.parent_id, rh.root_id
                                FROM regions r
                                JOIN region_hierarchy rh ON r.id = rh.parent_id
                            )
                            SELECT root_id FROM region_hierarchy 
                            WHERE parent_id IS NULL
                            LIMIT 1
                        )
                    WHERE id = 245;
UPDATE regions 
                    SET parent_id = 87,
                        root_region_id = (
                            WITH RECURSIVE region_hierarchy AS (
                                SELECT id, parent_id, id as root_id
                                FROM regions
                                WHERE id = 87
                                UNION ALL
                                SELECT r.id, r.parent_id, rh.root_id
                                FROM regions r
                                JOIN region_hierarchy rh ON r.id = rh.parent_id
                            )
                            SELECT root_id FROM region_hierarchy 
                            WHERE parent_id IS NULL
                            LIMIT 1
                        )
                    WHERE id = 246;
UPDATE regions 
                    SET parent_id = 246,
                        root_region_id = (
                            WITH RECURSIVE region_hierarchy AS (
                                SELECT id, parent_id, id as root_id
                                FROM regions
                                WHERE id = 246
                                UNION ALL
                                SELECT r.id, r.parent_id, rh.root_id
                                FROM regions r
                                JOIN region_hierarchy rh ON r.id = rh.parent_id
                            )
                            SELECT root_id FROM region_hierarchy 
                            WHERE parent_id IS NULL
                            LIMIT 1
                        )
                    WHERE id = 247;
UPDATE regions 
                    SET parent_id = 118,
                        root_region_id = (
                            WITH RECURSIVE region_hierarchy AS (
                                SELECT id, parent_id, id as root_id
                                FROM regions
                                WHERE id = 118
                                UNION ALL
                                SELECT r.id, r.parent_id, rh.root_id
                                FROM regions r
                                JOIN region_hierarchy rh ON r.id = rh.parent_id
                            )
                            SELECT root_id FROM region_hierarchy 
                            WHERE parent_id IS NULL
                            LIMIT 1
                        )
                    WHERE id = 248;
UPDATE regions 
                    SET parent_id = 37,
                        root_region_id = (
                            WITH RECURSIVE region_hierarchy AS (
                                SELECT id, parent_id, id as root_id
                                FROM regions
                                WHERE id = 37
                                UNION ALL
                                SELECT r.id, r.parent_id, rh.root_id
                                FROM regions r
                                JOIN region_hierarchy rh ON r.id = rh.parent_id
                            )
                            SELECT root_id FROM region_hierarchy 
                            WHERE parent_id IS NULL
                            LIMIT 1
                        )
                    WHERE id = 249;
UPDATE regions 
                    SET parent_id = 41,
                        root_region_id = (
                            WITH RECURSIVE region_hierarchy AS (
                                SELECT id, parent_id, id as root_id
                                FROM regions
                                WHERE id = 41
                                UNION ALL
                                SELECT r.id, r.parent_id, rh.root_id
                                FROM regions r
                                JOIN region_hierarchy rh ON r.id = rh.parent_id
                            )
                            SELECT root_id FROM region_hierarchy 
                            WHERE parent_id IS NULL
                            LIMIT 1
                        )
                    WHERE id = 250;
UPDATE regions 
                    SET parent_id = 48,
                        root_region_id = (
                            WITH RECURSIVE region_hierarchy AS (
                                SELECT id, parent_id, id as root_id
                                FROM regions
                                WHERE id = 48
                                UNION ALL
                                SELECT r.id, r.parent_id, rh.root_id
                                FROM regions r
                                JOIN region_hierarchy rh ON r.id = rh.parent_id
                            )
                            SELECT root_id FROM region_hierarchy 
                            WHERE parent_id IS NULL
                            LIMIT 1
                        )
                    WHERE id = 251;
UPDATE regions 
                    SET parent_id = 62,
                        root_region_id = (
                            WITH RECURSIVE region_hierarchy AS (
                                SELECT id, parent_id, id as root_id
                                FROM regions
                                WHERE id = 62
                                UNION ALL
                                SELECT r.id, r.parent_id, rh.root_id
                                FROM regions r
                                JOIN region_hierarchy rh ON r.id = rh.parent_id
                            )
                            SELECT root_id FROM region_hierarchy 
                            WHERE parent_id IS NULL
                            LIMIT 1
                        )
                    WHERE id = 252;
UPDATE regions 
                    SET parent_id = 102,
                        root_region_id = (
                            WITH RECURSIVE region_hierarchy AS (
                                SELECT id, parent_id, id as root_id
                                FROM regions
                                WHERE id = 102
                                UNION ALL
                                SELECT r.id, r.parent_id, rh.root_id
                                FROM regions r
                                JOIN region_hierarchy rh ON r.id = rh.parent_id
                            )
                            SELECT root_id FROM region_hierarchy 
                            WHERE parent_id IS NULL
                            LIMIT 1
                        )
                    WHERE id = 253;
UPDATE regions 
                    SET parent_id = 14,
                        root_region_id = (
                            WITH RECURSIVE region_hierarchy AS (
                                SELECT id, parent_id, id as root_id
                                FROM regions
                                WHERE id = 14
                                UNION ALL
                                SELECT r.id, r.parent_id, rh.root_id
                                FROM regions r
                                JOIN region_hierarchy rh ON r.id = rh.parent_id
                            )
                            SELECT root_id FROM region_hierarchy 
                            WHERE parent_id IS NULL
                            LIMIT 1
                        )
                    WHERE id = 254;
UPDATE regions 
                    SET parent_id = 71,
                        root_region_id = (
                            WITH RECURSIVE region_hierarchy AS (
                                SELECT id, parent_id, id as root_id
                                FROM regions
                                WHERE id = 71
                                UNION ALL
                                SELECT r.id, r.parent_id, rh.root_id
                                FROM regions r
                                JOIN region_hierarchy rh ON r.id = rh.parent_id
                            )
                            SELECT root_id FROM region_hierarchy 
                            WHERE parent_id IS NULL
                            LIMIT 1
                        )
                    WHERE id = 255;
UPDATE regions 
                    SET parent_id = 56,
                        root_region_id = (
                            WITH RECURSIVE region_hierarchy AS (
                                SELECT id, parent_id, id as root_id
                                FROM regions
                                WHERE id = 56
                                UNION ALL
                                SELECT r.id, r.parent_id, rh.root_id
                                FROM regions r
                                JOIN region_hierarchy rh ON r.id = rh.parent_id
                            )
                            SELECT root_id FROM region_hierarchy 
                            WHERE parent_id IS NULL
                            LIMIT 1
                        )
                    WHERE id = 256;
UPDATE regions 
                    SET parent_id = 52,
                        root_region_id = (
                            WITH RECURSIVE region_hierarchy AS (
                                SELECT id, parent_id, id as root_id
                                FROM regions
                                WHERE id = 52
                                UNION ALL
                                SELECT r.id, r.parent_id, rh.root_id
                                FROM regions r
                                JOIN region_hierarchy rh ON r.id = rh.parent_id
                            )
                            SELECT root_id FROM region_hierarchy 
                            WHERE parent_id IS NULL
                            LIMIT 1
                        )
                    WHERE id = 257;
UPDATE regions 
                    SET parent_id = 79,
                        root_region_id = (
                            WITH RECURSIVE region_hierarchy AS (
                                SELECT id, parent_id, id as root_id
                                FROM regions
                                WHERE id = 79
                                UNION ALL
                                SELECT r.id, r.parent_id, rh.root_id
                                FROM regions r
                                JOIN region_hierarchy rh ON r.id = rh.parent_id
                            )
                            SELECT root_id FROM region_hierarchy 
                            WHERE parent_id IS NULL
                            LIMIT 1
                        )
                    WHERE id = 258;
UPDATE regions 
                    SET parent_id = 39,
                        root_region_id = (
                            WITH RECURSIVE region_hierarchy AS (
                                SELECT id, parent_id, id as root_id
                                FROM regions
                                WHERE id = 39
                                UNION ALL
                                SELECT r.id, r.parent_id, rh.root_id
                                FROM regions r
                                JOIN region_hierarchy rh ON r.id = rh.parent_id
                            )
                            SELECT root_id FROM region_hierarchy 
                            WHERE parent_id IS NULL
                            LIMIT 1
                        )
                    WHERE id = 259;
UPDATE regions 
                    SET parent_id = 79,
                        root_region_id = (
                            WITH RECURSIVE region_hierarchy AS (
                                SELECT id, parent_id, id as root_id
                                FROM regions
                                WHERE id = 79
                                UNION ALL
                                SELECT r.id, r.parent_id, rh.root_id
                                FROM regions r
                                JOIN region_hierarchy rh ON r.id = rh.parent_id
                            )
                            SELECT root_id FROM region_hierarchy 
                            WHERE parent_id IS NULL
                            LIMIT 1
                        )
                    WHERE id = 260;
UPDATE regions 
                    SET parent_id = 28,
                        root_region_id = (
                            WITH RECURSIVE region_hierarchy AS (
                                SELECT id, parent_id, id as root_id
                                FROM regions
                                WHERE id = 28
                                UNION ALL
                                SELECT r.id, r.parent_id, rh.root_id
                                FROM regions r
                                JOIN region_hierarchy rh ON r.id = rh.parent_id
                            )
                            SELECT root_id FROM region_hierarchy 
                            WHERE parent_id IS NULL
                            LIMIT 1
                        )
                    WHERE id = 261;
UPDATE regions 
                    SET parent_id = 48,
                        root_region_id = (
                            WITH RECURSIVE region_hierarchy AS (
                                SELECT id, parent_id, id as root_id
                                FROM regions
                                WHERE id = 48
                                UNION ALL
                                SELECT r.id, r.parent_id, rh.root_id
                                FROM regions r
                                JOIN region_hierarchy rh ON r.id = rh.parent_id
                            )
                            SELECT root_id FROM region_hierarchy 
                            WHERE parent_id IS NULL
                            LIMIT 1
                        )
                    WHERE id = 262;
UPDATE regions 
                    SET parent_id = 102,
                        root_region_id = (
                            WITH RECURSIVE region_hierarchy AS (
                                SELECT id, parent_id, id as root_id
                                FROM regions
                                WHERE id = 102
                                UNION ALL
                                SELECT r.id, r.parent_id, rh.root_id
                                FROM regions r
                                JOIN region_hierarchy rh ON r.id = rh.parent_id
                            )
                            SELECT root_id FROM region_hierarchy 
                            WHERE parent_id IS NULL
                            LIMIT 1
                        )
                    WHERE id = 263;
UPDATE regions 
                    SET parent_id = 79,
                        root_region_id = (
                            WITH RECURSIVE region_hierarchy AS (
                                SELECT id, parent_id, id as root_id
                                FROM regions
                                WHERE id = 79
                                UNION ALL
                                SELECT r.id, r.parent_id, rh.root_id
                                FROM regions r
                                JOIN region_hierarchy rh ON r.id = rh.parent_id
                            )
                            SELECT root_id FROM region_hierarchy 
                            WHERE parent_id IS NULL
                            LIMIT 1
                        )
                    WHERE id = 264;
UPDATE regions 
                    SET parent_id = 204,
                        root_region_id = (
                            WITH RECURSIVE region_hierarchy AS (
                                SELECT id, parent_id, id as root_id
                                FROM regions
                                WHERE id = 204
                                UNION ALL
                                SELECT r.id, r.parent_id, rh.root_id
                                FROM regions r
                                JOIN region_hierarchy rh ON r.id = rh.parent_id
                            )
                            SELECT root_id FROM region_hierarchy 
                            WHERE parent_id IS NULL
                            LIMIT 1
                        )
                    WHERE id = 265;
UPDATE regions 
                    SET parent_id = 62,
                        root_region_id = (
                            WITH RECURSIVE region_hierarchy AS (
                                SELECT id, parent_id, id as root_id
                                FROM regions
                                WHERE id = 62
                                UNION ALL
                                SELECT r.id, r.parent_id, rh.root_id
                                FROM regions r
                                JOIN region_hierarchy rh ON r.id = rh.parent_id
                            )
                            SELECT root_id FROM region_hierarchy 
                            WHERE parent_id IS NULL
                            LIMIT 1
                        )
                    WHERE id = 266;
UPDATE regions 
                    SET parent_id = 49,
                        root_region_id = (
                            WITH RECURSIVE region_hierarchy AS (
                                SELECT id, parent_id, id as root_id
                                FROM regions
                                WHERE id = 49
                                UNION ALL
                                SELECT r.id, r.parent_id, rh.root_id
                                FROM regions r
                                JOIN region_hierarchy rh ON r.id = rh.parent_id
                            )
                            SELECT root_id FROM region_hierarchy 
                            WHERE parent_id IS NULL
                            LIMIT 1
                        )
                    WHERE id = 267;
UPDATE regions 
                    SET parent_id = 79,
                        root_region_id = (
                            WITH RECURSIVE region_hierarchy AS (
                                SELECT id, parent_id, id as root_id
                                FROM regions
                                WHERE id = 79
                                UNION ALL
                                SELECT r.id, r.parent_id, rh.root_id
                                FROM regions r
                                JOIN region_hierarchy rh ON r.id = rh.parent_id
                            )
                            SELECT root_id FROM region_hierarchy 
                            WHERE parent_id IS NULL
                            LIMIT 1
                        )
                    WHERE id = 268;
UPDATE regions 
                    SET parent_id = 102,
                        root_region_id = (
                            WITH RECURSIVE region_hierarchy AS (
                                SELECT id, parent_id, id as root_id
                                FROM regions
                                WHERE id = 102
                                UNION ALL
                                SELECT r.id, r.parent_id, rh.root_id
                                FROM regions r
                                JOIN region_hierarchy rh ON r.id = rh.parent_id
                            )
                            SELECT root_id FROM region_hierarchy 
                            WHERE parent_id IS NULL
                            LIMIT 1
                        )
                    WHERE id = 269;
UPDATE regions 
                    SET parent_id = 269,
                        root_region_id = (
                            WITH RECURSIVE region_hierarchy AS (
                                SELECT id, parent_id, id as root_id
                                FROM regions
                                WHERE id = 269
                                UNION ALL
                                SELECT r.id, r.parent_id, rh.root_id
                                FROM regions r
                                JOIN region_hierarchy rh ON r.id = rh.parent_id
                            )
                            SELECT root_id FROM region_hierarchy 
                            WHERE parent_id IS NULL
                            LIMIT 1
                        )
                    WHERE id = 270;
UPDATE regions 
                    SET parent_id = 168,
                        root_region_id = (
                            WITH RECURSIVE region_hierarchy AS (
                                SELECT id, parent_id, id as root_id
                                FROM regions
                                WHERE id = 168
                                UNION ALL
                                SELECT r.id, r.parent_id, rh.root_id
                                FROM regions r
                                JOIN region_hierarchy rh ON r.id = rh.parent_id
                            )
                            SELECT root_id FROM region_hierarchy 
                            WHERE parent_id IS NULL
                            LIMIT 1
                        )
                    WHERE id = 271;
UPDATE regions 
                    SET parent_id = 56,
                        root_region_id = (
                            WITH RECURSIVE region_hierarchy AS (
                                SELECT id, parent_id, id as root_id
                                FROM regions
                                WHERE id = 56
                                UNION ALL
                                SELECT r.id, r.parent_id, rh.root_id
                                FROM regions r
                                JOIN region_hierarchy rh ON r.id = rh.parent_id
                            )
                            SELECT root_id FROM region_hierarchy 
                            WHERE parent_id IS NULL
                            LIMIT 1
                        )
                    WHERE id = 272;
UPDATE regions 
                    SET parent_id = 209,
                        root_region_id = (
                            WITH RECURSIVE region_hierarchy AS (
                                SELECT id, parent_id, id as root_id
                                FROM regions
                                WHERE id = 209
                                UNION ALL
                                SELECT r.id, r.parent_id, rh.root_id
                                FROM regions r
                                JOIN region_hierarchy rh ON r.id = rh.parent_id
                            )
                            SELECT root_id FROM region_hierarchy 
                            WHERE parent_id IS NULL
                            LIMIT 1
                        )
                    WHERE id = 273;
UPDATE regions 
                    SET parent_id = 273,
                        root_region_id = (
                            WITH RECURSIVE region_hierarchy AS (
                                SELECT id, parent_id, id as root_id
                                FROM regions
                                WHERE id = 273
                                UNION ALL
                                SELECT r.id, r.parent_id, rh.root_id
                                FROM regions r
                                JOIN region_hierarchy rh ON r.id = rh.parent_id
                            )
                            SELECT root_id FROM region_hierarchy 
                            WHERE parent_id IS NULL
                            LIMIT 1
                        )
                    WHERE id = 274;
UPDATE regions 
                    SET parent_id = 85,
                        root_region_id = (
                            WITH RECURSIVE region_hierarchy AS (
                                SELECT id, parent_id, id as root_id
                                FROM regions
                                WHERE id = 85
                                UNION ALL
                                SELECT r.id, r.parent_id, rh.root_id
                                FROM regions r
                                JOIN region_hierarchy rh ON r.id = rh.parent_id
                            )
                            SELECT root_id FROM region_hierarchy 
                            WHERE parent_id IS NULL
                            LIMIT 1
                        )
                    WHERE id = 275;
UPDATE regions 
                    SET parent_id = 39,
                        root_region_id = (
                            WITH RECURSIVE region_hierarchy AS (
                                SELECT id, parent_id, id as root_id
                                FROM regions
                                WHERE id = 39
                                UNION ALL
                                SELECT r.id, r.parent_id, rh.root_id
                                FROM regions r
                                JOIN region_hierarchy rh ON r.id = rh.parent_id
                            )
                            SELECT root_id FROM region_hierarchy 
                            WHERE parent_id IS NULL
                            LIMIT 1
                        )
                    WHERE id = 276;
UPDATE regions 
                    SET parent_id = 34,
                        root_region_id = (
                            WITH RECURSIVE region_hierarchy AS (
                                SELECT id, parent_id, id as root_id
                                FROM regions
                                WHERE id = 34
                                UNION ALL
                                SELECT r.id, r.parent_id, rh.root_id
                                FROM regions r
                                JOIN region_hierarchy rh ON r.id = rh.parent_id
                            )
                            SELECT root_id FROM region_hierarchy 
                            WHERE parent_id IS NULL
                            LIMIT 1
                        )
                    WHERE id = 277;
UPDATE regions 
                    SET parent_id = 79,
                        root_region_id = (
                            WITH RECURSIVE region_hierarchy AS (
                                SELECT id, parent_id, id as root_id
                                FROM regions
                                WHERE id = 79
                                UNION ALL
                                SELECT r.id, r.parent_id, rh.root_id
                                FROM regions r
                                JOIN region_hierarchy rh ON r.id = rh.parent_id
                            )
                            SELECT root_id FROM region_hierarchy 
                            WHERE parent_id IS NULL
                            LIMIT 1
                        )
                    WHERE id = 278;
UPDATE regions 
                    SET parent_id = 62,
                        root_region_id = (
                            WITH RECURSIVE region_hierarchy AS (
                                SELECT id, parent_id, id as root_id
                                FROM regions
                                WHERE id = 62
                                UNION ALL
                                SELECT r.id, r.parent_id, rh.root_id
                                FROM regions r
                                JOIN region_hierarchy rh ON r.id = rh.parent_id
                            )
                            SELECT root_id FROM region_hierarchy 
                            WHERE parent_id IS NULL
                            LIMIT 1
                        )
                    WHERE id = 279;
UPDATE regions 
                    SET parent_id = 52,
                        root_region_id = (
                            WITH RECURSIVE region_hierarchy AS (
                                SELECT id, parent_id, id as root_id
                                FROM regions
                                WHERE id = 52
                                UNION ALL
                                SELECT r.id, r.parent_id, rh.root_id
                                FROM regions r
                                JOIN region_hierarchy rh ON r.id = rh.parent_id
                            )
                            SELECT root_id FROM region_hierarchy 
                            WHERE parent_id IS NULL
                            LIMIT 1
                        )
                    WHERE id = 280;
UPDATE regions 
                    SET parent_id = 26,
                        root_region_id = (
                            WITH RECURSIVE region_hierarchy AS (
                                SELECT id, parent_id, id as root_id
                                FROM regions
                                WHERE id = 26
                                UNION ALL
                                SELECT r.id, r.parent_id, rh.root_id
                                FROM regions r
                                JOIN region_hierarchy rh ON r.id = rh.parent_id
                            )
                            SELECT root_id FROM region_hierarchy 
                            WHERE parent_id IS NULL
                            LIMIT 1
                        )
                    WHERE id = 281;
UPDATE regions 
                    SET parent_id = 168,
                        root_region_id = (
                            WITH RECURSIVE region_hierarchy AS (
                                SELECT id, parent_id, id as root_id
                                FROM regions
                                WHERE id = 168
                                UNION ALL
                                SELECT r.id, r.parent_id, rh.root_id
                                FROM regions r
                                JOIN region_hierarchy rh ON r.id = rh.parent_id
                            )
                            SELECT root_id FROM region_hierarchy 
                            WHERE parent_id IS NULL
                            LIMIT 1
                        )
                    WHERE id = 282;
UPDATE regions 
                    SET parent_id = 159,
                        root_region_id = (
                            WITH RECURSIVE region_hierarchy AS (
                                SELECT id, parent_id, id as root_id
                                FROM regions
                                WHERE id = 159
                                UNION ALL
                                SELECT r.id, r.parent_id, rh.root_id
                                FROM regions r
                                JOIN region_hierarchy rh ON r.id = rh.parent_id
                            )
                            SELECT root_id FROM region_hierarchy 
                            WHERE parent_id IS NULL
                            LIMIT 1
                        )
                    WHERE id = 283;
UPDATE regions 
                    SET parent_id = 148,
                        root_region_id = (
                            WITH RECURSIVE region_hierarchy AS (
                                SELECT id, parent_id, id as root_id
                                FROM regions
                                WHERE id = 148
                                UNION ALL
                                SELECT r.id, r.parent_id, rh.root_id
                                FROM regions r
                                JOIN region_hierarchy rh ON r.id = rh.parent_id
                            )
                            SELECT root_id FROM region_hierarchy 
                            WHERE parent_id IS NULL
                            LIMIT 1
                        )
                    WHERE id = 284;
UPDATE regions 
                    SET parent_id = 37,
                        root_region_id = (
                            WITH RECURSIVE region_hierarchy AS (
                                SELECT id, parent_id, id as root_id
                                FROM regions
                                WHERE id = 37
                                UNION ALL
                                SELECT r.id, r.parent_id, rh.root_id
                                FROM regions r
                                JOIN region_hierarchy rh ON r.id = rh.parent_id
                            )
                            SELECT root_id FROM region_hierarchy 
                            WHERE parent_id IS NULL
                            LIMIT 1
                        )
                    WHERE id = 285;
UPDATE regions 
                    SET parent_id = 71,
                        root_region_id = (
                            WITH RECURSIVE region_hierarchy AS (
                                SELECT id, parent_id, id as root_id
                                FROM regions
                                WHERE id = 71
                                UNION ALL
                                SELECT r.id, r.parent_id, rh.root_id
                                FROM regions r
                                JOIN region_hierarchy rh ON r.id = rh.parent_id
                            )
                            SELECT root_id FROM region_hierarchy 
                            WHERE parent_id IS NULL
                            LIMIT 1
                        )
                    WHERE id = 286;
UPDATE regions 
                    SET parent_id = 236,
                        root_region_id = (
                            WITH RECURSIVE region_hierarchy AS (
                                SELECT id, parent_id, id as root_id
                                FROM regions
                                WHERE id = 236
                                UNION ALL
                                SELECT r.id, r.parent_id, rh.root_id
                                FROM regions r
                                JOIN region_hierarchy rh ON r.id = rh.parent_id
                            )
                            SELECT root_id FROM region_hierarchy 
                            WHERE parent_id IS NULL
                            LIMIT 1
                        )
                    WHERE id = 287;
UPDATE regions 
                    SET parent_id = 262,
                        root_region_id = (
                            WITH RECURSIVE region_hierarchy AS (
                                SELECT id, parent_id, id as root_id
                                FROM regions
                                WHERE id = 262
                                UNION ALL
                                SELECT r.id, r.parent_id, rh.root_id
                                FROM regions r
                                JOIN region_hierarchy rh ON r.id = rh.parent_id
                            )
                            SELECT root_id FROM region_hierarchy 
                            WHERE parent_id IS NULL
                            LIMIT 1
                        )
                    WHERE id = 288;
UPDATE regions 
                    SET parent_id = 4,
                        root_region_id = (
                            WITH RECURSIVE region_hierarchy AS (
                                SELECT id, parent_id, id as root_id
                                FROM regions
                                WHERE id = 4
                                UNION ALL
                                SELECT r.id, r.parent_id, rh.root_id
                                FROM regions r
                                JOIN region_hierarchy rh ON r.id = rh.parent_id
                            )
                            SELECT root_id FROM region_hierarchy 
                            WHERE parent_id IS NULL
                            LIMIT 1
                        )
                    WHERE id = 289;
UPDATE regions 
                    SET parent_id = 65,
                        root_region_id = (
                            WITH RECURSIVE region_hierarchy AS (
                                SELECT id, parent_id, id as root_id
                                FROM regions
                                WHERE id = 65
                                UNION ALL
                                SELECT r.id, r.parent_id, rh.root_id
                                FROM regions r
                                JOIN region_hierarchy rh ON r.id = rh.parent_id
                            )
                            SELECT root_id FROM region_hierarchy 
                            WHERE parent_id IS NULL
                            LIMIT 1
                        )
                    WHERE id = 290;
UPDATE regions 
                    SET parent_id = 85,
                        root_region_id = (
                            WITH RECURSIVE region_hierarchy AS (
                                SELECT id, parent_id, id as root_id
                                FROM regions
                                WHERE id = 85
                                UNION ALL
                                SELECT r.id, r.parent_id, rh.root_id
                                FROM regions r
                                JOIN region_hierarchy rh ON r.id = rh.parent_id
                            )
                            SELECT root_id FROM region_hierarchy 
                            WHERE parent_id IS NULL
                            LIMIT 1
                        )
                    WHERE id = 291;
UPDATE regions 
                    SET parent_id = 28,
                        root_region_id = (
                            WITH RECURSIVE region_hierarchy AS (
                                SELECT id, parent_id, id as root_id
                                FROM regions
                                WHERE id = 28
                                UNION ALL
                                SELECT r.id, r.parent_id, rh.root_id
                                FROM regions r
                                JOIN region_hierarchy rh ON r.id = rh.parent_id
                            )
                            SELECT root_id FROM region_hierarchy 
                            WHERE parent_id IS NULL
                            LIMIT 1
                        )
                    WHERE id = 292;
UPDATE regions 
                    SET parent_id = 65,
                        root_region_id = (
                            WITH RECURSIVE region_hierarchy AS (
                                SELECT id, parent_id, id as root_id
                                FROM regions
                                WHERE id = 65
                                UNION ALL
                                SELECT r.id, r.parent_id, rh.root_id
                                FROM regions r
                                JOIN region_hierarchy rh ON r.id = rh.parent_id
                            )
                            SELECT root_id FROM region_hierarchy 
                            WHERE parent_id IS NULL
                            LIMIT 1
                        )
                    WHERE id = 293;
UPDATE regions 
                    SET parent_id = 71,
                        root_region_id = (
                            WITH RECURSIVE region_hierarchy AS (
                                SELECT id, parent_id, id as root_id
                                FROM regions
                                WHERE id = 71
                                UNION ALL
                                SELECT r.id, r.parent_id, rh.root_id
                                FROM regions r
                                JOIN region_hierarchy rh ON r.id = rh.parent_id
                            )
                            SELECT root_id FROM region_hierarchy 
                            WHERE parent_id IS NULL
                            LIMIT 1
                        )
                    WHERE id = 294;
UPDATE regions 
                    SET parent_id = 52,
                        root_region_id = (
                            WITH RECURSIVE region_hierarchy AS (
                                SELECT id, parent_id, id as root_id
                                FROM regions
                                WHERE id = 52
                                UNION ALL
                                SELECT r.id, r.parent_id, rh.root_id
                                FROM regions r
                                JOIN region_hierarchy rh ON r.id = rh.parent_id
                            )
                            SELECT root_id FROM region_hierarchy 
                            WHERE parent_id IS NULL
                            LIMIT 1
                        )
                    WHERE id = 295;
UPDATE regions 
                    SET parent_id = 65,
                        root_region_id = (
                            WITH RECURSIVE region_hierarchy AS (
                                SELECT id, parent_id, id as root_id
                                FROM regions
                                WHERE id = 65
                                UNION ALL
                                SELECT r.id, r.parent_id, rh.root_id
                                FROM regions r
                                JOIN region_hierarchy rh ON r.id = rh.parent_id
                            )
                            SELECT root_id FROM region_hierarchy 
                            WHERE parent_id IS NULL
                            LIMIT 1
                        )
                    WHERE id = 296;
UPDATE regions 
                    SET parent_id = 204,
                        root_region_id = (
                            WITH RECURSIVE region_hierarchy AS (
                                SELECT id, parent_id, id as root_id
                                FROM regions
                                WHERE id = 204
                                UNION ALL
                                SELECT r.id, r.parent_id, rh.root_id
                                FROM regions r
                                JOIN region_hierarchy rh ON r.id = rh.parent_id
                            )
                            SELECT root_id FROM region_hierarchy 
                            WHERE parent_id IS NULL
                            LIMIT 1
                        )
                    WHERE id = 297;
UPDATE regions 
                    SET parent_id = 210,
                        root_region_id = (
                            WITH RECURSIVE region_hierarchy AS (
                                SELECT id, parent_id, id as root_id
                                FROM regions
                                WHERE id = 210
                                UNION ALL
                                SELECT r.id, r.parent_id, rh.root_id
                                FROM regions r
                                JOIN region_hierarchy rh ON r.id = rh.parent_id
                            )
                            SELECT root_id FROM region_hierarchy 
                            WHERE parent_id IS NULL
                            LIMIT 1
                        )
                    WHERE id = 298;
UPDATE regions 
                    SET parent_id = 21,
                        root_region_id = (
                            WITH RECURSIVE region_hierarchy AS (
                                SELECT id, parent_id, id as root_id
                                FROM regions
                                WHERE id = 21
                                UNION ALL
                                SELECT r.id, r.parent_id, rh.root_id
                                FROM regions r
                                JOIN region_hierarchy rh ON r.id = rh.parent_id
                            )
                            SELECT root_id FROM region_hierarchy 
                            WHERE parent_id IS NULL
                            LIMIT 1
                        )
                    WHERE id = 299;
UPDATE regions 
                    SET parent_id = 39,
                        root_region_id = (
                            WITH RECURSIVE region_hierarchy AS (
                                SELECT id, parent_id, id as root_id
                                FROM regions
                                WHERE id = 39
                                UNION ALL
                                SELECT r.id, r.parent_id, rh.root_id
                                FROM regions r
                                JOIN region_hierarchy rh ON r.id = rh.parent_id
                            )
                            SELECT root_id FROM region_hierarchy 
                            WHERE parent_id IS NULL
                            LIMIT 1
                        )
                    WHERE id = 300;
UPDATE regions 
                    SET parent_id = 168,
                        root_region_id = (
                            WITH RECURSIVE region_hierarchy AS (
                                SELECT id, parent_id, id as root_id
                                FROM regions
                                WHERE id = 168
                                UNION ALL
                                SELECT r.id, r.parent_id, rh.root_id
                                FROM regions r
                                JOIN region_hierarchy rh ON r.id = rh.parent_id
                            )
                            SELECT root_id FROM region_hierarchy 
                            WHERE parent_id IS NULL
                            LIMIT 1
                        )
                    WHERE id = 301;
UPDATE regions 
                    SET parent_id = 44,
                        root_region_id = (
                            WITH RECURSIVE region_hierarchy AS (
                                SELECT id, parent_id, id as root_id
                                FROM regions
                                WHERE id = 44
                                UNION ALL
                                SELECT r.id, r.parent_id, rh.root_id
                                FROM regions r
                                JOIN region_hierarchy rh ON r.id = rh.parent_id
                            )
                            SELECT root_id FROM region_hierarchy 
                            WHERE parent_id IS NULL
                            LIMIT 1
                        )
                    WHERE id = 302;
UPDATE regions 
                    SET parent_id = 168,
                        root_region_id = (
                            WITH RECURSIVE region_hierarchy AS (
                                SELECT id, parent_id, id as root_id
                                FROM regions
                                WHERE id = 168
                                UNION ALL
                                SELECT r.id, r.parent_id, rh.root_id
                                FROM regions r
                                JOIN region_hierarchy rh ON r.id = rh.parent_id
                            )
                            SELECT root_id FROM region_hierarchy 
                            WHERE parent_id IS NULL
                            LIMIT 1
                        )
                    WHERE id = 303;
UPDATE regions 
                    SET parent_id = 85,
                        root_region_id = (
                            WITH RECURSIVE region_hierarchy AS (
                                SELECT id, parent_id, id as root_id
                                FROM regions
                                WHERE id = 85
                                UNION ALL
                                SELECT r.id, r.parent_id, rh.root_id
                                FROM regions r
                                JOIN region_hierarchy rh ON r.id = rh.parent_id
                            )
                            SELECT root_id FROM region_hierarchy 
                            WHERE parent_id IS NULL
                            LIMIT 1
                        )
                    WHERE id = 304;
UPDATE regions 
                    SET parent_id = 1,
                        root_region_id = (
                            WITH RECURSIVE region_hierarchy AS (
                                SELECT id, parent_id, id as root_id
                                FROM regions
                                WHERE id = 1
                                UNION ALL
                                SELECT r.id, r.parent_id, rh.root_id
                                FROM regions r
                                JOIN region_hierarchy rh ON r.id = rh.parent_id
                            )
                            SELECT root_id FROM region_hierarchy 
                            WHERE parent_id IS NULL
                            LIMIT 1
                        )
                    WHERE id = 305;
UPDATE regions 
                    SET parent_id = 85,
                        root_region_id = (
                            WITH RECURSIVE region_hierarchy AS (
                                SELECT id, parent_id, id as root_id
                                FROM regions
                                WHERE id = 85
                                UNION ALL
                                SELECT r.id, r.parent_id, rh.root_id
                                FROM regions r
                                JOIN region_hierarchy rh ON r.id = rh.parent_id
                            )
                            SELECT root_id FROM region_hierarchy 
                            WHERE parent_id IS NULL
                            LIMIT 1
                        )
                    WHERE id = 306;
UPDATE regions 
                    SET parent_id = 39,
                        root_region_id = (
                            WITH RECURSIVE region_hierarchy AS (
                                SELECT id, parent_id, id as root_id
                                FROM regions
                                WHERE id = 39
                                UNION ALL
                                SELECT r.id, r.parent_id, rh.root_id
                                FROM regions r
                                JOIN region_hierarchy rh ON r.id = rh.parent_id
                            )
                            SELECT root_id FROM region_hierarchy 
                            WHERE parent_id IS NULL
                            LIMIT 1
                        )
                    WHERE id = 307;
UPDATE regions 
                    SET parent_id = 5,
                        root_region_id = (
                            WITH RECURSIVE region_hierarchy AS (
                                SELECT id, parent_id, id as root_id
                                FROM regions
                                WHERE id = 5
                                UNION ALL
                                SELECT r.id, r.parent_id, rh.root_id
                                FROM regions r
                                JOIN region_hierarchy rh ON r.id = rh.parent_id
                            )
                            SELECT root_id FROM region_hierarchy 
                            WHERE parent_id IS NULL
                            LIMIT 1
                        )
                    WHERE id = 308;
UPDATE regions 
                    SET parent_id = 139,
                        root_region_id = (
                            WITH RECURSIVE region_hierarchy AS (
                                SELECT id, parent_id, id as root_id
                                FROM regions
                                WHERE id = 139
                                UNION ALL
                                SELECT r.id, r.parent_id, rh.root_id
                                FROM regions r
                                JOIN region_hierarchy rh ON r.id = rh.parent_id
                            )
                            SELECT root_id FROM region_hierarchy 
                            WHERE parent_id IS NULL
                            LIMIT 1
                        )
                    WHERE id = 309;
UPDATE regions 
                    SET parent_id = 12,
                        root_region_id = (
                            WITH RECURSIVE region_hierarchy AS (
                                SELECT id, parent_id, id as root_id
                                FROM regions
                                WHERE id = 12
                                UNION ALL
                                SELECT r.id, r.parent_id, rh.root_id
                                FROM regions r
                                JOIN region_hierarchy rh ON r.id = rh.parent_id
                            )
                            SELECT root_id FROM region_hierarchy 
                            WHERE parent_id IS NULL
                            LIMIT 1
                        )
                    WHERE id = 310;
UPDATE regions 
                    SET parent_id = 33,
                        root_region_id = (
                            WITH RECURSIVE region_hierarchy AS (
                                SELECT id, parent_id, id as root_id
                                FROM regions
                                WHERE id = 33
                                UNION ALL
                                SELECT r.id, r.parent_id, rh.root_id
                                FROM regions r
                                JOIN region_hierarchy rh ON r.id = rh.parent_id
                            )
                            SELECT root_id FROM region_hierarchy 
                            WHERE parent_id IS NULL
                            LIMIT 1
                        )
                    WHERE id = 311;
UPDATE regions 
                    SET parent_id = 48,
                        root_region_id = (
                            WITH RECURSIVE region_hierarchy AS (
                                SELECT id, parent_id, id as root_id
                                FROM regions
                                WHERE id = 48
                                UNION ALL
                                SELECT r.id, r.parent_id, rh.root_id
                                FROM regions r
                                JOIN region_hierarchy rh ON r.id = rh.parent_id
                            )
                            SELECT root_id FROM region_hierarchy 
                            WHERE parent_id IS NULL
                            LIMIT 1
                        )
                    WHERE id = 312;
UPDATE regions 
                    SET parent_id = 312,
                        root_region_id = (
                            WITH RECURSIVE region_hierarchy AS (
                                SELECT id, parent_id, id as root_id
                                FROM regions
                                WHERE id = 312
                                UNION ALL
                                SELECT r.id, r.parent_id, rh.root_id
                                FROM regions r
                                JOIN region_hierarchy rh ON r.id = rh.parent_id
                            )
                            SELECT root_id FROM region_hierarchy 
                            WHERE parent_id IS NULL
                            LIMIT 1
                        )
                    WHERE id = 313;
UPDATE regions 
                    SET parent_id = 48,
                        root_region_id = (
                            WITH RECURSIVE region_hierarchy AS (
                                SELECT id, parent_id, id as root_id
                                FROM regions
                                WHERE id = 48
                                UNION ALL
                                SELECT r.id, r.parent_id, rh.root_id
                                FROM regions r
                                JOIN region_hierarchy rh ON r.id = rh.parent_id
                            )
                            SELECT root_id FROM region_hierarchy 
                            WHERE parent_id IS NULL
                            LIMIT 1
                        )
                    WHERE id = 314;
UPDATE regions 
                    SET parent_id = 14,
                        root_region_id = (
                            WITH RECURSIVE region_hierarchy AS (
                                SELECT id, parent_id, id as root_id
                                FROM regions
                                WHERE id = 14
                                UNION ALL
                                SELECT r.id, r.parent_id, rh.root_id
                                FROM regions r
                                JOIN region_hierarchy rh ON r.id = rh.parent_id
                            )
                            SELECT root_id FROM region_hierarchy 
                            WHERE parent_id IS NULL
                            LIMIT 1
                        )
                    WHERE id = 315;
UPDATE regions 
                    SET parent_id = 39,
                        root_region_id = (
                            WITH RECURSIVE region_hierarchy AS (
                                SELECT id, parent_id, id as root_id
                                FROM regions
                                WHERE id = 39
                                UNION ALL
                                SELECT r.id, r.parent_id, rh.root_id
                                FROM regions r
                                JOIN region_hierarchy rh ON r.id = rh.parent_id
                            )
                            SELECT root_id FROM region_hierarchy 
                            WHERE parent_id IS NULL
                            LIMIT 1
                        )
                    WHERE id = 316;
UPDATE regions 
                    SET parent_id = 48,
                        root_region_id = (
                            WITH RECURSIVE region_hierarchy AS (
                                SELECT id, parent_id, id as root_id
                                FROM regions
                                WHERE id = 48
                                UNION ALL
                                SELECT r.id, r.parent_id, rh.root_id
                                FROM regions r
                                JOIN region_hierarchy rh ON r.id = rh.parent_id
                            )
                            SELECT root_id FROM region_hierarchy 
                            WHERE parent_id IS NULL
                            LIMIT 1
                        )
                    WHERE id = 317;
UPDATE regions 
                    SET parent_id = 102,
                        root_region_id = (
                            WITH RECURSIVE region_hierarchy AS (
                                SELECT id, parent_id, id as root_id
                                FROM regions
                                WHERE id = 102
                                UNION ALL
                                SELECT r.id, r.parent_id, rh.root_id
                                FROM regions r
                                JOIN region_hierarchy rh ON r.id = rh.parent_id
                            )
                            SELECT root_id FROM region_hierarchy 
                            WHERE parent_id IS NULL
                            LIMIT 1
                        )
                    WHERE id = 318;
UPDATE regions 
                    SET parent_id = 84,
                        root_region_id = (
                            WITH RECURSIVE region_hierarchy AS (
                                SELECT id, parent_id, id as root_id
                                FROM regions
                                WHERE id = 84
                                UNION ALL
                                SELECT r.id, r.parent_id, rh.root_id
                                FROM regions r
                                JOIN region_hierarchy rh ON r.id = rh.parent_id
                            )
                            SELECT root_id FROM region_hierarchy 
                            WHERE parent_id IS NULL
                            LIMIT 1
                        )
                    WHERE id = 319;
UPDATE regions 
                    SET parent_id = 319,
                        root_region_id = (
                            WITH RECURSIVE region_hierarchy AS (
                                SELECT id, parent_id, id as root_id
                                FROM regions
                                WHERE id = 319
                                UNION ALL
                                SELECT r.id, r.parent_id, rh.root_id
                                FROM regions r
                                JOIN region_hierarchy rh ON r.id = rh.parent_id
                            )
                            SELECT root_id FROM region_hierarchy 
                            WHERE parent_id IS NULL
                            LIMIT 1
                        )
                    WHERE id = 320;
UPDATE regions 
                    SET parent_id = 319,
                        root_region_id = (
                            WITH RECURSIVE region_hierarchy AS (
                                SELECT id, parent_id, id as root_id
                                FROM regions
                                WHERE id = 319
                                UNION ALL
                                SELECT r.id, r.parent_id, rh.root_id
                                FROM regions r
                                JOIN region_hierarchy rh ON r.id = rh.parent_id
                            )
                            SELECT root_id FROM region_hierarchy 
                            WHERE parent_id IS NULL
                            LIMIT 1
                        )
                    WHERE id = 321;
UPDATE regions 
                    SET parent_id = 39,
                        root_region_id = (
                            WITH RECURSIVE region_hierarchy AS (
                                SELECT id, parent_id, id as root_id
                                FROM regions
                                WHERE id = 39
                                UNION ALL
                                SELECT r.id, r.parent_id, rh.root_id
                                FROM regions r
                                JOIN region_hierarchy rh ON r.id = rh.parent_id
                            )
                            SELECT root_id FROM region_hierarchy 
                            WHERE parent_id IS NULL
                            LIMIT 1
                        )
                    WHERE id = 322;
UPDATE regions 
                    SET parent_id = 204,
                        root_region_id = (
                            WITH RECURSIVE region_hierarchy AS (
                                SELECT id, parent_id, id as root_id
                                FROM regions
                                WHERE id = 204
                                UNION ALL
                                SELECT r.id, r.parent_id, rh.root_id
                                FROM regions r
                                JOIN region_hierarchy rh ON r.id = rh.parent_id
                            )
                            SELECT root_id FROM region_hierarchy 
                            WHERE parent_id IS NULL
                            LIMIT 1
                        )
                    WHERE id = 323;
UPDATE regions 
                    SET parent_id = 168,
                        root_region_id = (
                            WITH RECURSIVE region_hierarchy AS (
                                SELECT id, parent_id, id as root_id
                                FROM regions
                                WHERE id = 168
                                UNION ALL
                                SELECT r.id, r.parent_id, rh.root_id
                                FROM regions r
                                JOIN region_hierarchy rh ON r.id = rh.parent_id
                            )
                            SELECT root_id FROM region_hierarchy 
                            WHERE parent_id IS NULL
                            LIMIT 1
                        )
                    WHERE id = 324;
UPDATE regions 
                    SET parent_id = 142,
                        root_region_id = (
                            WITH RECURSIVE region_hierarchy AS (
                                SELECT id, parent_id, id as root_id
                                FROM regions
                                WHERE id = 142
                                UNION ALL
                                SELECT r.id, r.parent_id, rh.root_id
                                FROM regions r
                                JOIN region_hierarchy rh ON r.id = rh.parent_id
                            )
                            SELECT root_id FROM region_hierarchy 
                            WHERE parent_id IS NULL
                            LIMIT 1
                        )
                    WHERE id = 325;
UPDATE regions 
                    SET parent_id = 211,
                        root_region_id = (
                            WITH RECURSIVE region_hierarchy AS (
                                SELECT id, parent_id, id as root_id
                                FROM regions
                                WHERE id = 211
                                UNION ALL
                                SELECT r.id, r.parent_id, rh.root_id
                                FROM regions r
                                JOIN region_hierarchy rh ON r.id = rh.parent_id
                            )
                            SELECT root_id FROM region_hierarchy 
                            WHERE parent_id IS NULL
                            LIMIT 1
                        )
                    WHERE id = 326;
UPDATE regions 
                    SET parent_id = 241,
                        root_region_id = (
                            WITH RECURSIVE region_hierarchy AS (
                                SELECT id, parent_id, id as root_id
                                FROM regions
                                WHERE id = 241
                                UNION ALL
                                SELECT r.id, r.parent_id, rh.root_id
                                FROM regions r
                                JOIN region_hierarchy rh ON r.id = rh.parent_id
                            )
                            SELECT root_id FROM region_hierarchy 
                            WHERE parent_id IS NULL
                            LIMIT 1
                        )
                    WHERE id = 327;
UPDATE regions 
                    SET parent_id = 239,
                        root_region_id = (
                            WITH RECURSIVE region_hierarchy AS (
                                SELECT id, parent_id, id as root_id
                                FROM regions
                                WHERE id = 239
                                UNION ALL
                                SELECT r.id, r.parent_id, rh.root_id
                                FROM regions r
                                JOIN region_hierarchy rh ON r.id = rh.parent_id
                            )
                            SELECT root_id FROM region_hierarchy 
                            WHERE parent_id IS NULL
                            LIMIT 1
                        )
                    WHERE id = 328;
UPDATE regions 
                    SET parent_id = 65,
                        root_region_id = (
                            WITH RECURSIVE region_hierarchy AS (
                                SELECT id, parent_id, id as root_id
                                FROM regions
                                WHERE id = 65
                                UNION ALL
                                SELECT r.id, r.parent_id, rh.root_id
                                FROM regions r
                                JOIN region_hierarchy rh ON r.id = rh.parent_id
                            )
                            SELECT root_id FROM region_hierarchy 
                            WHERE parent_id IS NULL
                            LIMIT 1
                        )
                    WHERE id = 329;
UPDATE regions 
                    SET parent_id = 85,
                        root_region_id = (
                            WITH RECURSIVE region_hierarchy AS (
                                SELECT id, parent_id, id as root_id
                                FROM regions
                                WHERE id = 85
                                UNION ALL
                                SELECT r.id, r.parent_id, rh.root_id
                                FROM regions r
                                JOIN region_hierarchy rh ON r.id = rh.parent_id
                            )
                            SELECT root_id FROM region_hierarchy 
                            WHERE parent_id IS NULL
                            LIMIT 1
                        )
                    WHERE id = 330;
UPDATE regions 
                    SET parent_id = 331,
                        root_region_id = (
                            WITH RECURSIVE region_hierarchy AS (
                                SELECT id, parent_id, id as root_id
                                FROM regions
                                WHERE id = 331
                                UNION ALL
                                SELECT r.id, r.parent_id, rh.root_id
                                FROM regions r
                                JOIN region_hierarchy rh ON r.id = rh.parent_id
                            )
                            SELECT root_id FROM region_hierarchy 
                            WHERE parent_id IS NULL
                            LIMIT 1
                        )
                    WHERE id = 332;
UPDATE regions 
                    SET parent_id = 333,
                        root_region_id = (
                            WITH RECURSIVE region_hierarchy AS (
                                SELECT id, parent_id, id as root_id
                                FROM regions
                                WHERE id = 333
                                UNION ALL
                                SELECT r.id, r.parent_id, rh.root_id
                                FROM regions r
                                JOIN region_hierarchy rh ON r.id = rh.parent_id
                            )
                            SELECT root_id FROM region_hierarchy 
                            WHERE parent_id IS NULL
                            LIMIT 1
                        )
                    WHERE id = 334;
UPDATE regions 
                    SET parent_id = 334,
                        root_region_id = (
                            WITH RECURSIVE region_hierarchy AS (
                                SELECT id, parent_id, id as root_id
                                FROM regions
                                WHERE id = 334
                                UNION ALL
                                SELECT r.id, r.parent_id, rh.root_id
                                FROM regions r
                                JOIN region_hierarchy rh ON r.id = rh.parent_id
                            )
                            SELECT root_id FROM region_hierarchy 
                            WHERE parent_id IS NULL
                            LIMIT 1
                        )
                    WHERE id = 335;
UPDATE regions 
                    SET parent_id = 200,
                        root_region_id = (
                            WITH RECURSIVE region_hierarchy AS (
                                SELECT id, parent_id, id as root_id
                                FROM regions
                                WHERE id = 200
                                UNION ALL
                                SELECT r.id, r.parent_id, rh.root_id
                                FROM regions r
                                JOIN region_hierarchy rh ON r.id = rh.parent_id
                            )
                            SELECT root_id FROM region_hierarchy 
                            WHERE parent_id IS NULL
                            LIMIT 1
                        )
                    WHERE id = 336;
UPDATE regions 
                    SET parent_id = 4,
                        root_region_id = (
                            WITH RECURSIVE region_hierarchy AS (
                                SELECT id, parent_id, id as root_id
                                FROM regions
                                WHERE id = 4
                                UNION ALL
                                SELECT r.id, r.parent_id, rh.root_id
                                FROM regions r
                                JOIN region_hierarchy rh ON r.id = rh.parent_id
                            )
                            SELECT root_id FROM region_hierarchy 
                            WHERE parent_id IS NULL
                            LIMIT 1
                        )
                    WHERE id = 338;
UPDATE regions 
                    SET parent_id = 17,
                        root_region_id = (
                            WITH RECURSIVE region_hierarchy AS (
                                SELECT id, parent_id, id as root_id
                                FROM regions
                                WHERE id = 17
                                UNION ALL
                                SELECT r.id, r.parent_id, rh.root_id
                                FROM regions r
                                JOIN region_hierarchy rh ON r.id = rh.parent_id
                            )
                            SELECT root_id FROM region_hierarchy 
                            WHERE parent_id IS NULL
                            LIMIT 1
                        )
                    WHERE id = 339;
UPDATE regions 
                    SET parent_id = 239,
                        root_region_id = (
                            WITH RECURSIVE region_hierarchy AS (
                                SELECT id, parent_id, id as root_id
                                FROM regions
                                WHERE id = 239
                                UNION ALL
                                SELECT r.id, r.parent_id, rh.root_id
                                FROM regions r
                                JOIN region_hierarchy rh ON r.id = rh.parent_id
                            )
                            SELECT root_id FROM region_hierarchy 
                            WHERE parent_id IS NULL
                            LIMIT 1
                        )
                    WHERE id = 340;
UPDATE regions 
                    SET parent_id = 341,
                        root_region_id = (
                            WITH RECURSIVE region_hierarchy AS (
                                SELECT id, parent_id, id as root_id
                                FROM regions
                                WHERE id = 341
                                UNION ALL
                                SELECT r.id, r.parent_id, rh.root_id
                                FROM regions r
                                JOIN region_hierarchy rh ON r.id = rh.parent_id
                            )
                            SELECT root_id FROM region_hierarchy 
                            WHERE parent_id IS NULL
                            LIMIT 1
                        )
                    WHERE id = 342;
UPDATE regions 
                    SET parent_id = 4,
                        root_region_id = (
                            WITH RECURSIVE region_hierarchy AS (
                                SELECT id, parent_id, id as root_id
                                FROM regions
                                WHERE id = 4
                                UNION ALL
                                SELECT r.id, r.parent_id, rh.root_id
                                FROM regions r
                                JOIN region_hierarchy rh ON r.id = rh.parent_id
                            )
                            SELECT root_id FROM region_hierarchy 
                            WHERE parent_id IS NULL
                            LIMIT 1
                        )
                    WHERE id = 343;
UPDATE regions 
                    SET parent_id = 345,
                        root_region_id = (
                            WITH RECURSIVE region_hierarchy AS (
                                SELECT id, parent_id, id as root_id
                                FROM regions
                                WHERE id = 345
                                UNION ALL
                                SELECT r.id, r.parent_id, rh.root_id
                                FROM regions r
                                JOIN region_hierarchy rh ON r.id = rh.parent_id
                            )
                            SELECT root_id FROM region_hierarchy 
                            WHERE parent_id IS NULL
                            LIMIT 1
                        )
                    WHERE id = 346;
UPDATE regions 
                    SET parent_id = 348,
                        root_region_id = (
                            WITH RECURSIVE region_hierarchy AS (
                                SELECT id, parent_id, id as root_id
                                FROM regions
                                WHERE id = 348
                                UNION ALL
                                SELECT r.id, r.parent_id, rh.root_id
                                FROM regions r
                                JOIN region_hierarchy rh ON r.id = rh.parent_id
                            )
                            SELECT root_id FROM region_hierarchy 
                            WHERE parent_id IS NULL
                            LIMIT 1
                        )
                    WHERE id = 349;
UPDATE regions 
                    SET parent_id = 345,
                        root_region_id = (
                            WITH RECURSIVE region_hierarchy AS (
                                SELECT id, parent_id, id as root_id
                                FROM regions
                                WHERE id = 345
                                UNION ALL
                                SELECT r.id, r.parent_id, rh.root_id
                                FROM regions r
                                JOIN region_hierarchy rh ON r.id = rh.parent_id
                            )
                            SELECT root_id FROM region_hierarchy 
                            WHERE parent_id IS NULL
                            LIMIT 1
                        )
                    WHERE id = 350;
UPDATE regions 
                    SET parent_id = 48,
                        root_region_id = (
                            WITH RECURSIVE region_hierarchy AS (
                                SELECT id, parent_id, id as root_id
                                FROM regions
                                WHERE id = 48
                                UNION ALL
                                SELECT r.id, r.parent_id, rh.root_id
                                FROM regions r
                                JOIN region_hierarchy rh ON r.id = rh.parent_id
                            )
                            SELECT root_id FROM region_hierarchy 
                            WHERE parent_id IS NULL
                            LIMIT 1
                        )
                    WHERE id = 351;
UPDATE regions 
                    SET parent_id = 345,
                        root_region_id = (
                            WITH RECURSIVE region_hierarchy AS (
                                SELECT id, parent_id, id as root_id
                                FROM regions
                                WHERE id = 345
                                UNION ALL
                                SELECT r.id, r.parent_id, rh.root_id
                                FROM regions r
                                JOIN region_hierarchy rh ON r.id = rh.parent_id
                            )
                            SELECT root_id FROM region_hierarchy 
                            WHERE parent_id IS NULL
                            LIMIT 1
                        )
                    WHERE id = 352;
UPDATE regions 
                    SET parent_id = 200,
                        root_region_id = (
                            WITH RECURSIVE region_hierarchy AS (
                                SELECT id, parent_id, id as root_id
                                FROM regions
                                WHERE id = 200
                                UNION ALL
                                SELECT r.id, r.parent_id, rh.root_id
                                FROM regions r
                                JOIN region_hierarchy rh ON r.id = rh.parent_id
                            )
                            SELECT root_id FROM region_hierarchy 
                            WHERE parent_id IS NULL
                            LIMIT 1
                        )
                    WHERE id = 353;
UPDATE regions 
                    SET parent_id = 7,
                        root_region_id = (
                            WITH RECURSIVE region_hierarchy AS (
                                SELECT id, parent_id, id as root_id
                                FROM regions
                                WHERE id = 7
                                UNION ALL
                                SELECT r.id, r.parent_id, rh.root_id
                                FROM regions r
                                JOIN region_hierarchy rh ON r.id = rh.parent_id
                            )
                            SELECT root_id FROM region_hierarchy 
                            WHERE parent_id IS NULL
                            LIMIT 1
                        )
                    WHERE id = 354;
UPDATE regions 
                    SET parent_id = 200,
                        root_region_id = (
                            WITH RECURSIVE region_hierarchy AS (
                                SELECT id, parent_id, id as root_id
                                FROM regions
                                WHERE id = 200
                                UNION ALL
                                SELECT r.id, r.parent_id, rh.root_id
                                FROM regions r
                                JOIN region_hierarchy rh ON r.id = rh.parent_id
                            )
                            SELECT root_id FROM region_hierarchy 
                            WHERE parent_id IS NULL
                            LIMIT 1
                        )
                    WHERE id = 355;
INSERT INTO objects (id, name, type, region_id, country_code, country_full, parent_id, height,                 latitude, longitude, description, border_distance, info_source, updated_at)
                VALUES (1069, 'Вершина Гляциологов', NULL, 2, 'KZ', 'Казахстан, Алматинская область, Кербулакский район',                 NULL, 3923,                 44.72169, 79.65875,                 NULL, NULL,                 'Чаще всего туристы  попадают на г. Гляциологов спер. Купол  (1Б).Информация сформирована на основе анализа технических отчётов.', 'Обновлено:02.09.2017');
INSERT INTO objects (id, name, type, region_id, country_code, country_full, parent_id, height,                 latitude, longitude, description, border_distance, info_source, updated_at)
                VALUES (797, 'Вершина Gasherbrum II', NULL, 3, 'IN', 'Индия, штат Джамму и Кашмир, Гилгит-Балтистан',                 NULL, 8034,                 35.75833, 76.65333,                 NULL, NULL,                 NULL, 'Обновлено:02.09.2017');
INSERT INTO objects (id, name, type, region_id, country_code, country_full, parent_id, height,                 latitude, longitude, description, border_distance, info_source, updated_at)
                VALUES (12369, 'Вершина Ярота', NULL, 6, 'RU', 'Россия, Ханты-Мансийский автономный округ, Берёзовский район',                 NULL, 1349,                 65.18239, 61.29538,                 NULL, NULL,                 NULL, 'Обновлено:02.09.2017');
INSERT INTO objects (id, name, type, region_id, country_code, country_full, parent_id, height,                 latitude, longitude, description, border_distance, info_source, updated_at)
                VALUES (12967, 'Перевал Нартджол', NULL, 10, 'RU', 'Россия, Кабардино-Балкарская Республика, Зольский район',                 NULL, 3405,                 43.43877, 42.43567,                 NULL, NULL,                 NULL, 'Обновлено:20.07.2022');
INSERT INTO objects (id, name, type, region_id, country_code, country_full, parent_id, height,                 latitude, longitude, description, border_distance, info_source, updated_at)
                VALUES (13089, 'Вершина Лоюб', NULL, 13, 'RU', 'Россия, Краснодарский край, городской округ Сочи',                 NULL, 2970,                 43.58919, 40.6247,                 NULL, NULL,                 NULL, NULL);
INSERT INTO objects (id, name, type, region_id, country_code, country_full, parent_id, height,                 latitude, longitude, description, border_distance, info_source, updated_at)
                VALUES (7990, 'Перевал Омич', NULL, 16, 'RU', 'Россия, Иркутская область, Бодайбинский район',                 NULL, 2600,                 56.89355, 117.50532,                 NULL, NULL,                 NULL, 'Обновлено:02.09.2017');
INSERT INTO objects (id, name, type, region_id, country_code, country_full, parent_id, height,                 latitude, longitude, description, border_distance, info_source, updated_at)
                VALUES (3954, 'Перевал Олений', NULL, 19, 'RU', 'Россия, Мурманская область',                 NULL, 730,                 67.84021, 33.93216,                 NULL, NULL,                 NULL, 'Обновлено:28.01.2018');
INSERT INTO objects (id, name, type, region_id, country_code, country_full, parent_id, height,                 latitude, longitude, description, border_distance, info_source, updated_at)
                VALUES (23278, 'Перевал Осетинский', NULL, 12, 'RU', 'Россия, Республика Адыгея, Даховское сельское поселение',                 NULL, 100,                 44.02199, 40.43978,                 NULL, NULL,                 NULL, NULL);
INSERT INTO objects (id, name, type, region_id, country_code, country_full, parent_id, height,                 latitude, longitude, description, border_distance, info_source, updated_at)
                VALUES (8580, 'Перевал N96', NULL, 22, 'RU', 'Россия, Республика Бурятия, Окинский район',                 NULL, 100,                 51.93668, 101.95392,                 NULL, NULL,                 NULL, 'Обновлено:02.09.2017');
INSERT INTO objects (id, name, type, region_id, country_code, country_full, parent_id, height,                 latitude, longitude, description, border_distance, info_source, updated_at)
                VALUES (3168, 'Перевал Сосновый', NULL, 24, 'RU', 'Россия, Карачаево-Черкесская Республика, Урупский район',                 NULL, 2800,                 43.70239, 40.91582,                 NULL, NULL,                 NULL, 'Обновлено:24.12.2020');
INSERT INTO objects (id, name, type, region_id, country_code, country_full, parent_id, height,                 latitude, longitude, description, border_distance, info_source, updated_at)
                VALUES (9452, 'Перевал -', NULL, 28, 'KG', 'Киргизия, Иссык-Кульская область',                 NULL, 100,                 41.94089, 76.81139,                 NULL, NULL,                 NULL, 'Обновлено:02.09.2017');
INSERT INTO objects (id, name, type, region_id, country_code, country_full, parent_id, height,                 latitude, longitude, description, border_distance, info_source, updated_at)
                VALUES (10268, 'Перевал Загадка Двойная', NULL, 30, 'KG', 'Киргизия, Иссык-Кульская область',                 NULL, 4629,                 42.11581, 78.28879,                 NULL, NULL,                 NULL, 'Обновлено:28.01.2018');
INSERT INTO objects (id, name, type, region_id, country_code, country_full, parent_id, height,                 latitude, longitude, description, border_distance, info_source, updated_at)
                VALUES (5891, 'Перевал ОПТЭ', NULL, 34, 'KG', 'Киргизия, Баткенская область',                 NULL, 4000,                 39.59469, 70.57928,                 NULL, NULL,                 'Чаще всего туристы  попадают на пер. ОПТЭ спер. Щуровского  (1Б*)илил.Скачкова, а уходят с перевала  в сторонул.Скачкова.Информация сформирована на основе анализа технических отчётов.', 'Обновлено:02.09.2017');
INSERT INTO objects (id, name, type, region_id, country_code, country_full, parent_id, height,                 latitude, longitude, description, border_distance, info_source, updated_at)
                VALUES (10866, 'Перевал Локомотив', NULL, 38, 'KZ', 'Казахстан, Алматинская область, Карасайский район',                 NULL, 4000,                 43.04452, 77.06706,                 NULL, NULL,                 NULL, 'Обновлено:02.09.2017');
INSERT INTO objects (id, name, type, region_id, country_code, country_full, parent_id, height,                 latitude, longitude, description, border_distance, info_source, updated_at)
                VALUES (2288, 'Перевал Карасамурский', NULL, 40, NULL, NULL,                 NULL, 3730,                 NULL, NULL,                 NULL, NULL,                 NULL, 'Обновлено:02.09.2017');
INSERT INTO objects (id, name, type, region_id, country_code, country_full, parent_id, height,                 latitude, longitude, description, border_distance, info_source, updated_at)
                VALUES (909, 'Вершина Кхаптанг', NULL, 3, 'Непал', 'Непал, Карнали',                 NULL, 5821,                 29.90314, 82.59648,                 NULL, NULL,                 NULL, 'Обновлено:24.09.2017');
INSERT INTO objects (id, name, type, region_id, country_code, country_full, parent_id, height,                 latitude, longitude, description, border_distance, info_source, updated_at)
                VALUES (8574, 'Перевал N124', NULL, 22, 'RU', 'Россия, Республика Бурятия, Окинский район',                 NULL, 100,                 51.8829, 102.03227,                 NULL, NULL,                 NULL, 'Обновлено:02.09.2017');
INSERT INTO objects (id, name, type, region_id, country_code, country_full, parent_id, height,                 latitude, longitude, description, border_distance, info_source, updated_at)
                VALUES (13419, 'Перевал Плевако Восточный', NULL, 45, 'RU', 'Россия, Карачаево-Черкесская Республика, Карачаевский район',                 NULL, 3400,                 43.30514, 42.12362,                 NULL, NULL,                 NULL, NULL);
INSERT INTO objects (id, name, type, region_id, country_code, country_full, parent_id, height,                 latitude, longitude, description, border_distance, info_source, updated_at)
                VALUES (135, 'Перевал Девяти', NULL, 47, 'RU', 'Россия, Республика Алтай, Кош-Агачский район',                 NULL, 3600,                 49.79205, 87.7204,                 NULL, NULL,                 'Чаще всего туристы  попадают на пер. Девяти след. Софийский, а уходят с перевала  в сторонулед. Большая Талдураилилед. Софийский.Информация сформирована на основе анализа технических отчётов.', 'Обновлено:06.12.2019');
INSERT INTO objects (id, name, type, region_id, country_code, country_full, parent_id, height,                 latitude, longitude, description, border_distance, info_source, updated_at)
                VALUES (5865, 'Перевал Октябрьский', NULL, 24, 'TJ', 'Таджикистан, Горно-Бадахшанская автономная область',                 NULL, 5900,                 39.27549, 72.97755,                 NULL, NULL,                 NULL, 'Обновлено:02.09.2017');
INSERT INTO objects (id, name, type, region_id, country_code, country_full, parent_id, height,                 latitude, longitude, description, border_distance, info_source, updated_at)
                VALUES (8746, 'Перевал Динозавр', NULL, 22, 'RU', 'Россия, Республика Бурятия, Тункинский район',                 NULL, 2400,                 51.94581, 102.19339,                 NULL, NULL,                 'Чаще всего туристы  попадают на пер. Динозавр спер. Бепкан  (1А), а уходят с перевала  в сторонупер. Бепкан  (1А)илир.Зун-Хандагай.Информация сформирована на основе анализа технических отчётов.', 'Обновлено:01.12.2019');
INSERT INTO objects (id, name, type, region_id, country_code, country_full, parent_id, height,                 latitude, longitude, description, border_distance, info_source, updated_at)
                VALUES (307, 'Перевал Мордовия', NULL, 51, 'RU', 'Россия, Республика Алтай, Кош-Агачский район',                 NULL, 3350,                 50.12709, 87.49286,                 NULL, NULL,                 NULL, 'Обновлено:09.12.2019');
INSERT INTO objects (id, name, type, region_id, country_code, country_full, parent_id, height,                 latitude, longitude, description, border_distance, info_source, updated_at)
                VALUES (2618, 'Перевал Майли', NULL, 54, 'RU', 'Россия, Республика Северная Осетия — Алания, Пригородный район',                 NULL, 3911,                 42.72044, 44.45434,                 NULL, NULL,                 NULL, 'Обновлено:02.09.2017');
INSERT INTO objects (id, name, type, region_id, country_code, country_full, parent_id, height,                 latitude, longitude, description, border_distance, info_source, updated_at)
                VALUES (12732, 'Перевал Двухцветный', NULL, 57, 'RU', 'Россия, Карачаево-Черкесская Республика, Карачаевский район',                 NULL, 3220,                 43.50482, 41.65368,                 NULL, NULL,                 NULL, 'Обновлено:24.01.2018');
INSERT INTO objects (id, name, type, region_id, country_code, country_full, parent_id, height,                 latitude, longitude, description, border_distance, info_source, updated_at)
                VALUES (1432, 'Перевал Ясный', NULL, 58, 'KZ', 'Казахстан, Алматинская область, Ескельдинский район',                 NULL, 100,                 44.87776, 79.45612,                 NULL, NULL,                 NULL, 'Обновлено:02.09.2017');
INSERT INTO objects (id, name, type, region_id, country_code, country_full, parent_id, height,                 latitude, longitude, description, border_distance, info_source, updated_at)
                VALUES (4140, 'Вершина Koh', NULL, 60, 'PK', 'Пакистан, провинция Хайбер-Пахтунхва',                 NULL, 5924,                 36.8375, 72.71889,                 NULL, NULL,                 NULL, 'Обновлено:02.09.2017');
INSERT INTO objects (id, name, type, region_id, country_code, country_full, parent_id, height,                 latitude, longitude, description, border_distance, info_source, updated_at)
                VALUES (11385, 'Перевал Салык', NULL, 63, 'KG', 'Киргизия, Чуйская область',                 NULL, 4450,                 42.49001, 74.74902,                 NULL, NULL,                 NULL, 'Обновлено:02.09.2017');
INSERT INTO objects (id, name, type, region_id, country_code, country_full, parent_id, height,                 latitude, longitude, description, border_distance, info_source, updated_at)
                VALUES (23247, 'Перевал Четрши', NULL, 64, 'GE', 'Грузия, край Мцхета-Мтианети, Казбегский муниципалитет',                 NULL, 3350,                 42.55912, 44.39666,                 NULL, NULL,                 NULL, 'Обновлено:21.07.2022');
INSERT INTO objects (id, name, type, region_id, country_code, country_full, parent_id, height,                 latitude, longitude, description, border_distance, info_source, updated_at)
                VALUES (3157, 'Вершина Советский Воин', NULL, 9, 'RU', 'Россия, Кабардино-Балкарская Республика, Эльбрусский район',                 NULL, 4014,                 43.32096, 42.62061,                 NULL, NULL,                 NULL, 'Обновлено:02.09.2017');
INSERT INTO objects (id, name, type, region_id, country_code, country_full, parent_id, height,                 latitude, longitude, description, border_distance, info_source, updated_at)
                VALUES (1264, 'Пик Коллекторов', NULL, 2, 'KZ', 'Казахстан, Алматинская область, Панфиловский район',                 NULL, 100,                 44.65198, 79.93691,                 NULL, NULL,                 NULL, 'Обновлено:02.09.2017');
INSERT INTO objects (id, name, type, region_id, country_code, country_full, parent_id, height,                 latitude, longitude, description, border_distance, info_source, updated_at)
                VALUES (9835, 'Перевал Ашуу', NULL, 66, 'KG', 'Киргизия, Джалал-Абадская область',                 NULL, 3370,                 41.91065, 71.78407,                 NULL, NULL,                 NULL, 'Обновлено:02.09.2017');
INSERT INTO objects (id, name, type, region_id, country_code, country_full, parent_id, height,                 latitude, longitude, description, border_distance, info_source, updated_at)
                VALUES (7193, 'Перевал Язгулемский', NULL, 67, 'TJ', 'Таджикистан, Горно-Бадахшанская автономная область',                 NULL, 5295,                 38.5284, 72.25342,                 NULL, NULL,                 'Чаще всего туристы  попадают на пер. Язгулемский спер. Дустироз  (2А)илил.Язгулемский, а уходят с перевала  в сторонул.Федченкоилипер. Хурджин Верхний  (3А).Информация сформирована на основе анализа технических отчётов.', 'Обновлено:11.01.2023');
INSERT INTO objects (id, name, type, region_id, country_code, country_full, parent_id, height,                 latitude, longitude, description, border_distance, info_source, updated_at)
                VALUES (61, 'Перевал Ачик', NULL, 51, NULL, NULL,                 NULL, 2360,                 NULL, NULL,                 NULL, NULL,                 NULL, 'Обновлено:02.09.2017');
INSERT INTO objects (id, name, type, region_id, country_code, country_full, parent_id, height,                 latitude, longitude, description, border_distance, info_source, updated_at)
                VALUES (13284, 'Перевал Ангел', NULL, 68, 'RU', 'Россия, Карачаево-Черкесская Республика, Карачаевский район',                 NULL, 3220,                 43.2983, 41.91704,                 NULL, NULL,                 NULL, NULL);
INSERT INTO objects (id, name, type, region_id, country_code, country_full, parent_id, height,                 latitude, longitude, description, border_distance, info_source, updated_at)
                VALUES (1056, 'Перевал Витянис', NULL, 58, 'KZ', 'Казахстан, Алматинская область, Саркандский район',                 NULL, 100,                 45.1131, 80.41336,                 NULL, NULL,                 NULL, 'Обновлено:02.09.2017');
INSERT INTO objects (id, name, type, region_id, country_code, country_full, parent_id, height,                 latitude, longitude, description, border_distance, info_source, updated_at)
                VALUES (11715, 'Перевал Топ', NULL, 69, 'KG', 'Киргизия, Чуйская область',                 NULL, 4400,                 42.49494, 74.56866,                 NULL, NULL,                 'Чаще всего туристы  попадают на пер. Топ-карагай спер. Корона Южный  (3А), а уходят с перевала  в сторонупер. Симонова  (1Б).Информация сформирована на основе анализа технических отчётов.', 'Обновлено:02.09.2017');
INSERT INTO objects (id, name, type, region_id, country_code, country_full, parent_id, height,                 latitude, longitude, description, border_distance, info_source, updated_at)
                VALUES (8913, 'Перевал Медвежий', NULL, 22, 'RU', 'Россия, Республика Бурятия, Окинский район',                 NULL, 2897,                 51.92554, 101.97235,                 NULL, NULL,                 NULL, 'Обновлено:02.09.2017');
INSERT INTO objects (id, name, type, region_id, country_code, country_full, parent_id, height,                 latitude, longitude, description, border_distance, info_source, updated_at)
                VALUES (7167, 'Перевал Эстонский', NULL, 70, 'TJ', 'Таджикистан, Согдийская область',                 NULL, 3900,                 39.13208, 68.17212,                 NULL, NULL,                 NULL, 'Обновлено:02.09.2017');
INSERT INTO objects (id, name, type, region_id, country_code, country_full, parent_id, height,                 latitude, longitude, description, border_distance, info_source, updated_at)
                VALUES (13042, 'Пик Физкультурник', NULL, 72, 'GE', 'Грузия, край Самегрело—Земо-Сванети, Местийский муниципалитет',                 NULL, 3950,                 43.1628, 42.60329,                 NULL, NULL,                 NULL, NULL);
INSERT INTO objects (id, name, type, region_id, country_code, country_full, parent_id, height,                 latitude, longitude, description, border_distance, info_source, updated_at)
                VALUES (2415, 'Перевал Колка', NULL, 54, 'RU', 'Россия, Республика Северная Осетия — Алания, Пригородный район',                 NULL, 4100,                 42.7188, 44.43474,                 NULL, NULL,                 NULL, 'Обновлено:02.09.2017');
INSERT INTO objects (id, name, type, region_id, country_code, country_full, parent_id, height,                 latitude, longitude, description, border_distance, info_source, updated_at)
                VALUES (3391, 'Вершина Уллукая', NULL, 9, 'RU', 'Россия, Кабардино-Балкарская Республика, Эльбрусский район',                 NULL, 2856,                 43.36314, 42.70654,                 NULL, NULL,                 NULL, 'Обновлено:02.09.2017');
INSERT INTO objects (id, name, type, region_id, country_code, country_full, parent_id, height,                 latitude, longitude, description, border_distance, info_source, updated_at)
                VALUES (5254, 'Вершина Киякминчитау', NULL, 74, NULL, NULL,                 NULL, 5847,                 NULL, NULL,                 NULL, NULL,                 NULL, 'Обновлено:02.09.2017');
INSERT INTO objects (id, name, type, region_id, country_code, country_full, parent_id, height,                 latitude, longitude, description, border_distance, info_source, updated_at)
                VALUES (936, 'Перевал (103)', NULL, 2, 'KZ', 'Казахстан, Алматинская область, Панфиловский район',                 NULL, 100,                 44.6634, 79.74278,                 NULL, NULL,                 NULL, 'Обновлено:02.09.2017');
INSERT INTO objects (id, name, type, region_id, country_code, country_full, parent_id, height,                 latitude, longitude, description, border_distance, info_source, updated_at)
                VALUES (13426, 'Перевал Озёрный Кольцевой', NULL, 10, 'RU', 'Россия, Карачаево-Черкесская Республика, Карачаевский район',                 NULL, 3447,                 43.3744, 42.34189,                 NULL, NULL,                 NULL, NULL);
INSERT INTO trips (id, type, region_id, difficulty, season, author, city)
                VALUES (7990, 'Горный поход', 7, 
                '2 к.с.', 'июль 2023', 'Коваленко Ю.А.
                    

Город', NULL);
INSERT INTO trip_route (trip_id, order_num, object_id, name) VALUES (7990, 0, NULL, 'пос. Домбай');
INSERT INTO trip_route (trip_id, order_num, object_id, name) VALUES (7990, 1, NULL, 'д.р. Домбай-Ульген');
INSERT INTO trip_route (trip_id, order_num, object_id, name) VALUES (7990, 2, NULL, 'д.р. Чучхур');
INSERT INTO trip_route (trip_id, order_num, object_id, name) VALUES (7990, 3, NULL, 'пер. Чучхур');
INSERT INTO trip_route (trip_id, order_num, object_id, name) VALUES (7990, 4, NULL, 'д.р. Буульген');
INSERT INTO trip_route (trip_id, order_num, object_id, name) VALUES (7990, 5, NULL, 'пер. Обзорный Буульгенский(1Б, 3 022 м)111');
INSERT INTO trip_route (trip_id, order_num, object_id, name) VALUES (7990, 6, NULL, 'оз. Туманлы-Кель');
INSERT INTO trip_route (trip_id, order_num, object_id, name) VALUES (7990, 7, NULL, 'д.р. Сев. Клухор');
INSERT INTO trip_route (trip_id, order_num, object_id, name) VALUES (7990, 8, NULL, 'оз. Клухор');
INSERT INTO trip_route (trip_id, order_num, object_id, name) VALUES (7990, 9, NULL, 'пер. Кичи-Муруджу Южный(1А, 3 150 м)1332');
INSERT INTO trip_route (trip_id, order_num, object_id, name) VALUES (7990, 10, NULL, 'пер. Кичи-Муруджу(1А, 3 144 м)36143');
INSERT INTO trip_route (trip_id, order_num, object_id, name) VALUES (7990, 11, NULL, 'д.р. Махар');
INSERT INTO trip_route (trip_id, order_num, object_id, name) VALUES (7990, 12, NULL, 'т/б <Глобус>');
INSERT INTO trip_route (trip_id, order_num, object_id, name) VALUES (7990, 13, NULL, 'д.р. Гондарай');
INSERT INTO trip_route (trip_id, order_num, object_id, name) VALUES (7990, 14, NULL, 'д.р. Джалпаккол');
INSERT INTO trip_route (trip_id, order_num, object_id, name) VALUES (7990, 15, NULL, 'пер. Актур Восточный(1Б, 3 483 м)47194');
INSERT INTO trip_route (trip_id, order_num, object_id, name) VALUES (7990, 16, NULL, 'д.р. Мырды');
INSERT INTO trip_route (trip_id, order_num, object_id, name) VALUES (7990, 17, NULL, 'д.р. Кичкинекол');
INSERT INTO trip_route (trip_id, order_num, object_id, name) VALUES (7990, 18, NULL, 'д.р. Таллычат');
INSERT INTO trip_route (trip_id, order_num, object_id, name) VALUES (7990, 19, NULL, 'д.р. Узункол');
INSERT INTO trip_route (trip_id, order_num, object_id, name) VALUES (7990, 20, NULL, 'д.р. Кубань');
INSERT INTO trip_route (trip_id, order_num, object_id, name) VALUES (7990, 21, NULL, 'д.р. Уллу-Кам');
INSERT INTO trip_route (trip_id, order_num, object_id, name) VALUES (7990, 22, NULL, 'пер. Хотютау(1Б, 3 546 м)221135');
INSERT INTO trip_route (trip_id, order_num, object_id, name) VALUES (7990, 23, NULL, 'пер. Эхо войны(1А, 3 349 м)16116');
INSERT INTO trip_route (trip_id, order_num, object_id, name) VALUES (7990, 24, NULL, 'д.р. Баксан');
INSERT INTO trip_route (trip_id, order_num, object_id, name) VALUES (7990, 25, NULL, 'пос. Терскол');
INSERT INTO trips (id, type, region_id, difficulty, season, author, city)
                VALUES (6628, 'Велосипедный поход', NULL, 
                '4 к.с.', 'август 2018', 'Загуменова И. В.
                    

Маршрут', NULL);
INSERT INTO trip_route (trip_id, order_num, object_id, name) VALUES (6628, 0, NULL, 'Апатиты');
INSERT INTO trip_route (trip_id, order_num, object_id, name) VALUES (6628, 1, NULL, 'Кировск');
INSERT INTO trip_route (trip_id, order_num, object_id, name) VALUES (6628, 2, NULL, 'оз. Б. Вудъявр');
INSERT INTO trip_route (trip_id, order_num, object_id, name) VALUES (6628, 3, NULL, 'оз. М. Вудъявр');
INSERT INTO trip_route (trip_id, order_num, object_id, name) VALUES (6628, 4, NULL, 'р. Поачвумйок');
INSERT INTO trip_route (trip_id, order_num, object_id, name) VALUES (6628, 5, NULL, 'пер. Рамзая(н/к, 770 м)3381');
INSERT INTO trip_route (trip_id, order_num, object_id, name) VALUES (6628, 6, NULL, 'р. Мал. Белая');
INSERT INTO trip_route (trip_id, order_num, object_id, name) VALUES (6628, 7, NULL, 'Имандра');
INSERT INTO trip_route (trip_id, order_num, object_id, name) VALUES (6628, 8, NULL, 'р. Бассейная Куна');
INSERT INTO trip_route (trip_id, order_num, object_id, name) VALUES (6628, 9, NULL, 'оз. Гольцовое');
INSERT INTO trip_route (trip_id, order_num, object_id, name) VALUES (6628, 10, NULL, 'база КСС');
INSERT INTO trip_route (trip_id, order_num, object_id, name) VALUES (6628, 11, NULL, 'р. Рисйок');
INSERT INTO trip_route (trip_id, order_num, object_id, name) VALUES (6628, 12, NULL, 'пер. Ю. Рисчор');
INSERT INTO trip_route (trip_id, order_num, object_id, name) VALUES (6628, 13, NULL, 'хребет над оз. Академическое');
INSERT INTO trip_route (trip_id, order_num, object_id, name) VALUES (6628, 14, NULL, 'пер. Куропачий(н/к, 430 м)172');
INSERT INTO trip_route (trip_id, order_num, object_id, name) VALUES (6628, 15, NULL, 'г. Тульок');
INSERT INTO trip_route (trip_id, order_num, object_id, name) VALUES (6628, 16, NULL, 'р. Каскаснюнйок');
INSERT INTO trip_route (trip_id, order_num, object_id, name) VALUES (6628, 17, NULL, 'р. Тульок');
INSERT INTO trip_route (trip_id, order_num, object_id, name) VALUES (6628, 18, NULL, 'зал. Тульилухт');
INSERT INTO trip_route (trip_id, order_num, object_id, name) VALUES (6628, 19, NULL, 'оз. Верх. Ньюръявр');
INSERT INTO trip_route (trip_id, order_num, object_id, name) VALUES (6628, 20, NULL, 'залив Чудалухт');
INSERT INTO trip_route (trip_id, order_num, object_id, name) VALUES (6628, 21, NULL, 'мыс Литт');
INSERT INTO trip_route (trip_id, order_num, object_id, name) VALUES (6628, 22, NULL, 'р. Сура');
INSERT INTO trip_route (trip_id, order_num, object_id, name) VALUES (6628, 23, NULL, 'Ревда');
INSERT INTO trip_route (trip_id, order_num, object_id, name) VALUES (6628, 24, NULL, 'пер. Геологов(2А-3А, 1 119 м)83');
INSERT INTO trip_route (trip_id, order_num, object_id, name) VALUES (6628, 25, NULL, 'пер. Сев. Товайок');
INSERT INTO trip_route (trip_id, order_num, object_id, name) VALUES (6628, 26, NULL, 'р. Товайок');
INSERT INTO trip_route (trip_id, order_num, object_id, name) VALUES (6628, 27, NULL, 'пос. Пунча');
INSERT INTO trip_route (trip_id, order_num, object_id, name) VALUES (6628, 28, NULL, 'трасса М509');
INSERT INTO trip_route (trip_id, order_num, object_id, name) VALUES (6628, 29, NULL, 'пос. Умбозеро');
INSERT INTO trip_route (trip_id, order_num, object_id, name) VALUES (6628, 30, NULL, 'р. Сейда');
INSERT INTO trip_route (trip_id, order_num, object_id, name) VALUES (6628, 31, NULL, 'пос. Октябрьский');
INSERT INTO trip_route (trip_id, order_num, object_id, name) VALUES (6628, 32, NULL, 'аэродром Хариусный');
INSERT INTO trip_route (trip_id, order_num, object_id, name) VALUES (6628, 33, NULL, 'Ингозеро');
INSERT INTO trip_route (trip_id, order_num, object_id, name) VALUES (6628, 34, NULL, 'Бол. Эпеш');
INSERT INTO trip_route (trip_id, order_num, object_id, name) VALUES (6628, 35, NULL, 'пос. Инга');
INSERT INTO trip_route (trip_id, order_num, object_id, name) VALUES (6628, 36, NULL, 'пос. Муна');
INSERT INTO trip_route (trip_id, order_num, object_id, name) VALUES (6628, 37, NULL, 'пос. Вост. Мунозеро');
INSERT INTO trip_route (trip_id, order_num, object_id, name) VALUES (6628, 38, NULL, 'р. Вяла');
INSERT INTO trip_route (trip_id, order_num, object_id, name) VALUES (6628, 39, NULL, 'р. Печема');
INSERT INTO trip_route (trip_id, order_num, object_id, name) VALUES (6628, 40, NULL, 'п. Умба');
INSERT INTO trip_route (trip_id, order_num, object_id, name) VALUES (6628, 41, NULL, 'р. Хлебная');
INSERT INTO trip_route (trip_id, order_num, object_id, name) VALUES (6628, 42, NULL, 'пос. Оленица');
INSERT INTO trip_route (trip_id, order_num, object_id, name) VALUES (6628, 43, NULL, 'р. Сиговка');
INSERT INTO trip_route (trip_id, order_num, object_id, name) VALUES (6628, 44, NULL, 'Кашкаранцы');
INSERT INTO trip_route (trip_id, order_num, object_id, name) VALUES (6628, 45, NULL, 'берег Белого моря');
INSERT INTO trip_route (trip_id, order_num, object_id, name) VALUES (6628, 46, NULL, 'ур. Подтурок');
INSERT INTO trip_route (trip_id, order_num, object_id, name) VALUES (6628, 47, NULL, 'пос. Варзуга');
INSERT INTO trips (id, type, region_id, difficulty, season, author, city)
                VALUES (135, 'Горный поход', 7, 
                '3 к.с.', 'июль 2006', 'Голубев
                    

Город', NULL);
INSERT INTO trip_route (trip_id, order_num, object_id, name) VALUES (135, 0, NULL, 'Пос. Терскол');
INSERT INTO trip_route (trip_id, order_num, object_id, name) VALUES (135, 1, NULL, 'р. Терскол');
INSERT INTO trip_route (trip_id, order_num, object_id, name) VALUES (135, 2, NULL, 'пер. Солдатский(1А, 3 383 м)3911');
INSERT INTO trip_route (trip_id, order_num, object_id, name) VALUES (135, 3, NULL, 'цирк Суаккалар');
INSERT INTO trip_route (trip_id, order_num, object_id, name) VALUES (135, 4, NULL, 'пер. Суаккалар(1Б*, 3 650 м)3212');
INSERT INTO trip_route (trip_id, order_num, object_id, name) VALUES (135, 5, NULL, 'г. Сарыколбаши(4 088 м)2213');
INSERT INTO trip_route (trip_id, order_num, object_id, name) VALUES (135, 6, NULL, 'Терсак (радиально, н/к)');
INSERT INTO trip_route (trip_id, order_num, object_id, name) VALUES (135, 7, NULL, 'р. Ирик');
INSERT INTO trip_route (trip_id, order_num, object_id, name) VALUES (135, 8, NULL, 'р. Ирикчат');
INSERT INTO trip_route (trip_id, order_num, object_id, name) VALUES (135, 9, NULL, 'пер. Российских Офицеров(2А, 3 819 м)36114');
INSERT INTO trip_route (trip_id, order_num, object_id, name) VALUES (135, 10, NULL, 'г. Кезгенбаши радиально');
INSERT INTO trip_route (trip_id, order_num, object_id, name) VALUES (135, 11, NULL, 'пер. Мукал-Мкяра(1Б, 3 740 м)3795');
INSERT INTO trip_route (trip_id, order_num, object_id, name) VALUES (135, 12, NULL, 'р.Мкяра');
INSERT INTO trip_route (trip_id, order_num, object_id, name) VALUES (135, 13, NULL, 'пёр. Мкяра-Субаши (1Б)');
INSERT INTO trip_route (trip_id, order_num, object_id, name) VALUES (135, 14, NULL, 'р. Субаши (Кыртык)');
INSERT INTO trip_route (trip_id, order_num, object_id, name) VALUES (135, 15, NULL, 'р. Уллуусенчи');
INSERT INTO trip_route (trip_id, order_num, object_id, name) VALUES (135, 16, NULL, 'пер. Кыртыкауш(н/к, 3 242 м)16346');
INSERT INTO trip_route (trip_id, order_num, object_id, name) VALUES (135, 17, NULL, 'р. Исламчат');
INSERT INTO trip_route (trip_id, order_num, object_id, name) VALUES (135, 18, NULL, 'пер. Исламчат(н/к, 3 100 м)12367');
INSERT INTO trip_route (trip_id, order_num, object_id, name) VALUES (135, 19, NULL, 'р. Каракаясу');
INSERT INTO trip_route (trip_id, order_num, object_id, name) VALUES (135, 20, NULL, 'радиально пер. Балык Сев. (1Б)');
INSERT INTO trip_route (trip_id, order_num, object_id, name) VALUES (135, 21, NULL, 'плечо г. Балыксубаши');
INSERT INTO trip_route (trip_id, order_num, object_id, name) VALUES (135, 22, NULL, 'лед. Джикаугенкёз1128');
INSERT INTO trip_route (trip_id, order_num, object_id, name) VALUES (135, 23, NULL, 'л. Бирджалы');
INSERT INTO trip_route (trip_id, order_num, object_id, name) VALUES (135, 24, NULL, 'л. Микельчиран');
INSERT INTO trip_route (trip_id, order_num, object_id, name) VALUES (135, 25, NULL, 'лед. Уллукол39');
INSERT INTO trip_route (trip_id, order_num, object_id, name) VALUES (135, 26, NULL, 'лед. Карачаул210');
INSERT INTO trip_route (trip_id, order_num, object_id, name) VALUES (135, 27, NULL, 'траверслед. Уллучиран1611');
INSERT INTO trip_route (trip_id, order_num, object_id, name) VALUES (135, 28, NULL, 'пер. Фрунзе(2А, 4 011 м)30312');
INSERT INTO trip_route (trip_id, order_num, object_id, name) VALUES (135, 29, NULL, 'лед. Битюктюбе313');
INSERT INTO trip_route (trip_id, order_num, object_id, name) VALUES (135, 30, NULL, 'пер. Летчика Машкова(1А, 3 500 м)15914');
INSERT INTO trip_route (trip_id, order_num, object_id, name) VALUES (135, 31, NULL, 'пер. Кольцевой(1А, 3 353 м)243615');
INSERT INTO trip_route (trip_id, order_num, object_id, name) VALUES (135, 32, NULL, 'лед. Кюкюртлю816');
INSERT INTO trip_route (trip_id, order_num, object_id, name) VALUES (135, 33, NULL, 'пер. Кюкюртлю Южный(1А, 3 669 м)301117');
INSERT INTO trip_route (trip_id, order_num, object_id, name) VALUES (135, 34, NULL, 'пер. Кюкюртлю Северный(2А, 3 876 м)48418');
INSERT INTO trip_route (trip_id, order_num, object_id, name) VALUES (135, 35, NULL, 'р. Уллукам');
INSERT INTO trip_route (trip_id, order_num, object_id, name) VALUES (135, 36, NULL, 'пер. Хотютау- Приют 11 (2А)');
INSERT INTO trip_route (trip_id, order_num, object_id, name) VALUES (135, 37, NULL, 'рад.г. Эльбрус Восточная(5 621 м)2122819');
INSERT INTO trip_route (trip_id, order_num, object_id, name) VALUES (135, 38, NULL, 'Ледовая база');
INSERT INTO trip_route (trip_id, order_num, object_id, name) VALUES (135, 39, NULL, 'пос. Терскол');
INSERT INTO trips (id, type, region_id, difficulty, season, author, city)
                VALUES (5059, 'Горный поход', NULL, 
                '1 к.с.', 'август 2014', 'Бакин П. Е.
                    

Маршрут', NULL);
INSERT INTO trip_route (trip_id, order_num, object_id, name) VALUES (5059, 0, NULL, 'п. Маральник 1-й (старт)');
INSERT INTO trip_route (trip_id, order_num, object_id, name) VALUES (5059, 1, NULL, 'р. Мульта');
INSERT INTO trip_route (trip_id, order_num, object_id, name) VALUES (5059, 2, NULL, 'пер. ПГПИ(1Б, 2 640 м)51');
INSERT INTO trip_route (trip_id, order_num, object_id, name) VALUES (5059, 3, NULL, 'р. Лев. Осиновка (Караайры)');
INSERT INTO trip_route (trip_id, order_num, object_id, name) VALUES (5059, 4, NULL, 'р. Иолдо');
INSERT INTO trip_route (trip_id, order_num, object_id, name) VALUES (5059, 5, NULL, 'пер. Джалама Южный(1Б, 2 880 м)52');
INSERT INTO trip_route (trip_id, order_num, object_id, name) VALUES (5059, 6, NULL, 'лед. Иолдоайры');
INSERT INTO trip_route (trip_id, order_num, object_id, name) VALUES (5059, 7, NULL, 'р. Иолдоайры');
INSERT INTO trip_route (trip_id, order_num, object_id, name) VALUES (5059, 8, NULL, 'оз. Кучерлинское');
INSERT INTO trip_route (trip_id, order_num, object_id, name) VALUES (5059, 9, NULL, 'р. Кучерла');
INSERT INTO trip_route (trip_id, order_num, object_id, name) VALUES (5059, 10, NULL, 'ур. Елань');
INSERT INTO trip_route (trip_id, order_num, object_id, name) VALUES (5059, 11, NULL, 'п. Кучерла (финиш)');
INSERT INTO trip_route (trip_id, order_num, object_id, name) VALUES (5059, 12, NULL, 'п. Тюнгур');
INSERT INTO trip_route (trip_id, order_num, object_id, name) VALUES (5059, 13, NULL, 'с.Катанда');
INSERT INTO trips (id, type, region_id, difficulty, season, author, city)
                VALUES (763, 'Горный поход', NULL, 
                '4 к.с.', 'август 1968', 'Грель В.
                    

Город', NULL);
INSERT INTO trip_route (trip_id, order_num, object_id, name) VALUES (763, 0, NULL, 'Рахмановские Ключи');
INSERT INTO trip_route (trip_id, order_num, object_id, name) VALUES (763, 1, NULL, 'р.Черная Берель');
INSERT INTO trip_route (trip_id, order_num, object_id, name) VALUES (763, 2, NULL, 'р.Белая Берель');
INSERT INTO trip_route (trip_id, order_num, object_id, name) VALUES (763, 3, NULL, 'р.Катунь');
INSERT INTO trip_route (trip_id, order_num, object_id, name) VALUES (763, 4, NULL, 'пер. Большое Берельское Седло(3А, 3 520 м)16');
INSERT INTO trip_route (trip_id, order_num, object_id, name) VALUES (763, 5, NULL, 'пер. Дружба(1Б, 3 340 м)51');
INSERT INTO trip_route (trip_id, order_num, object_id, name) VALUES (763, 6, NULL, 'пос.Тюнгур');
INSERT INTO trips (id, type, region_id, difficulty, season, author, city)
                VALUES (7964, 'Пеший поход', NULL, 
                '1 к.с.', 'май 2023', 'Дмитриева Юлия
                    

Город', NULL);
INSERT INTO trip_route (trip_id, order_num, object_id, name) VALUES (7964, 0, NULL, 'п. Перевальное');
INSERT INTO trip_route (trip_id, order_num, object_id, name) VALUES (7964, 1, NULL, 'пещ. Алёшина вода');
INSERT INTO trip_route (trip_id, order_num, object_id, name) VALUES (7964, 2, NULL, 'пещ. Красная');
INSERT INTO trip_route (trip_id, order_num, object_id, name) VALUES (7964, 3, NULL, 'т/с Курган Славы');
INSERT INTO trip_route (trip_id, order_num, object_id, name) VALUES (7964, 4, NULL, 'т/с Партизанская поляна');
INSERT INTO trip_route (trip_id, order_num, object_id, name) VALUES (7964, 5, NULL, 'ист. Сулух-Оба');
INSERT INTO trip_route (trip_id, order_num, object_id, name) VALUES (7964, 6, NULL, 'г. Стол-Гора');
INSERT INTO trip_route (trip_id, order_num, object_id, name) VALUES (7964, 7, NULL, 'вдп. Джур-Джур');
INSERT INTO trip_route (trip_id, order_num, object_id, name) VALUES (7964, 8, NULL, 'вдп. Джурла');
INSERT INTO trip_route (trip_id, order_num, object_id, name) VALUES (7964, 9, NULL, 'т/с Верхняя Джурла');
INSERT INTO trip_route (trip_id, order_num, object_id, name) VALUES (7964, 10, NULL, 'г. Южная Демерджи');
INSERT INTO trip_route (trip_id, order_num, object_id, name) VALUES (7964, 11, NULL, 'Долина Приведений');
INSERT INTO trip_route (trip_id, order_num, object_id, name) VALUES (7964, 12, NULL, 'т/с Демерджи');
INSERT INTO trip_route (trip_id, order_num, object_id, name) VALUES (7964, 13, NULL, 'Крепость Фуна');
INSERT INTO trip_route (trip_id, order_num, object_id, name) VALUES (7964, 14, NULL, 'пер. Ангарский(752 м)5281');
INSERT INTO trip_route (trip_id, order_num, object_id, name) VALUES (7964, 15, NULL, 'т/с Кутузовское озеро');
INSERT INTO trip_route (trip_id, order_num, object_id, name) VALUES (7964, 16, NULL, 'Изобиленское вдхр.');
INSERT INTO trip_route (trip_id, order_num, object_id, name) VALUES (7964, 17, NULL, 'т/с Ай-Йори');
INSERT INTO trip_route (trip_id, order_num, object_id, name) VALUES (7964, 18, NULL, 'т/с Бирюзовое озеро');
INSERT INTO trip_route (trip_id, order_num, object_id, name) VALUES (7964, 19, NULL, 'Нижняя Артековская поляна');
INSERT INTO trip_route (trip_id, order_num, object_id, name) VALUES (7964, 20, NULL, 'Романовская дорога');
INSERT INTO trip_route (trip_id, order_num, object_id, name) VALUES (7964, 21, NULL, 'с. Партизанское.');
INSERT INTO trips (id, type, region_id, difficulty, season, author, city)
                VALUES (3365, 'Лыжный поход', NULL, 
                '6 к.с.', 'март 1997', 'Бездитко С.В.
                    

Маршрут', NULL);
INSERT INTO trip_route (trip_id, order_num, object_id, name) VALUES (3365, 0, NULL, 'пос.Тюнгур');
INSERT INTO trip_route (trip_id, order_num, object_id, name) VALUES (3365, 1, NULL, 'пер. Кузуяк(н/к, 1 840 м)77');
INSERT INTO trip_route (trip_id, order_num, object_id, name) VALUES (3365, 2, NULL, 'р.Акке');
INSERT INTO trip_route (trip_id, order_num, object_id, name) VALUES (3365, 3, NULL, 'оз.Аккемское');
INSERT INTO trip_route (trip_id, order_num, object_id, name) VALUES (3365, 4, NULL, 'лед. Менсу81');
INSERT INTO trip_route (trip_id, order_num, object_id, name) VALUES (3365, 5, NULL, 'пер. Туристов(2А, 3 300 м)41');
INSERT INTO trip_route (trip_id, order_num, object_id, name) VALUES (3365, 6, NULL, 'пер. Крепость(2Б, 3 050 м)8');
INSERT INTO trip_route (trip_id, order_num, object_id, name) VALUES (3365, 7, NULL, 'лед. Малый Берельский11');
INSERT INTO trip_route (trip_id, order_num, object_id, name) VALUES (3365, 8, NULL, 'л.Лысьва');
INSERT INTO trip_route (trip_id, order_num, object_id, name) VALUES (3365, 9, NULL, 'пер. Цирк(2А, 3 000 м)14');
INSERT INTO trip_route (trip_id, order_num, object_id, name) VALUES (3365, 10, NULL, 'л.Куркуре');
INSERT INTO trip_route (trip_id, order_num, object_id, name) VALUES (3365, 11, NULL, 'пер. 50 лет КПСС(2А*, 3 200 м)13');
INSERT INTO trip_route (trip_id, order_num, object_id, name) VALUES (3365, 12, NULL, 'пер. Титова(2А, 3 220 м)49');
INSERT INTO trip_route (trip_id, order_num, object_id, name) VALUES (3365, 13, NULL, 'л.Делоне');
INSERT INTO trip_route (trip_id, order_num, object_id, name) VALUES (3365, 14, NULL, 'седл.пика Берельского');
INSERT INTO trip_route (trip_id, order_num, object_id, name) VALUES (3365, 15, NULL, 'г. Белуха(4 509 м)117');
INSERT INTO trips (id, type, region_id, difficulty, season, author, city)
                VALUES (1432, 'Горно', NULL, 
                '4 к.с.', 'сентябрь 1974', 'Рахумяги Л.И.
                    

Город', NULL);
INSERT INTO trip_route (trip_id, order_num, object_id, name) VALUES (1432, 0, NULL, 'пос.Ачайваям');
INSERT INTO trip_route (trip_id, order_num, object_id, name) VALUES (1432, 1, NULL, 'р.Ачайваям');
INSERT INTO trip_route (trip_id, order_num, object_id, name) VALUES (1432, 2, NULL, 'р.Майваям');
INSERT INTO trip_route (trip_id, order_num, object_id, name) VALUES (1432, 3, NULL, 'р.Покляваям');
INSERT INTO trip_route (trip_id, order_num, object_id, name) VALUES (1432, 4, NULL, 'р.Маневваям');
INSERT INTO trip_route (trip_id, order_num, object_id, name) VALUES (1432, 5, NULL, 'р.Ачайваям');
INSERT INTO trip_route (trip_id, order_num, object_id, name) VALUES (1432, 6, NULL, 'р.Левый Яёлваям');
INSERT INTO trip_route (trip_id, order_num, object_id, name) VALUES (1432, 7, NULL, 'р.Ачайваям');
INSERT INTO trip_route (trip_id, order_num, object_id, name) VALUES (1432, 8, NULL, 'р.Маневваям');
INSERT INTO trip_route (trip_id, order_num, object_id, name) VALUES (1432, 9, NULL, 'р.Нанкичнатваям');
INSERT INTO trip_route (trip_id, order_num, object_id, name) VALUES (1432, 10, NULL, 'р.Анукваям');
INSERT INTO trip_route (trip_id, order_num, object_id, name) VALUES (1432, 11, NULL, 'пос.Ачайваям');
INSERT INTO trips (id, type, region_id, difficulty, season, author, city)
                VALUES (6425, 'Горный поход', NULL, 
                '4 к.с.', 'сентябрь 2017', 'Митюшина Н. Н.
                    

Маршрут', NULL);
INSERT INTO trip_route (trip_id, order_num, object_id, name) VALUES (6425, 0, NULL, 'г. Худжанд');
INSERT INTO trip_route (trip_id, order_num, object_id, name) VALUES (6425, 1, NULL, 'а/л');
INSERT INTO trip_route (trip_id, order_num, object_id, name) VALUES (6425, 2, NULL, 'оз. Чукурак');
INSERT INTO trip_route (trip_id, order_num, object_id, name) VALUES (6425, 3, NULL, 'оз. Зиерат');
INSERT INTO trip_route (trip_id, order_num, object_id, name) VALUES (6425, 4, NULL, 'пер. Зиерат(1А, 3 200 м)131');
INSERT INTO trip_route (trip_id, order_num, object_id, name) VALUES (6425, 5, NULL, 'оз. Куликалон');
INSERT INTO trip_route (trip_id, order_num, object_id, name) VALUES (6425, 6, NULL, 'оз. Душаха');
INSERT INTO trip_route (trip_id, order_num, object_id, name) VALUES (6425, 7, NULL, 'пер. Адамташ(1Б, 4 000 м)242');
INSERT INTO trip_route (trip_id, order_num, object_id, name) VALUES (6425, 8, NULL, 'оз. Пиала');
INSERT INTO trip_route (trip_id, order_num, object_id, name) VALUES (6425, 9, NULL, 'а/л');
INSERT INTO trip_route (trip_id, order_num, object_id, name) VALUES (6425, 10, NULL, 'оз. Пиала');
INSERT INTO trip_route (trip_id, order_num, object_id, name) VALUES (6425, 11, NULL, 'пер. Седло Бодхоны(2Б, 4 594 м)293');
INSERT INTO trip_route (trip_id, order_num, object_id, name) VALUES (6425, 12, NULL, 'л. Сурхоб');
INSERT INTO trip_route (trip_id, order_num, object_id, name) VALUES (6425, 13, NULL, 'пер. Гусева-Мухина Восточный(2Б, 4 528 м)174');
INSERT INTO trip_route (trip_id, order_num, object_id, name) VALUES (6425, 14, NULL, 'пер. Седло Ганзы (4470) (связка 2Б)');
INSERT INTO trip_route (trip_id, order_num, object_id, name) VALUES (6425, 15, NULL, 'д/р Сувтор');
INSERT INTO trip_route (trip_id, order_num, object_id, name) VALUES (6425, 16, NULL, 'пер. Сурх(1Б, 4 396 м)115');
INSERT INTO trip_route (trip_id, order_num, object_id, name) VALUES (6425, 17, NULL, 'пер. Норват(1А, 3 608 м)46');
INSERT INTO trip_route (trip_id, order_num, object_id, name) VALUES (6425, 18, NULL, 'киш. Норват');
INSERT INTO trip_route (trip_id, order_num, object_id, name) VALUES (6425, 19, NULL, 'оз. Искандеркуль');
INSERT INTO trip_route (trip_id, order_num, object_id, name) VALUES (6425, 20, NULL, 'д/р Сарытаг');
INSERT INTO trip_route (trip_id, order_num, object_id, name) VALUES (6425, 21, NULL, 'д/р Арх');
INSERT INTO trip_route (trip_id, order_num, object_id, name) VALUES (6425, 22, NULL, 'д/р Хавзак');
INSERT INTO trip_route (trip_id, order_num, object_id, name) VALUES (6425, 23, NULL, 'д/р Казнок');
INSERT INTO trip_route (trip_id, order_num, object_id, name) VALUES (6425, 24, NULL, 'рад.пер. Юбилейный(2А, 4 341 м)187');
INSERT INTO trip_route (trip_id, order_num, object_id, name) VALUES (6425, 25, NULL, 'пер. Самарский(2Б, 4 300 м)138');
INSERT INTO trip_route (trip_id, order_num, object_id, name) VALUES (6425, 26, NULL, 'оз. В. Алло');
INSERT INTO trip_route (trip_id, order_num, object_id, name) VALUES (6425, 27, NULL, 'оз. Б. Алло');
INSERT INTO trip_route (trip_id, order_num, object_id, name) VALUES (6425, 28, NULL, 'д/р Зиндон');
INSERT INTO trip_route (trip_id, order_num, object_id, name) VALUES (6425, 29, NULL, 'д/р Арчимайдан');
INSERT INTO trip_route (trip_id, order_num, object_id, name) VALUES (6425, 30, NULL, 'пос. Зимтут');
INSERT INTO trips (id, type, region_id, difficulty, season, author, city)
                VALUES (7193, 'Горный поход', NULL, 
                '1 к.с.', 'август 2016', 'Шилин Р.Д.
                    

Город', NULL);
INSERT INTO trip_route (trip_id, order_num, object_id, name) VALUES (7193, 0, NULL, 'г.Бишкек');
INSERT INTO trip_route (trip_id, order_num, object_id, name) VALUES (7193, 1, NULL, 'гор. источники Джилису');
INSERT INTO trip_route (trip_id, order_num, object_id, name) VALUES (7193, 2, NULL, 'дол. р. Арчатор');
INSERT INTO trip_route (trip_id, order_num, object_id, name) VALUES (7193, 3, NULL, 'пер. Арчатор(1А, 3 700 м)281');
INSERT INTO trip_route (trip_id, order_num, object_id, name) VALUES (7193, 4, NULL, 'дол. р. Арчалытор');
INSERT INTO trip_route (trip_id, order_num, object_id, name) VALUES (7193, 5, NULL, 'пер. Рижан ложный(1Б, 4 000 м)42');
INSERT INTO trip_route (trip_id, order_num, object_id, name) VALUES (7193, 6, NULL, 'пер. Озерный(1Б, 3 700 м)133');
INSERT INTO trip_route (trip_id, order_num, object_id, name) VALUES (7193, 7, NULL, 'слияние р.Телеты и р.Уюктор');
INSERT INTO trip_route (trip_id, order_num, object_id, name) VALUES (7193, 8, NULL, 'а/л Каракол3264');
INSERT INTO trip_route (trip_id, order_num, object_id, name) VALUES (7193, 9, NULL, 'пер. Онтор(1Б, 3 900 м)885');
INSERT INTO trip_route (trip_id, order_num, object_id, name) VALUES (7193, 10, NULL, 'лед. Кельтор В.');
INSERT INTO trip_route (trip_id, order_num, object_id, name) VALUES (7193, 11, NULL, 'пер. Каракольский обходной (1Б, 4250м.)');
INSERT INTO trip_route (trip_id, order_num, object_id, name) VALUES (7193, 12, NULL, 'долина Караколтор');
INSERT INTO trip_route (trip_id, order_num, object_id, name) VALUES (7193, 13, NULL, 'долина Куйлю');
INSERT INTO trip_route (trip_id, order_num, object_id, name) VALUES (7193, 14, NULL, 'кур.Чолпон-Ата');
INSERT INTO trips (id, type, region_id, difficulty, season, author, city)
                VALUES (3701, 'Пеший поход', NULL, 
                '3 к.с.', 'август 2001', 'Курочкин А.С.
                    

Город', NULL);
INSERT INTO trip_route (trip_id, order_num, object_id, name) VALUES (3701, 0, NULL, 'пос. Лужба');
INSERT INTO trip_route (trip_id, order_num, object_id, name) VALUES (3701, 1, NULL, 'р. Амзас');
INSERT INTO trip_route (trip_id, order_num, object_id, name) VALUES (3701, 2, NULL, 'пер. Лесистый');
INSERT INTO trip_route (trip_id, order_num, object_id, name) VALUES (3701, 3, NULL, 'приют Поднебесный');
INSERT INTO trip_route (trip_id, order_num, object_id, name) VALUES (3701, 4, NULL, 'рад. восх. г. Бол. Зуб');
INSERT INTO trip_route (trip_id, order_num, object_id, name) VALUES (3701, 5, NULL, 'приют Тайжасу');
INSERT INTO trip_route (trip_id, order_num, object_id, name) VALUES (3701, 6, NULL, 'верх. р. Бельсу');
INSERT INTO trip_route (trip_id, order_num, object_id, name) VALUES (3701, 7, NULL, 'рад. восх. пик 1919');
INSERT INTO trip_route (trip_id, order_num, object_id, name) VALUES (3701, 8, NULL, 'трав. хр. Кузнецкий Алатау');
INSERT INTO trip_route (trip_id, order_num, object_id, name) VALUES (3701, 9, NULL, 'оз. Глубокое');
INSERT INTO trip_route (trip_id, order_num, object_id, name) VALUES (3701, 10, NULL, 'оз. Светлое');
INSERT INTO trip_route (trip_id, order_num, object_id, name) VALUES (3701, 11, NULL, 'пер. Гравийный');
INSERT INTO trip_route (trip_id, order_num, object_id, name) VALUES (3701, 12, NULL, 'отрог хр. Скалистые горы');
INSERT INTO trip_route (trip_id, order_num, object_id, name) VALUES (3701, 13, NULL, 'пер. Уральский');
INSERT INTO trip_route (trip_id, order_num, object_id, name) VALUES (3701, 14, NULL, 'трав. хр. Скалистые горы');
INSERT INTO trip_route (trip_id, order_num, object_id, name) VALUES (3701, 15, NULL, 'р. Б. Тумуяс');
INSERT INTO trip_route (trip_id, order_num, object_id, name) VALUES (3701, 16, NULL, 'пер. склона пика 1919');
INSERT INTO trip_route (trip_id, order_num, object_id, name) VALUES (3701, 17, NULL, 'верх. р. Бельсу');
INSERT INTO trip_route (trip_id, order_num, object_id, name) VALUES (3701, 18, NULL, 'р. Туралыг');
INSERT INTO trip_route (trip_id, order_num, object_id, name) VALUES (3701, 19, NULL, 'пер. Козьи ворота');
INSERT INTO trip_route (trip_id, order_num, object_id, name) VALUES (3701, 20, NULL, 'рад. восх. г. Старая крепость');
INSERT INTO trip_route (trip_id, order_num, object_id, name) VALUES (3701, 21, NULL, 'рад. восх. г. Верхний Зуб');
INSERT INTO trip_route (trip_id, order_num, object_id, name) VALUES (3701, 22, NULL, NULL);
INSERT INTO trip_route (trip_id, order_num, object_id, name) VALUES (3701, 23, NULL, 'пер. Караташ');
INSERT INTO trip_route (trip_id, order_num, object_id, name) VALUES (3701, 24, NULL, 'р. Б. Казыр');
INSERT INTO trip_route (trip_id, order_num, object_id, name) VALUES (3701, 25, NULL, 'пер. Лесной');
INSERT INTO trip_route (trip_id, order_num, object_id, name) VALUES (3701, 26, NULL, 'пос. Лужба');
INSERT INTO trips (id, type, region_id, difficulty, season, author, city)
                VALUES (7167, 'Лыжный поход', NULL, 
                '2 к.с.', 'январь 2020', 'Александров Л.М.
                    

Город', NULL);
INSERT INTO trip_route (trip_id, order_num, object_id, name) VALUES (7167, 0, NULL, 'верховья р. Эвий');
INSERT INTO trip_route (trip_id, order_num, object_id, name) VALUES (7167, 1, NULL, 'верховья р. Учал');
INSERT INTO trip_route (trip_id, order_num, object_id, name) VALUES (7167, 2, NULL, 'пер. Учал(н/к, 2 200 м)221');
INSERT INTO trip_route (trip_id, order_num, object_id, name) VALUES (7167, 3, NULL, 'каньон р. Уйкараташ (1А)');
INSERT INTO trip_route (trip_id, order_num, object_id, name) VALUES (7167, 4, NULL, 'р. Чебдар');
INSERT INTO trip_route (trip_id, order_num, object_id, name) VALUES (7167, 5, NULL, 'р. Самурлу');
INSERT INTO trip_route (trip_id, order_num, object_id, name) VALUES (7167, 6, NULL, 'р. Казакталман');
INSERT INTO trip_route (trip_id, order_num, object_id, name) VALUES (7167, 7, NULL, 'пер. Казак-Талман(н/к)12');
INSERT INTO trip_route (trip_id, order_num, object_id, name) VALUES (7167, 8, NULL, 'р. Бол. Чили');
INSERT INTO trip_route (trip_id, order_num, object_id, name) VALUES (7167, 9, NULL, 'р. Аспарат');
INSERT INTO trip_route (trip_id, order_num, object_id, name) VALUES (7167, 10, NULL, 'р. Пыжа, Беловский кордон');
INSERT INTO trips (id, type, region_id, difficulty, season, author, city)
                VALUES (7355, 'Горный поход', 7, 
                '4 к.с.', 'август 2020', 'Осипова С. А.
                    

Маршрут', NULL);
INSERT INTO trip_route (trip_id, order_num, object_id, name) VALUES (7355, 0, NULL, 'дол. р. Думала');
INSERT INTO trip_route (trip_id, order_num, object_id, name) VALUES (7355, 1, NULL, 'дол. р. Укюсу');
INSERT INTO trip_route (trip_id, order_num, object_id, name) VALUES (7355, 2, NULL, 'лед. Укю201');
INSERT INTO trip_route (trip_id, order_num, object_id, name) VALUES (7355, 3, NULL, 'пер. Укю(2А*, 3 950 м)19332');
INSERT INTO trip_route (trip_id, order_num, object_id, name) VALUES (7355, 4, NULL, 'а/л Безенги5723');
INSERT INTO trip_route (trip_id, order_num, object_id, name) VALUES (7355, 5, NULL, 'лед. Безенги13944');
INSERT INTO trip_route (trip_id, order_num, object_id, name) VALUES (7355, 6, NULL, 'пер. Спортивная дружба(2Б*, 4 100 м)67205');
INSERT INTO trip_route (trip_id, order_num, object_id, name) VALUES (7355, 7, NULL, 'п. МВТУ(4 294 м)54156');
INSERT INTO trip_route (trip_id, order_num, object_id, name) VALUES (7355, 8, NULL, 'пер. Шаурту Восточный(2А, 3 800 м)35267');
INSERT INTO trip_route (trip_id, order_num, object_id, name) VALUES (7355, 9, NULL, 'лед. Тютюргу158');
INSERT INTO trip_route (trip_id, order_num, object_id, name) VALUES (7355, 10, NULL, 'дол. р. Тютюргу');
INSERT INTO trip_route (trip_id, order_num, object_id, name) VALUES (7355, 11, NULL, 'дол. р. Гарааузсу');
INSERT INTO trip_route (trip_id, order_num, object_id, name) VALUES (7355, 12, NULL, 'дол. р. Башилъ');
INSERT INTO trip_route (trip_id, order_num, object_id, name) VALUES (7355, 13, NULL, 'лед. Чегем9139');
INSERT INTO trip_route (trip_id, order_num, object_id, name) VALUES (7355, 14, NULL, 'пер. Кичкидар(2Б, 4 139 м)591710');
INSERT INTO trip_route (trip_id, order_num, object_id, name) VALUES (7355, 15, NULL, 'лед. Юном Северный511');
INSERT INTO trip_route (trip_id, order_num, object_id, name) VALUES (7355, 16, NULL, 'дол. р. Куллумкол-Су');
INSERT INTO trip_route (trip_id, order_num, object_id, name) VALUES (7355, 17, NULL, 'дол. р. Адыр-Су');
INSERT INTO trip_route (trip_id, order_num, object_id, name) VALUES (7355, 18, NULL, 'а/л Уллутау26012');
INSERT INTO trip_route (trip_id, order_num, object_id, name) VALUES (7355, 19, NULL, 'дол. р. Койавган');
INSERT INTO trip_route (trip_id, order_num, object_id, name) VALUES (7355, 20, NULL, 'пер. Жандарм(2Б, 3 521 м)26613');
INSERT INTO trip_route (trip_id, order_num, object_id, name) VALUES (7355, 21, NULL, 'дол. р. Джанкуaт');
INSERT INTO trip_route (trip_id, order_num, object_id, name) VALUES (7355, 22, NULL, 'дол. р. Адыл-Су');
INSERT INTO trip_route (trip_id, order_num, object_id, name) VALUES (7355, 23, NULL, 'пос. Эльбрус');
INSERT INTO trip_route (trip_id, order_num, object_id, name) VALUES (7355, 24, NULL, 'дол. р. Ирик');
INSERT INTO trip_route (trip_id, order_num, object_id, name) VALUES (7355, 25, NULL, 'дол. р. Ирикчат');
INSERT INTO trip_route (trip_id, order_num, object_id, name) VALUES (7355, 26, NULL, 'пер. Ирикчат(1Б*, 3 667 м)478214');
INSERT INTO trip_route (trip_id, order_num, object_id, name) VALUES (7355, 27, NULL, 'Ачкерьякольский лавовый поток4915');
INSERT INTO trip_route (trip_id, order_num, object_id, name) VALUES (7355, 28, NULL, 'г. Эльбрус Восточная(5 621 м)2122816');
INSERT INTO trip_route (trip_id, order_num, object_id, name) VALUES (7355, 29, NULL, 'пер. Седловина Эльбруса(2А*, 5 416 м)2617');
INSERT INTO trip_route (trip_id, order_num, object_id, name) VALUES (7355, 30, NULL, 'рад.г. Эльбрус(5 642 м)2123418');
INSERT INTO trip_route (trip_id, order_num, object_id, name) VALUES (7355, 31, NULL, 'Скалы Ленца5219');
INSERT INTO trip_route (trip_id, order_num, object_id, name) VALUES (7355, 32, NULL, 'Северный приют320');
INSERT INTO trip_route (trip_id, order_num, object_id, name) VALUES (7355, 33, NULL, 'ур. Джилысу62721');
INSERT INTO trips (id, type, region_id, difficulty, season, author, city)
                VALUES (7731, 'Пеший поход', 7, 
                '2 к.с.', 'май 2022', 'Фалько Дарья Валерьевна
                    

Город', NULL);
INSERT INTO trip_route (trip_id, order_num, object_id, name) VALUES (7731, 0, NULL, 'г. Махачкала');
INSERT INTO trip_route (trip_id, order_num, object_id, name) VALUES (7731, 1, NULL, 'пос. Кая');
INSERT INTO trip_route (trip_id, order_num, object_id, name) VALUES (7731, 2, NULL, 'хр. Кая');
INSERT INTO trip_route (trip_id, order_num, object_id, name) VALUES (7731, 3, NULL, 'пер. Шамбаница н/к');
INSERT INTO trip_route (trip_id, order_num, object_id, name) VALUES (7731, 4, NULL, 'пос. Цовкра 2-я');
INSERT INTO trip_route (trip_id, order_num, object_id, name) VALUES (7731, 5, NULL, 'пер. б/н н/к');
INSERT INTO trip_route (trip_id, order_num, object_id, name) VALUES (7731, 6, NULL, 'р. Бурши');
INSERT INTO trip_route (trip_id, order_num, object_id, name) VALUES (7731, 7, NULL, 'пос. Бурши');
INSERT INTO trip_route (trip_id, order_num, object_id, name) VALUES (7731, 8, NULL, 'р. Казикумухское Койсу');
INSERT INTO trip_route (trip_id, order_num, object_id, name) VALUES (7731, 9, NULL, 'р. Гатакурт');
INSERT INTO trip_route (trip_id, order_num, object_id, name) VALUES (7731, 10, NULL, 'пер. Шалиб 1А');
INSERT INTO trip_route (trip_id, order_num, object_id, name) VALUES (7731, 11, NULL, 'пос. Шалиб');
INSERT INTO trip_route (trip_id, order_num, object_id, name) VALUES (7731, 12, NULL, 'р. Рисор');
INSERT INTO trip_route (trip_id, order_num, object_id, name) VALUES (7731, 13, NULL, 'пос. Арчиб');
INSERT INTO trip_route (trip_id, order_num, object_id, name) VALUES (7731, 14, NULL, 'пос. Хитаб');
INSERT INTO trip_route (trip_id, order_num, object_id, name) VALUES (7731, 15, NULL, 'пер. Хитаб н/к-1А');
INSERT INTO trip_route (trip_id, order_num, object_id, name) VALUES (7731, 16, NULL, 'пос. Карануб');
INSERT INTO trip_route (trip_id, order_num, object_id, name) VALUES (7731, 17, NULL, 'пос. Доронуб');
INSERT INTO trip_route (trip_id, order_num, object_id, name) VALUES (7731, 18, NULL, 'д.р. Тлейсерух');
INSERT INTO trip_route (trip_id, order_num, object_id, name) VALUES (7731, 19, NULL, 'пос. Нукуш');
INSERT INTO trip_route (trip_id, order_num, object_id, name) VALUES (7731, 20, NULL, 'пос. Ириб');
INSERT INTO trip_route (trip_id, order_num, object_id, name) VALUES (7731, 21, NULL, 'пос. Хинуб');
INSERT INTO trip_route (trip_id, order_num, object_id, name) VALUES (7731, 22, NULL, 'д.р. Каракойсу');
INSERT INTO trip_route (trip_id, order_num, object_id, name) VALUES (7731, 23, NULL, 'пос. Содаб');
INSERT INTO trip_route (trip_id, order_num, object_id, name) VALUES (7731, 24, NULL, 'пос. Мощоб');
INSERT INTO trip_route (trip_id, order_num, object_id, name) VALUES (7731, 25, NULL, 'пер. Талух н/к');
INSERT INTO trip_route (trip_id, order_num, object_id, name) VALUES (7731, 26, NULL, 'пос. Талух');
INSERT INTO trip_route (trip_id, order_num, object_id, name) VALUES (7731, 27, NULL, 'д.р. Каралазургер');
INSERT INTO trip_route (trip_id, order_num, object_id, name) VALUES (7731, 28, NULL, 'пос. Тлярош');
INSERT INTO trip_route (trip_id, order_num, object_id, name) VALUES (7731, 29, NULL, 'пос. Мурух');
INSERT INTO trip_route (trip_id, order_num, object_id, name) VALUES (7731, 30, NULL, 'пер. Микилькалту н/к');
INSERT INTO trip_route (trip_id, order_num, object_id, name) VALUES (7731, 31, NULL, 'д.р. Бецор');
INSERT INTO trip_route (trip_id, order_num, object_id, name) VALUES (7731, 32, NULL, 'д.р. Сукулда');
INSERT INTO trip_route (trip_id, order_num, object_id, name) VALUES (7731, 33, NULL, 'пер. Заброшенный н/к п/п');
INSERT INTO trip_route (trip_id, order_num, object_id, name) VALUES (7731, 34, NULL, 'д.р. Макаритляр');
INSERT INTO trip_route (trip_id, order_num, object_id, name) VALUES (7731, 35, NULL, 'коч. Булух');
INSERT INTO trip_route (trip_id, order_num, object_id, name) VALUES (7731, 36, NULL, 'пос. Ругуджа');
INSERT INTO trip_route (trip_id, order_num, object_id, name) VALUES (7731, 37, NULL, 'г. Махачкала');
INSERT INTO trips (id, type, region_id, difficulty, season, author, city)
                VALUES (2243, 'Горный поход', 7, 
                '5 к.с.', 'август 2002', 'Расторгуев М.В.
                    

Маршрут', NULL);
INSERT INTO trip_route (trip_id, order_num, object_id, name) VALUES (2243, 0, NULL, 'пос.В.Баксан');
INSERT INTO trip_route (trip_id, order_num, object_id, name) VALUES (2243, 1, NULL, 'р.Сылтрансу');
INSERT INTO trip_route (trip_id, order_num, object_id, name) VALUES (2243, 2, NULL, 'пер. Сылтран(н/к, 3 205 м)15631');
INSERT INTO trip_route (trip_id, order_num, object_id, name) VALUES (2243, 3, NULL, 'р.Мукал');
INSERT INTO trip_route (trip_id, order_num, object_id, name) VALUES (2243, 4, NULL, 'л.Мукал');
INSERT INTO trip_route (trip_id, order_num, object_id, name) VALUES (2243, 5, NULL, 'пер.Л.Мукал-Мкяра');
INSERT INTO trip_route (trip_id, order_num, object_id, name) VALUES (2243, 6, NULL, 'л.Мкяра');
INSERT INTO trip_route (trip_id, order_num, object_id, name) VALUES (2243, 7, NULL, 'пер. Мкяра-Субаши(1Б, 3 650 м)3582');
INSERT INTO trip_route (trip_id, order_num, object_id, name) VALUES (2243, 8, NULL, 'л.Субаши');
INSERT INTO trip_route (trip_id, order_num, object_id, name) VALUES (2243, 9, NULL, 'пер. Джикаугенкез(1Б, 3 520 м)30543');
INSERT INTO trip_route (trip_id, order_num, object_id, name) VALUES (2243, 10, NULL, 'лед. Джикаугенкёз1124');
INSERT INTO trip_route (trip_id, order_num, object_id, name) VALUES (2243, 11, NULL, 'пер. Ирикчат(1Б*, 3 667 м)47825');
INSERT INTO trip_route (trip_id, order_num, object_id, name) VALUES (2243, 12, NULL, 'р.Ирикчат');
INSERT INTO trip_route (trip_id, order_num, object_id, name) VALUES (2243, 13, NULL, 'пер. Ирик-Ирикчат(2А, 3 753 м)2126');
INSERT INTO trip_route (trip_id, order_num, object_id, name) VALUES (2243, 14, NULL, 'пер.Чат-Эльбр.');
INSERT INTO trip_route (trip_id, order_num, object_id, name) VALUES (2243, 15, NULL, 'пер. Союзмультфильм(2А, 3 782 м)1347');
INSERT INTO trip_route (trip_id, order_num, object_id, name) VALUES (2243, 16, NULL, 'лед. Ирик98');
INSERT INTO trip_route (trip_id, order_num, object_id, name) VALUES (2243, 17, NULL, 'пер. Скальник(2А, 3 423 м)1129');
INSERT INTO trip_route (trip_id, order_num, object_id, name) VALUES (2243, 18, NULL, 'р.Терсколсу');
INSERT INTO trip_route (trip_id, order_num, object_id, name) VALUES (2243, 19, NULL, 'пос.Терскол');
INSERT INTO trip_route (trip_id, order_num, object_id, name) VALUES (2243, 20, NULL, 'р.Баксан');
INSERT INTO trip_route (trip_id, order_num, object_id, name) VALUES (2243, 21, NULL, 'р.Когутайка');
INSERT INTO trip_route (trip_id, order_num, object_id, name) VALUES (2243, 22, NULL, 'лед. Когутай110');
INSERT INTO trip_route (trip_id, order_num, object_id, name) VALUES (2243, 23, NULL, 'пер. Жемчужина Приморья(3А, 3 800 м)202');
INSERT INTO trip_route (trip_id, order_num, object_id, name) VALUES (2243, 24, NULL, 'в.М.Когутай');
INSERT INTO trip_route (trip_id, order_num, object_id, name) VALUES (2243, 25, NULL, 'г. Когутай Большой(3 891 м)59211');
INSERT INTO trip_route (trip_id, order_num, object_id, name) VALUES (2243, 26, NULL, 'л.З.Донгуз- Орун');
INSERT INTO trip_route (trip_id, order_num, object_id, name) VALUES (2243, 27, NULL, 'р.Юсеньги');
INSERT INTO trip_route (trip_id, order_num, object_id, name) VALUES (2243, 28, NULL, 'р.Баксан');
INSERT INTO trip_route (trip_id, order_num, object_id, name) VALUES (2243, 29, NULL, 'р.Адыр-у');
INSERT INTO trip_route (trip_id, order_num, object_id, name) VALUES (2243, 30, NULL, 'лед. Кашкаташ11312');
INSERT INTO trip_route (trip_id, order_num, object_id, name) VALUES (2243, 31, NULL, 'г. Уллукара(4 302 м)38113');
INSERT INTO trip_route (trip_id, order_num, object_id, name) VALUES (2243, 32, NULL, 'р.Адыл-су');
INSERT INTO trip_route (trip_id, order_num, object_id, name) VALUES (2243, 33, NULL, 'лед. Джанкуат3214');
INSERT INTO trip_route (trip_id, order_num, object_id, name) VALUES (2243, 34, NULL, 'пер. Джантуган(2Б, 3 460 м)31');
INSERT INTO trip_route (trip_id, order_num, object_id, name) VALUES (2243, 35, NULL, 'пер. Украина(2Б, 3 660 м)201715');
INSERT INTO trip_route (trip_id, order_num, object_id, name) VALUES (2243, 36, NULL, 'л.Гумачи');
INSERT INTO trip_route (trip_id, order_num, object_id, name) VALUES (2243, 37, NULL, 'р.Адыр-су');
INSERT INTO trip_route (trip_id, order_num, object_id, name) VALUES (2243, 38, NULL, 'пос.В.Баксан');
INSERT INTO trips (id, type, region_id, difficulty, season, author, city)
                VALUES (5066, 'Горный поход', NULL, 
                '5 к.с.', 'август 1989', 'Агнцева Г. В.
                    

Маршрут', NULL);
INSERT INTO trip_route (trip_id, order_num, object_id, name) VALUES (5066, 0, NULL, 'Москва');
INSERT INTO trip_route (trip_id, order_num, object_id, name) VALUES (5066, 1, NULL, 'Ош');
INSERT INTO trip_route (trip_id, order_num, object_id, name) VALUES (5066, 2, NULL, 'пустыня Маркансу (4000 м)');
INSERT INTO trip_route (trip_id, order_num, object_id, name) VALUES (5066, 3, NULL, 'пер. Профсоюзов(2А, 5 200 м)151');
INSERT INTO trip_route (trip_id, order_num, object_id, name) VALUES (5066, 4, NULL, 'пер. Октябрьский(2Б*, 5 900 м)62');
INSERT INTO trip_route (trip_id, order_num, object_id, name) VALUES (5066, 5, NULL, 'л. Октябрьский (3А, 4050-4800)');
INSERT INTO trip_route (trip_id, order_num, object_id, name) VALUES (5066, 6, NULL, 'пер. Сов. Латвии (3А*, 6218)');
INSERT INTO trip_route (trip_id, order_num, object_id, name) VALUES (5066, 7, NULL, 'пер. Мира Восточный(2А, 4 600 м)3');
INSERT INTO trip_route (trip_id, order_num, object_id, name) VALUES (5066, 8, NULL, 'пер. Мира Западный(2А, 4 800 м)163');
INSERT INTO trip_route (trip_id, order_num, object_id, name) VALUES (5066, 9, NULL, 'пер. Золотой Телёнок (2Б, 4700)');
INSERT INTO trip_route (trip_id, order_num, object_id, name) VALUES (5066, 10, NULL, 'МАЛ');
INSERT INTO trip_route (trip_id, order_num, object_id, name) VALUES (5066, 11, NULL, 'Ош');
INSERT INTO trips (id, type, region_id, difficulty, season, author, city)
                VALUES (5254, 'Горный поход', NULL, 
                '5 к.с.', 'август 1983', 'Гарцевич А. Л.
                    

Маршрут', NULL);
INSERT INTO trip_route (trip_id, order_num, object_id, name) VALUES (5254, 0, NULL, 'г. Фергана (самолёт)');
INSERT INTO trip_route (trip_id, order_num, object_id, name) VALUES (5254, 1, NULL, 'пос. Хамзаабад (Шахимардан)(рейсовый авто¬бус)');
INSERT INTO trip_route (trip_id, order_num, object_id, name) VALUES (5254, 2, NULL, 'т/б Шахимардан');
INSERT INTO trip_route (trip_id, order_num, object_id, name) VALUES (5254, 3, NULL, 'а/л Дугоба4141');
INSERT INTO trip_route (trip_id, order_num, object_id, name) VALUES (5254, 4, NULL, 'пер. Ак-Таш(1Б, 4 315 м)1172');
INSERT INTO trip_route (trip_id, order_num, object_id, name) VALUES (5254, 5, NULL, 'пер. Дугоба(2Б, 4 600 м)63');
INSERT INTO trip_route (trip_id, order_num, object_id, name) VALUES (5254, 6, NULL, 'т/б Шахимардан');
INSERT INTO trip_route (trip_id, order_num, object_id, name) VALUES (5254, 7, NULL, 'ущ. р. Арчабаши');
INSERT INTO trip_route (trip_id, order_num, object_id, name) VALUES (5254, 8, NULL, 'ущелье р. Икедаван');
INSERT INTO trip_route (trip_id, order_num, object_id, name) VALUES (5254, 9, NULL, 'первопрохождение пер. Советских Ракетчиков (3А, 5000)');
INSERT INTO trip_route (trip_id, order_num, object_id, name) VALUES (5254, 10, NULL, 'р. Джиалису');
INSERT INTO trip_route (trip_id, order_num, object_id, name) VALUES (5254, 11, NULL, 'пер. Илликсу(2А, 4 450 м)24');
INSERT INTO trip_route (trip_id, order_num, object_id, name) VALUES (5254, 12, NULL, 'лед. Илликсу');
INSERT INTO trip_route (trip_id, order_num, object_id, name) VALUES (5254, 13, NULL, 'первопрохождение пер. Туристов МИХМа (3А, 4450)');
INSERT INTO trip_route (trip_id, order_num, object_id, name) VALUES (5254, 14, NULL, 'лед. Джаманкырчин');
INSERT INTO trip_route (trip_id, order_num, object_id, name) VALUES (5254, 15, NULL, 'пер. Джаманкырчин Восточный(2Б, 4 550 м)65');
INSERT INTO trip_route (trip_id, order_num, object_id, name) VALUES (5254, 16, NULL, 'лед. Абрамова');
INSERT INTO trip_route (trip_id, order_num, object_id, name) VALUES (5254, 17, NULL, 'ГМС');
INSERT INTO trip_route (trip_id, order_num, object_id, name) VALUES (5254, 18, NULL, 'р. Кок-Су');
INSERT INTO trip_route (trip_id, order_num, object_id, name) VALUES (5254, 19, NULL, 'р. Ю. Караказык');
INSERT INTO trip_route (trip_id, order_num, object_id, name) VALUES (5254, 20, NULL, 'р. Уллукол');
INSERT INTO trip_route (trip_id, order_num, object_id, name) VALUES (5254, 21, NULL, 'пер. Уллукол(1Б, 4 450 м)56');
INSERT INTO trip_route (trip_id, order_num, object_id, name) VALUES (5254, 22, NULL, 'пер. Снежный(2Б, 4 640 м)37');
INSERT INTO trip_route (trip_id, order_num, object_id, name) VALUES (5254, 23, NULL, 'лед. Егорова');
INSERT INTO trip_route (trip_id, order_num, object_id, name) VALUES (5254, 24, NULL, 'лед. Дугоба');
INSERT INTO trip_route (trip_id, order_num, object_id, name) VALUES (5254, 25, NULL, 'пер. Улитор(2А, 4 611 м)98');
INSERT INTO trip_route (trip_id, order_num, object_id, name) VALUES (5254, 26, NULL, 'пер. Гандакуш(н/к, 3 500 м)109');
INSERT INTO trip_route (trip_id, order_num, object_id, name) VALUES (5254, 27, NULL, 'оз. Курбан-Куль');
INSERT INTO trip_route (trip_id, order_num, object_id, name) VALUES (5254, 28, NULL, 'т/б Шахимардан');
INSERT INTO trips (id, type, region_id, difficulty, season, author, city)
                VALUES (7963, 'Пеший поход', 7, 
                '2 к.с.', 'февраль 2023', 'Седов Георгий Евгеньевич
                    

Маршрут', NULL);
INSERT INTO trip_route (trip_id, order_num, object_id, name) VALUES (7963, 0, NULL, 'с. Харачи');
INSERT INTO trip_route (trip_id, order_num, object_id, name) VALUES (7963, 1, NULL, 'обзорная точка над Ирганайским вдхр.');
INSERT INTO trip_route (trip_id, order_num, object_id, name) VALUES (7963, 2, NULL, 'с. Моксох');
INSERT INTO trip_route (trip_id, order_num, object_id, name) VALUES (7963, 3, NULL, 'плато Гоцомеэр');
INSERT INTO trip_route (trip_id, order_num, object_id, name) VALUES (7963, 4, NULL, 'в. Гоцомеэр (рад.)');
INSERT INTO trip_route (trip_id, order_num, object_id, name) VALUES (7963, 5, NULL, 'в. Аракмеэр (2356 м, н/к)');
INSERT INTO trip_route (trip_id, order_num, object_id, name) VALUES (7963, 6, NULL, 'пл. Аракмеэр');
INSERT INTO trip_route (trip_id, order_num, object_id, name) VALUES (7963, 7, NULL, 'пер. Буцра (1985 м, н/к)');
INSERT INTO trip_route (trip_id, order_num, object_id, name) VALUES (7963, 8, NULL, 'с. Буцра');
INSERT INTO trip_route (trip_id, order_num, object_id, name) VALUES (7963, 9, NULL, 'пер. Ихгох (1960 м , н/к)');
INSERT INTO trip_route (trip_id, order_num, object_id, name) VALUES (7963, 10, NULL, 'с. Хунзах');
INSERT INTO trip_route (trip_id, order_num, object_id, name) VALUES (7963, 11, NULL, 'с. Заиб');
INSERT INTO trip_route (trip_id, order_num, object_id, name) VALUES (7963, 12, NULL, 'р. Аварское Койсу');
INSERT INTO trip_route (trip_id, order_num, object_id, name) VALUES (7963, 13, NULL, 'с. Голотль');
INSERT INTO trip_route (trip_id, order_num, object_id, name) VALUES (7963, 14, NULL, 'с. Гоготль');
INSERT INTO trip_route (trip_id, order_num, object_id, name) VALUES (7963, 15, NULL, 'терраса к З от г. Седло');
INSERT INTO trip_route (trip_id, order_num, object_id, name) VALUES (7963, 16, NULL, 'г. Седло (2431 м, 1А, рад.)');
INSERT INTO trip_route (trip_id, order_num, object_id, name) VALUES (7963, 17, NULL, 'траверс хр. Тлилимеэр (н/к)');
INSERT INTO trip_route (trip_id, order_num, object_id, name) VALUES (7963, 18, NULL, 'пер. Гагомеэра (1539 м, н/к)');
INSERT INTO trip_route (trip_id, order_num, object_id, name) VALUES (7963, 19, NULL, 'с. Корода');
INSERT INTO trip_route (trip_id, order_num, object_id, name) VALUES (7963, 20, NULL, 'Карадахская теснина (рад.)');
INSERT INTO trip_route (trip_id, order_num, object_id, name) VALUES (7963, 21, NULL, 'руч. Квартах');
INSERT INTO trip_route (trip_id, order_num, object_id, name) VALUES (7963, 22, NULL, 'пер. Императорский тоннель (1874 м, 1А)');
INSERT INTO trip_route (trip_id, order_num, object_id, name) VALUES (7963, 23, NULL, 'плато Гуниб');
INSERT INTO trip_route (trip_id, order_num, object_id, name) VALUES (7963, 24, NULL, 'в. Маяк (2352, н/к, рад)');
INSERT INTO trip_route (trip_id, order_num, object_id, name) VALUES (7963, 25, NULL, 'с. Гуниб');
INSERT INTO trips (id, type, region_id, difficulty, season, author, city)
                VALUES (7709, 'Горный поход', NULL, 
                '3 к.с.', 'июль 2021', 'Романцова О.П.
                    

Город', NULL);
INSERT INTO trip_route (trip_id, order_num, object_id, name) VALUES (7709, 0, NULL, 'г.Барнаул');
INSERT INTO trip_route (trip_id, order_num, object_id, name) VALUES (7709, 1, NULL, 'с.Курай');
INSERT INTO trip_route (trip_id, order_num, object_id, name) VALUES (7709, 2, NULL, 'р.Чуя');
INSERT INTO trip_route (trip_id, order_num, object_id, name) VALUES (7709, 3, NULL, 'пер. Тюте(н/к, 3 150 м)111');
INSERT INTO trip_route (trip_id, order_num, object_id, name) VALUES (7709, 4, NULL, 'г. Купол трех озер(3 556 м)1162');
INSERT INTO trip_route (trip_id, order_num, object_id, name) VALUES (7709, 5, NULL, 'д.р.Актуру');
INSERT INTO trip_route (trip_id, order_num, object_id, name) VALUES (7709, 6, NULL, 'пер. Купол(1Б, 3 527 м)10183');
INSERT INTO trip_route (trip_id, order_num, object_id, name) VALUES (7709, 7, NULL, 'пер. Кзылташ(2А, 3 200 м)1164');
INSERT INTO trip_route (trip_id, order_num, object_id, name) VALUES (7709, 8, NULL, 'пер Эринбурга');
INSERT INTO trip_route (trip_id, order_num, object_id, name) VALUES (7709, 9, NULL, 'пер.Томича (1А)');
INSERT INTO trip_route (trip_id, order_num, object_id, name) VALUES (7709, 10, NULL, 'Карагемская поляна');
INSERT INTO trip_route (trip_id, order_num, object_id, name) VALUES (7709, 11, NULL, 'пер. Весенний(2А, 3 300 м)135');
INSERT INTO trip_route (trip_id, order_num, object_id, name) VALUES (7709, 12, NULL, 'лед. Абыл-Оюк26');
INSERT INTO trip_route (trip_id, order_num, object_id, name) VALUES (7709, 13, NULL, 'пер. Крутой Восточный(2А, 3 100 м)27');
INSERT INTO trip_route (trip_id, order_num, object_id, name) VALUES (7709, 14, NULL, 'Шавлинские озера');
INSERT INTO trip_route (trip_id, order_num, object_id, name) VALUES (7709, 15, NULL, 'д.р.Шавла-д.р.Ештыкол');
INSERT INTO trip_route (trip_id, order_num, object_id, name) VALUES (7709, 16, NULL, 'пер. Орой(н/к, 2 229 м)5858');
INSERT INTO trip_route (trip_id, order_num, object_id, name) VALUES (7709, 17, NULL, 'г.Барнаул');
INSERT INTO trips (id, type, region_id, difficulty, season, author, city)
                VALUES (132, 'Горный поход', 7, 
                '3 к.с.', 'июль 2006', 'Расторгуев
                    

Город', NULL);
INSERT INTO trip_route (trip_id, order_num, object_id, name) VALUES (132, 0, NULL, 'ПосТерскол');
INSERT INTO trip_route (trip_id, order_num, object_id, name) VALUES (132, 1, NULL, 'р.Терскол-су');
INSERT INTO trip_route (trip_id, order_num, object_id, name) VALUES (132, 2, NULL, 'пер. Скальник(2А, 3 423 м)1121');
INSERT INTO trip_route (trip_id, order_num, object_id, name) VALUES (132, 3, NULL, 'лед. Ирик92');
INSERT INTO trip_route (trip_id, order_num, object_id, name) VALUES (132, 4, NULL, 'рад.пер. Ирик-Ирикчат(2А, 3 753 м)2123');
INSERT INTO trip_route (trip_id, order_num, object_id, name) VALUES (132, 5, NULL, 'пер. Фрези Грант(1Б, 3 655 м)1714');
INSERT INTO trip_route (trip_id, order_num, object_id, name) VALUES (132, 6, NULL, 'перЛссоль (рад. по 1А)');
INSERT INTO trip_route (trip_id, order_num, object_id, name) VALUES (132, 7, NULL, 'пер. Тренировочный(1Б-2А, 3 485 м)435');
INSERT INTO trip_route (trip_id, order_num, object_id, name) VALUES (132, 8, NULL, 'лед. Ирикчат36');
INSERT INTO trip_route (trip_id, order_num, object_id, name) VALUES (132, 9, NULL, 'пер. Ирикчат(1Б*, 3 667 м)47827');
INSERT INTO trip_route (trip_id, order_num, object_id, name) VALUES (132, 10, NULL, 'плато Джикаугенкез');
INSERT INTO trip_route (trip_id, order_num, object_id, name) VALUES (132, 11, NULL, 'пер. Джикаугенкез(1Б, 3 520 м)30548');
INSERT INTO trip_route (trip_id, order_num, object_id, name) VALUES (132, 12, NULL, 'р.Субаши');
INSERT INTO trip_route (trip_id, order_num, object_id, name) VALUES (132, 13, NULL, 'р.Кыртык');
INSERT INTO trip_route (trip_id, order_num, object_id, name) VALUES (132, 14, NULL, 'р.Мукал -ледн.Мукал (1Б)');
INSERT INTO trip_route (trip_id, order_num, object_id, name) VALUES (132, 15, NULL, 'пер. Мукал-Мкяра(1Б, 3 740 м)3799');
INSERT INTO trip_route (trip_id, order_num, object_id, name) VALUES (132, 16, NULL, 'пер.Ложн.Мукал-Мкяра (рад.по 1А)');
INSERT INTO trip_route (trip_id, order_num, object_id, name) VALUES (132, 17, NULL, 'пер. Ритенок(2А, 3 500 м)20510');
INSERT INTO trip_route (trip_id, order_num, object_id, name) VALUES (132, 18, NULL, 'рад.пер. Бауманец(2А, 3 729 м)16411');
INSERT INTO trip_route (trip_id, order_num, object_id, name) VALUES (132, 19, NULL, 'пер. Российских Офицеров(2А, 3 819 м)361112');
INSERT INTO trip_route (trip_id, order_num, object_id, name) VALUES (132, 20, NULL, 'р.Ирикчат');
INSERT INTO trip_route (trip_id, order_num, object_id, name) VALUES (132, 21, NULL, 'р.Адыл-су');
INSERT INTO trip_route (trip_id, order_num, object_id, name) VALUES (132, 22, NULL, 'УСБ');
INSERT INTO trip_route (trip_id, order_num, object_id, name) VALUES (132, 23, NULL, 'р.Адыл-су');
INSERT INTO trip_route (trip_id, order_num, object_id, name) VALUES (132, 24, NULL, 'лед. Джанкуат3213');
INSERT INTO trip_route (trip_id, order_num, object_id, name) VALUES (132, 25, NULL, 'пер. Гумачи(2А, 3 540 м)598114');
INSERT INTO trip_route (trip_id, order_num, object_id, name) VALUES (132, 26, NULL, 'ледн.Гумачи');
INSERT INTO trip_route (trip_id, order_num, object_id, name) VALUES (132, 27, NULL, 'р.Адыр-су');
INSERT INTO trip_route (trip_id, order_num, object_id, name) VALUES (132, 28, NULL, 'лед. Адырсу1815');
INSERT INTO trip_route (trip_id, order_num, object_id, name) VALUES (132, 29, NULL, 'пер. Грановского(2А, 3 950 м)498416');
INSERT INTO trip_route (trip_id, order_num, object_id, name) VALUES (132, 30, NULL, 'ледн.Вост.Башиль');
INSERT INTO trip_route (trip_id, order_num, object_id, name) VALUES (132, 31, NULL, 'лед. Башиль Северный2017');
INSERT INTO trip_route (trip_id, order_num, object_id, name) VALUES (132, 32, NULL, 'пер. Голубева(2А, 3 765 м)607918');
INSERT INTO trip_route (trip_id, order_num, object_id, name) VALUES (132, 33, NULL, 'ледн.Юном -руч.Шогенцукова');
INSERT INTO trip_route (trip_id, order_num, object_id, name) VALUES (132, 34, NULL, 'пер. Шогенцукова(1Б, 3 950 м)101119');
INSERT INTO trip_route (trip_id, order_num, object_id, name) VALUES (132, 35, NULL, 'пер. Куллумкол(1Б, 3 940 м)292620');
INSERT INTO trip_route (trip_id, order_num, object_id, name) VALUES (132, 36, NULL, '1Б');
INSERT INTO trip_route (trip_id, order_num, object_id, name) VALUES (132, 37, NULL, 'ледн.Суллукол');
INSERT INTO trip_route (trip_id, order_num, object_id, name) VALUES (132, 38, NULL, 'р.Адыр-су');
INSERT INTO trip_route (trip_id, order_num, object_id, name) VALUES (132, 39, NULL, 'пос.Верх.Баксан.');
INSERT INTO trips (id, type, region_id, difficulty, season, author, city)
                VALUES (2881, 'Горный поход', 7, 
                '4 к.с.', 'октябрь 1972', 'Сиговцев С.А.
                    

Маршрут', NULL);
INSERT INTO trip_route (trip_id, order_num, object_id, name) VALUES (2881, 0, NULL, 'Баксан');
INSERT INTO trip_route (trip_id, order_num, object_id, name) VALUES (2881, 1, NULL, 'Адыл-Су');
INSERT INTO trip_route (trip_id, order_num, object_id, name) VALUES (2881, 2, NULL, 'пер. Кашкаташ(3А*, 3 730 м)7121');
INSERT INTO trip_route (trip_id, order_num, object_id, name) VALUES (2881, 3, NULL, 'пер. Далла-Кора(2Б*, 3 426 м)12382');
INSERT INTO trip_route (trip_id, order_num, object_id, name) VALUES (2881, 4, NULL, 'пер.Ложный Чатын');
INSERT INTO trip_route (trip_id, order_num, object_id, name) VALUES (2881, 5, NULL, 'пер. Гумачи(2А, 3 540 м)59813');
INSERT INTO trip_route (trip_id, order_num, object_id, name) VALUES (2881, 6, NULL, 'пер. Грановского(2А, 3 950 м)49844');
INSERT INTO trip_route (trip_id, order_num, object_id, name) VALUES (2881, 7, NULL, 'Башиль');
INSERT INTO trip_route (trip_id, order_num, object_id, name) VALUES (2881, 8, NULL, 'Шаурту');
INSERT INTO trip_route (trip_id, order_num, object_id, name) VALUES (2881, 9, NULL, 'Чемеш');
INSERT INTO trips (id, type, region_id, difficulty, season, author, city)
                VALUES (7997, 'Лыжный поход', NULL, 
                '2 к.с.', 'март 2023', 'Кузьминых Алексей Сергеевич
                    

Город', NULL);
INSERT INTO trip_route (trip_id, order_num, object_id, name) VALUES (7997, 0, NULL, 'Трасса 47К-021 (поворот у моста через р.Куропта)');
INSERT INTO trip_route (trip_id, order_num, object_id, name) VALUES (7997, 1, NULL, 'д.р.Куропта');
INSERT INTO trip_route (trip_id, order_num, object_id, name) VALUES (7997, 2, NULL, 'д.р.Касси');
INSERT INTO trip_route (trip_id, order_num, object_id, name) VALUES (7997, 3, NULL, 'д.р.Рагутчане');
INSERT INTO trip_route (trip_id, order_num, object_id, name) VALUES (7997, 4, NULL, 'каньоны р.Канда');
INSERT INTO trip_route (trip_id, order_num, object_id, name) VALUES (7997, 5, NULL, 'д.р.Рябина');
INSERT INTO trip_route (trip_id, order_num, object_id, name) VALUES (7997, 6, NULL, 'безымянное озеро у Ю-В подножья г.Водяная');
INSERT INTO trip_route (trip_id, order_num, object_id, name) VALUES (7997, 7, NULL, 'оз.Верхне-Песчаное');
INSERT INTO trip_route (trip_id, order_num, object_id, name) VALUES (7997, 8, NULL, 'оз.Средне-Песчаное');
INSERT INTO trip_route (trip_id, order_num, object_id, name) VALUES (7997, 9, NULL, 'оз.Верхне-Иваново');
INSERT INTO trip_route (trip_id, order_num, object_id, name) VALUES (7997, 10, NULL, 'оз.Нижне-Иваново');
INSERT INTO trip_route (trip_id, order_num, object_id, name) VALUES (7997, 11, NULL, 'оз.Сенное');
INSERT INTO trip_route (trip_id, order_num, object_id, name) VALUES (7997, 12, NULL, 'оз.Бабье');
INSERT INTO trip_route (trip_id, order_num, object_id, name) VALUES (7997, 13, NULL, 'оз.Мудамец');
INSERT INTO trip_route (trip_id, order_num, object_id, name) VALUES (7997, 14, NULL, 'оз.Ковдозеро');
INSERT INTO trip_route (trip_id, order_num, object_id, name) VALUES (7997, 15, NULL, 'прол.Мал.Лайдасалма');
INSERT INTO trip_route (trip_id, order_num, object_id, name) VALUES (7997, 16, NULL, 'б.о. <Травяная> (г.Зеленоборский, Травяная губа)');
INSERT INTO trips (id, type, region_id, difficulty, season, author, city)
                VALUES (7399, 'Пеший поход', NULL, 
                '2 к.с.', 'август 2021', 'Даутов Ринат
                    

Город', NULL);
INSERT INTO trip_route (trip_id, order_num, object_id, name) VALUES (7399, 0, NULL, 'пос. Орлик');
INSERT INTO trip_route (trip_id, order_num, object_id, name) VALUES (7399, 1, NULL, 'дол. р. Даргыл');
INSERT INTO trip_route (trip_id, order_num, object_id, name) VALUES (7399, 2, NULL, 'пер.Шутхулай (2290, н/к)');
INSERT INTO trip_route (trip_id, order_num, object_id, name) VALUES (7399, 3, NULL, 'пер. Шерпов (2570, н/к)');
INSERT INTO trip_route (trip_id, order_num, object_id, name) VALUES (7399, 4, NULL, 'р. Хэлгин');
INSERT INTO trip_route (trip_id, order_num, object_id, name) VALUES (7399, 5, NULL, 'п. Топографов(3 089 м)8181');
INSERT INTO trip_route (trip_id, order_num, object_id, name) VALUES (7399, 6, NULL, 'пер. 4-х Медведей(1А, 2 000 м)12');
INSERT INTO trip_route (trip_id, order_num, object_id, name) VALUES (7399, 7, NULL, 'верховья р. Тисса');
INSERT INTO trip_route (trip_id, order_num, object_id, name) VALUES (7399, 8, NULL, 'р. Кок');
INSERT INTO trip_route (trip_id, order_num, object_id, name) VALUES (7399, 9, NULL, 'Хем');
INSERT INTO trip_route (trip_id, order_num, object_id, name) VALUES (7399, 10, NULL, 'пик Чойган (2918, 1А, рад.)');
INSERT INTO trip_route (trip_id, order_num, object_id, name) VALUES (7399, 11, NULL, 'пер. Кок');
INSERT INTO trip_route (trip_id, order_num, object_id, name) VALUES (7399, 12, NULL, 'Хем (2410, 1А)');
INSERT INTO trip_route (trip_id, order_num, object_id, name) VALUES (7399, 13, NULL, 'дол. р. Аржан-Хем');
INSERT INTO trip_route (trip_id, order_num, object_id, name) VALUES (7399, 14, NULL, 'ист. Чойган');
INSERT INTO trip_route (trip_id, order_num, object_id, name) VALUES (7399, 15, NULL, 'пер. Чойган-Дабан(н/к, 1 931 м)83');
INSERT INTO trip_route (trip_id, order_num, object_id, name) VALUES (7399, 16, NULL, 'дол. р. Дунда-Гол');
INSERT INTO trip_route (trip_id, order_num, object_id, name) VALUES (7399, 17, NULL, 'пер. Хойто-Дабан(1А, 2 350 м)324');
INSERT INTO trip_route (trip_id, order_num, object_id, name) VALUES (7399, 18, NULL, 'дол. левого истока р. Хойто-Гол');
INSERT INTO trip_route (trip_id, order_num, object_id, name) VALUES (7399, 19, NULL, 'пер. Хойтогольский (2180, 1А)');
INSERT INTO trip_route (trip_id, order_num, object_id, name) VALUES (7399, 20, NULL, 'дол. р. Ак-Оюкч-Хем');
INSERT INTO trip_route (trip_id, order_num, object_id, name) VALUES (7399, 21, NULL, 'пер. Высоцкого(2А, 2 050 м)15');
INSERT INTO trip_route (trip_id, order_num, object_id, name) VALUES (7399, 22, NULL, 'оз. Серп (падь Хи-Гол)');
INSERT INTO trip_route (trip_id, order_num, object_id, name) VALUES (7399, 23, NULL, 'влк. Кропоткина');
INSERT INTO trip_route (trip_id, order_num, object_id, name) VALUES (7399, 24, NULL, 'влк. Перетолчина');
INSERT INTO trip_route (trip_id, order_num, object_id, name) VALUES (7399, 25, NULL, 'дол. р. Барун-Хадарус');
INSERT INTO trip_route (trip_id, order_num, object_id, name) VALUES (7399, 26, NULL, 'пер. Черби (2410, н/к)');
INSERT INTO trip_route (trip_id, order_num, object_id, name) VALUES (7399, 27, NULL, 'дол. р. Аршан');
INSERT INTO trip_route (trip_id, order_num, object_id, name) VALUES (7399, 28, NULL, 'ист. Хойто-Гол');
INSERT INTO trip_route (trip_id, order_num, object_id, name) VALUES (7399, 29, NULL, 'пос. Орлик');
INSERT INTO trips (id, type, region_id, difficulty, season, author, city)
                VALUES (931, 'Горный поход', NULL, 
                '4 к.с.', 'август 2003', 'Пуриков А.В.
                    

Город', NULL);
INSERT INTO trip_route (trip_id, order_num, object_id, name) VALUES (931, 0, NULL, 'г.Москва');
INSERT INTO trip_route (trip_id, order_num, object_id, name) VALUES (931, 1, NULL, 'г.Ташкент');
INSERT INTO trip_route (trip_id, order_num, object_id, name) VALUES (931, 2, NULL, 'г.Ош');
INSERT INTO trip_route (trip_id, order_num, object_id, name) VALUES (931, 3, NULL, 'пос.Шиве');
INSERT INTO trip_route (trip_id, order_num, object_id, name) VALUES (931, 4, NULL, 'пер.Шиве (н/к, 3600)');
INSERT INTO trip_route (trip_id, order_num, object_id, name) VALUES (931, 5, NULL, 'пер. Наука Восточный(3А, 5 233 м)121');
INSERT INTO trip_route (trip_id, order_num, object_id, name) VALUES (931, 6, NULL, 'пер. Энтузиаст(3А*, 5 300 м)12');
INSERT INTO trip_route (trip_id, order_num, object_id, name) VALUES (931, 7, NULL, 'пер. Сурхангоу(2Б, 5 200 м)73');
INSERT INTO trip_route (trip_id, order_num, object_id, name) VALUES (931, 8, NULL, 'рад.г. Снежный Барс(5 491 м)24');
INSERT INTO trip_route (trip_id, order_num, object_id, name) VALUES (931, 9, NULL, 'пер.Минтеке Ю-Ю (2Б, 5070)');
INSERT INTO trip_route (trip_id, order_num, object_id, name) VALUES (931, 10, NULL, 'р.Минтеке');
INSERT INTO trip_route (trip_id, order_num, object_id, name) VALUES (931, 11, NULL, 'р.Алтын-Дара');
INSERT INTO trip_route (trip_id, order_num, object_id, name) VALUES (931, 12, NULL, 'пос.Дараут-Курган');
INSERT INTO trip_route (trip_id, order_num, object_id, name) VALUES (931, 13, NULL, 'г.Ош');
INSERT INTO trip_route (trip_id, order_num, object_id, name) VALUES (931, 14, NULL, 'г.Ташкент');
INSERT INTO trip_route (trip_id, order_num, object_id, name) VALUES (931, 15, NULL, 'г.Москва.');
INSERT INTO trips (id, type, region_id, difficulty, season, author, city)
                VALUES (7736, 'Горный поход', 7, 
                '3 к.с.', 'август 2022', 'Саубанов Ирек
                    

Город', NULL);
INSERT INTO trip_route (trip_id, order_num, object_id, name) VALUES (7736, 0, NULL, 'г. Минеральные Воды');
INSERT INTO trip_route (trip_id, order_num, object_id, name) VALUES (7736, 1, NULL, 'н.п. Дунта');
INSERT INTO trip_route (trip_id, order_num, object_id, name) VALUES (7736, 2, NULL, 'р. Даргонком');
INSERT INTO trip_route (trip_id, order_num, object_id, name) VALUES (7736, 3, NULL, 'пер. Даргом Центральный(1А, 3 585 м)921');
INSERT INTO trip_route (trip_id, order_num, object_id, name) VALUES (7736, 4, NULL, 'р. Сонгутидон');
INSERT INTO trip_route (trip_id, order_num, object_id, name) VALUES (7736, 5, NULL, 'пер. Дунта(н/к, 2 358 м)8162');
INSERT INTO trip_route (trip_id, order_num, object_id, name) VALUES (7736, 6, NULL, 'р. Сардидон');
INSERT INTO trip_route (trip_id, order_num, object_id, name) VALUES (7736, 7, NULL, 'связка: пер Чилингини и пер Воологата (2А)');
INSERT INTO trip_route (trip_id, order_num, object_id, name) VALUES (7736, 8, NULL, 'лед. Караугомский493');
INSERT INTO trip_route (trip_id, order_num, object_id, name) VALUES (7736, 9, NULL, 'р. Фастагдон');
INSERT INTO trip_route (trip_id, order_num, object_id, name) VALUES (7736, 10, NULL, 'пер. Электрон(2Б(2, 3 400 м)30254');
INSERT INTO trip_route (trip_id, order_num, object_id, name) VALUES (7736, 11, NULL, 'лед. Бартуйцете');
INSERT INTO trip_route (trip_id, order_num, object_id, name) VALUES (7736, 12, NULL, 'пер. Короткий(1А, 3 000 м)18105');
INSERT INTO trip_route (trip_id, order_num, object_id, name) VALUES (7736, 13, NULL, 'р. Гебидон');
INSERT INTO trip_route (trip_id, order_num, object_id, name) VALUES (7736, 14, NULL, 'р.Харесидон');
INSERT INTO trip_route (trip_id, order_num, object_id, name) VALUES (7736, 15, NULL, 'р. Айхвадон');
INSERT INTO trip_route (trip_id, order_num, object_id, name) VALUES (7736, 16, NULL, 'пер. Айхва(1Б, 3 500 м)3496');
INSERT INTO trip_route (trip_id, order_num, object_id, name) VALUES (7736, 17, NULL, 'пер. Белаг Северный(2А, 3 650 м)35127');
INSERT INTO trip_route (trip_id, order_num, object_id, name) VALUES (7736, 18, NULL, 'р. Хазнидон');
INSERT INTO trip_route (trip_id, order_num, object_id, name) VALUES (7736, 19, NULL, 'н.п. Ташлы-Тала');
INSERT INTO trip_route (trip_id, order_num, object_id, name) VALUES (7736, 20, NULL, 'г. Минеральные Воды');
INSERT INTO trips (id, type, region_id, difficulty, season, author, city)
                VALUES (2244, 'Горный поход', 7, 
                '4 к.с.', 'июль 2002', 'Толстенко С.Н.
                    

Маршрут', NULL);
INSERT INTO trip_route (trip_id, order_num, object_id, name) VALUES (2244, 0, NULL, 'т/б Чегем');
INSERT INTO trip_route (trip_id, order_num, object_id, name) VALUES (2244, 1, NULL, 'л.Ю.Болдошке');
INSERT INTO trip_route (trip_id, order_num, object_id, name) VALUES (2244, 2, NULL, 'пер. Снежный Купол(2А, 3 950 м)2121');
INSERT INTO trip_route (trip_id, order_num, object_id, name) VALUES (2244, 3, NULL, 'пер. Кайсына Кулиева(2Б, 3 894 м)1212');
INSERT INTO trip_route (trip_id, order_num, object_id, name) VALUES (2244, 4, NULL, 'лед. Чат Южный173');
INSERT INTO trip_route (trip_id, order_num, object_id, name) VALUES (2244, 5, NULL, 'пер.С.Бодорку');
INSERT INTO trip_route (trip_id, order_num, object_id, name) VALUES (2244, 6, NULL, 'л.Башидь');
INSERT INTO trip_route (trip_id, order_num, object_id, name) VALUES (2244, 7, NULL, 'р.Башильаузсу');
INSERT INTO trip_route (trip_id, order_num, object_id, name) VALUES (2244, 8, NULL, 'лед. Чегем9134');
INSERT INTO trip_route (trip_id, order_num, object_id, name) VALUES (2244, 9, NULL, 'пер.Сев.Кичкидар');
INSERT INTO trip_route (trip_id, order_num, object_id, name) VALUES (2244, 10, NULL, 'л.З.Юном');
INSERT INTO trip_route (trip_id, order_num, object_id, name) VALUES (2244, 11, NULL, 'пер. Хвост Дракона(1Б, 3 676 м)1125');
INSERT INTO trip_route (trip_id, order_num, object_id, name) VALUES (2244, 12, NULL, 'л.З.Джайлык');
INSERT INTO trip_route (trip_id, order_num, object_id, name) VALUES (2244, 13, NULL, 'пер. Шогенцукова(1Б, 3 950 м)10116');
INSERT INTO trip_route (trip_id, order_num, object_id, name) VALUES (2244, 14, NULL, 'лед. Тютю Западный37');
INSERT INTO trip_route (trip_id, order_num, object_id, name) VALUES (2244, 15, NULL, 'пер. Куллумкол(1Б, 3 940 м)29268');
INSERT INTO trip_route (trip_id, order_num, object_id, name) VALUES (2244, 16, NULL, 'пер. Тютю Западный(2А, 4 000 м)59139');
INSERT INTO trip_route (trip_id, order_num, object_id, name) VALUES (2244, 17, NULL, 'лед. Тютю1610');
INSERT INTO trip_route (trip_id, order_num, object_id, name) VALUES (2244, 18, NULL, 'р.Тютюсу');
INSERT INTO trip_route (trip_id, order_num, object_id, name) VALUES (2244, 19, NULL, 'пос.Тырныауз');
INSERT INTO trips (id, type, region_id, difficulty, season, author, city)
                VALUES (5061, 'Горный поход', NULL, 
                '5 к.с.', 'август 2010', 'Мартынов В. В.
                    

Маршрут', NULL);
INSERT INTO trip_route (trip_id, order_num, object_id, name) VALUES (5061, 0, NULL, 'г. Бишкек');
INSERT INTO trip_route (trip_id, order_num, object_id, name) VALUES (5061, 1, NULL, 'а/л Ала-Арча');
INSERT INTO trip_route (trip_id, order_num, object_id, name) VALUES (5061, 2, NULL, 'пер. XXX лет ВЛКСМ(2А, 4 000 м)121');
INSERT INTO trip_route (trip_id, order_num, object_id, name) VALUES (5061, 3, NULL, 'пер. Ледовый(3А, 3 900 м)82');
INSERT INTO trip_route (trip_id, order_num, object_id, name) VALUES (5061, 4, NULL, 'пер. Спартакиады Зап. (1Б, 4100)');
INSERT INTO trip_route (trip_id, order_num, object_id, name) VALUES (5061, 5, NULL, 'пер. Смена Южный (2Б, 4080)');
INSERT INTO trip_route (trip_id, order_num, object_id, name) VALUES (5061, 6, NULL, 'а/л Ала-Арча');
INSERT INTO trip_route (trip_id, order_num, object_id, name) VALUES (5061, 7, NULL, 'вершина Корона 1-я башня (альп. 3А, 4810)');
INSERT INTO trip_route (trip_id, order_num, object_id, name) VALUES (5061, 8, NULL, 'пер. Корона Южный(3А, 4 350 м)203');
INSERT INTO trip_route (trip_id, order_num, object_id, name) VALUES (5061, 9, NULL, 'пер. Топ-карагай(2Б, 4 400 м)144');
INSERT INTO trip_route (trip_id, order_num, object_id, name) VALUES (5061, 10, NULL, 'пер. Войтихова(2Б, 4 400 м)9');
INSERT INTO trip_route (trip_id, order_num, object_id, name) VALUES (5061, 11, NULL, 'пер. Аламединские Зубья(3А, 4 540 м)135');
INSERT INTO trip_route (trip_id, order_num, object_id, name) VALUES (5061, 12, NULL, 'пер. Промежуточный(1Б, 3 680 м)4');
INSERT INTO trip_route (trip_id, order_num, object_id, name) VALUES (5061, 13, NULL, 'пер. Усеченка(3А, 4 300 м)86');
INSERT INTO trip_route (trip_id, order_num, object_id, name) VALUES (5061, 14, NULL, 'кур.');
INSERT INTO trip_route (trip_id, order_num, object_id, name) VALUES (5061, 15, NULL, 'г. Бишкек');
INSERT INTO trips (id, type, region_id, difficulty, season, author, city)
                VALUES (7352, 'Горный поход', 7, 
                '3 к.с.', 'август 2020', 'Абрамова Е. П.
                    

Маршрут', NULL);
INSERT INTO trip_route (trip_id, order_num, object_id, name) VALUES (7352, 0, NULL, 'пос. Тырныауз');
INSERT INTO trip_route (trip_id, order_num, object_id, name) VALUES (7352, 1, NULL, 'д. р. Герхожансу');
INSERT INTO trip_route (trip_id, order_num, object_id, name) VALUES (7352, 2, NULL, 'д. р. Гургуржасу');
INSERT INTO trip_route (trip_id, order_num, object_id, name) VALUES (7352, 3, NULL, 'д. р. Сакашильсу');
INSERT INTO trip_route (trip_id, order_num, object_id, name) VALUES (7352, 4, NULL, 'д. р. Ачикансу');
INSERT INTO trip_route (trip_id, order_num, object_id, name) VALUES (7352, 5, NULL, 'пер. Ачикан(1Б, 3 394 м)411');
INSERT INTO trip_route (trip_id, order_num, object_id, name) VALUES (7352, 6, NULL, 'верх. р. Каяртысу');
INSERT INTO trip_route (trip_id, order_num, object_id, name) VALUES (7352, 7, NULL, 'лед. Каярта32');
INSERT INTO trip_route (trip_id, order_num, object_id, name) VALUES (7352, 8, NULL, 'пер. Каярта Западный(2А, 3 980 м)45113');
INSERT INTO trip_route (trip_id, order_num, object_id, name) VALUES (7352, 9, NULL, 'д. р. Тютюсу');
INSERT INTO trip_route (trip_id, order_num, object_id, name) VALUES (7352, 10, NULL, 'д. р. Баксан');
INSERT INTO trip_route (trip_id, order_num, object_id, name) VALUES (7352, 11, NULL, 'д. р. Кумыксу');
INSERT INTO trip_route (trip_id, order_num, object_id, name) VALUES (7352, 12, NULL, 'пер. Тырныауз(1А, 3 380 м)264');
INSERT INTO trip_route (trip_id, order_num, object_id, name) VALUES (7352, 13, NULL, 'пер. Суарык(1Б, 3 227 м)12125');
INSERT INTO trip_route (trip_id, order_num, object_id, name) VALUES (7352, 14, NULL, 'р. Джугуртау');
INSERT INTO trip_route (trip_id, order_num, object_id, name) VALUES (7352, 15, NULL, 'р. Кыртык');
INSERT INTO trip_route (trip_id, order_num, object_id, name) VALUES (7352, 16, NULL, 'д. р. Мкяра');
INSERT INTO trip_route (trip_id, order_num, object_id, name) VALUES (7352, 17, NULL, 'д. р. Мукал');
INSERT INTO trip_route (trip_id, order_num, object_id, name) VALUES (7352, 18, NULL, 'пер. Сылтран(н/к, 3 205 м)15636');
INSERT INTO trip_route (trip_id, order_num, object_id, name) VALUES (7352, 19, NULL, 'оз. Сылтранкёль437');
INSERT INTO trip_route (trip_id, order_num, object_id, name) VALUES (7352, 20, NULL, 'пер. Грач Нижний(1Б)2078');
INSERT INTO trip_route (trip_id, order_num, object_id, name) VALUES (7352, 21, NULL, 'д. р. Мукал.');
INSERT INTO trip_route (trip_id, order_num, object_id, name) VALUES (7352, 22, NULL, 'пер. Российских Офицеров(2А, 3 819 м)36119');
INSERT INTO trip_route (trip_id, order_num, object_id, name) VALUES (7352, 23, NULL, 'рад.г. Кезгенбаши(4 011 м)31110');
INSERT INTO trip_route (trip_id, order_num, object_id, name) VALUES (7352, 24, NULL, 'д. р. Ирик');
INSERT INTO trip_route (trip_id, order_num, object_id, name) VALUES (7352, 25, NULL, 'д. р. Ирикчат');
INSERT INTO trip_route (trip_id, order_num, object_id, name) VALUES (7352, 26, NULL, 'пер. Ирикчат(1Б*, 3 667 м)478211');
INSERT INTO trip_route (trip_id, order_num, object_id, name) VALUES (7352, 27, NULL, 'Ачкерьякольский лавовый поток4912');
INSERT INTO trip_route (trip_id, order_num, object_id, name) VALUES (7352, 28, NULL, 'траверс полей Эльбруса (2А)');
INSERT INTO trip_route (trip_id, order_num, object_id, name) VALUES (7352, 29, NULL, 'д. р. Терскол');
INSERT INTO trip_route (trip_id, order_num, object_id, name) VALUES (7352, 30, NULL, 'пос. Терскол');
INSERT INTO trip_route (trip_id, order_num, object_id, name) VALUES (7352, 31, NULL, 'пол. Азау4013');
INSERT INTO trip_route (trip_id, order_num, object_id, name) VALUES (7352, 32, NULL, 'ст. Гарабаши (на канатке)');
INSERT INTO trip_route (trip_id, order_num, object_id, name) VALUES (7352, 33, NULL, 'Приют 1182514');
INSERT INTO trip_route (trip_id, order_num, object_id, name) VALUES (7352, 34, NULL, 'рад.г. Эльбрус(5 642 м)2123415');
INSERT INTO trip_route (trip_id, order_num, object_id, name) VALUES (7352, 35, NULL, 'пос. Терскол');
INSERT INTO trips (id, type, region_id, difficulty, season, author, city)
                VALUES (2620, 'Горный поход', NULL, 
                '5 к.с.', 'август 1983', 'Беланович В.
                    

Маршрут', NULL);
INSERT INTO trip_route (trip_id, order_num, object_id, name) VALUES (2620, 0, NULL, 'г/п Талгар');
INSERT INTO trip_route (trip_id, order_num, object_id, name) VALUES (2620, 1, NULL, 'пер.Пионер-пер.Иглы-Туюк');
INSERT INTO trip_route (trip_id, order_num, object_id, name) VALUES (2620, 2, NULL, 'пер. Зоркий(2Б, 4 250 м)41');
INSERT INTO trip_route (trip_id, order_num, object_id, name) VALUES (2620, 3, NULL, 'л.Богатырь');
INSERT INTO trip_route (trip_id, order_num, object_id, name) VALUES (2620, 4, NULL, 'пер.Богатырь');
INSERT INTO trip_route (trip_id, order_num, object_id, name) VALUES (2620, 5, NULL, 'лед.Копр');
INSERT INTO trip_route (trip_id, order_num, object_id, name) VALUES (2620, 6, NULL, 'пер. Копртюз(3А*, 4 550 м)72');
INSERT INTO trip_route (trip_id, order_num, object_id, name) VALUES (2620, 7, NULL, 'лед. Корженевского213');
INSERT INTO trip_route (trip_id, order_num, object_id, name) VALUES (2620, 8, NULL, 'пер. Чон-Кемин(1Б*, 3 960 м)64');
INSERT INTO trip_route (trip_id, order_num, object_id, name) VALUES (2620, 9, NULL, 'г/п Чолпон-Ата');
INSERT INTO trips (id, type, region_id, difficulty, season, author, city)
                VALUES (5405, 'Пеший поход', NULL, 
                '3 к.с.', 'июль 2016', 'Кондрашкин М. С.
                    

Маршрут', NULL);
INSERT INTO trip_route (trip_id, order_num, object_id, name) VALUES (5405, 0, NULL, 'пос. Ревда');
INSERT INTO trip_route (trip_id, order_num, object_id, name) VALUES (5405, 1, NULL, 'р. Шомйок');
INSERT INTO trip_route (trip_id, order_num, object_id, name) VALUES (5405, 2, NULL, 'оз. Раслака');
INSERT INTO trip_route (trip_id, order_num, object_id, name) VALUES (5405, 3, NULL, 'обход рудника Карнасурта через хр. (1А)');
INSERT INTO trip_route (trip_id, order_num, object_id, name) VALUES (5405, 4, NULL, 'пер. Эльморайок(н/к, 660 м)231');
INSERT INTO trip_route (trip_id, order_num, object_id, name) VALUES (5405, 5, NULL, 'р. Эльморайок');
INSERT INTO trip_route (trip_id, order_num, object_id, name) VALUES (5405, 6, NULL, 'обход каньона р. Чинглусуай (1А)');
INSERT INTO trip_route (trip_id, order_num, object_id, name) VALUES (5405, 7, NULL, 'пер. Геологов(2А-3А, 1 119 м)82');
INSERT INTO trip_route (trip_id, order_num, object_id, name) VALUES (5405, 8, NULL, 'г. Аллуайв(1 050 м)53');
INSERT INTO trip_route (trip_id, order_num, object_id, name) VALUES (5405, 9, NULL, 'р. Шомйок');
INSERT INTO trip_route (trip_id, order_num, object_id, name) VALUES (5405, 10, NULL, 'Окуневские оз.');
INSERT INTO trip_route (trip_id, order_num, object_id, name) VALUES (5405, 11, NULL, 'р. Сура');
INSERT INTO trip_route (trip_id, order_num, object_id, name) VALUES (5405, 12, NULL, 'р. Чуда');
INSERT INTO trip_route (trip_id, order_num, object_id, name) VALUES (5405, 13, NULL, 'р. Кальйок');
INSERT INTO trip_route (trip_id, order_num, object_id, name) VALUES (5405, 14, NULL, 'пер. Седло Валлепахка(н/к, 580 м)24');
INSERT INTO trip_route (trip_id, order_num, object_id, name) VALUES (5405, 15, NULL, 'г. Валлепахка');
INSERT INTO trip_route (trip_id, order_num, object_id, name) VALUES (5405, 16, NULL, 'пер. Обманный(н/к, 564 м)115');
INSERT INTO trip_route (trip_id, order_num, object_id, name) VALUES (5405, 17, NULL, 'р. Кальйок');
INSERT INTO trip_route (trip_id, order_num, object_id, name) VALUES (5405, 18, NULL, 'пер. Лявочорр Центральный(1А, 900 м)86');
INSERT INTO trip_route (trip_id, order_num, object_id, name) VALUES (5405, 19, NULL, 'г. Лявойок (н/к, 1047, рад.)');
INSERT INTO trip_route (trip_id, order_num, object_id, name) VALUES (5405, 20, NULL, 'р. Сев. Лявойок');
INSERT INTO trip_route (trip_id, order_num, object_id, name) VALUES (5405, 21, NULL, 'оз. Гольцовое');
INSERT INTO trip_route (trip_id, order_num, object_id, name) VALUES (5405, 22, NULL, 'р. Лявойок');
INSERT INTO trip_route (trip_id, order_num, object_id, name) VALUES (5405, 23, NULL, 'рад.пер. Партомчорр Северный(н/к, 850 м)97');
INSERT INTO trip_route (trip_id, order_num, object_id, name) VALUES (5405, 24, NULL, 'пер. Партомчорр Южный(765 м)4148');
INSERT INTO trip_route (trip_id, order_num, object_id, name) VALUES (5405, 25, NULL, 'р. Сев. Каскаснюнйок');
INSERT INTO trip_route (trip_id, order_num, object_id, name) VALUES (5405, 26, NULL, 'р. Юж. Каскаснюнйок');
INSERT INTO trip_route (trip_id, order_num, object_id, name) VALUES (5405, 27, NULL, 'пер. Куропачий(н/к, 430 м)179');
INSERT INTO trip_route (trip_id, order_num, object_id, name) VALUES (5405, 28, NULL, 'р. Тульйок');
INSERT INTO trip_route (trip_id, order_num, object_id, name) VALUES (5405, 29, NULL, 'пер. Безымянный(1Б, 925 м)11010');
INSERT INTO trip_route (trip_id, order_num, object_id, name) VALUES (5405, 30, NULL, 'р. Вудьяврйок');
INSERT INTO trip_route (trip_id, order_num, object_id, name) VALUES (5405, 31, NULL, 'пер. Кукисвумчор (н/к, 480)');
INSERT INTO trip_route (trip_id, order_num, object_id, name) VALUES (5405, 32, NULL, 'р. Кунийок');
INSERT INTO trip_route (trip_id, order_num, object_id, name) VALUES (5405, 33, NULL, 'База КСС');
INSERT INTO trip_route (trip_id, order_num, object_id, name) VALUES (5405, 34, NULL, 'р. Кунийок');
INSERT INTO trip_route (trip_id, order_num, object_id, name) VALUES (5405, 35, NULL, 'пер. Чоргорр Центр. (1А, 1080, в режиме п/п)');
INSERT INTO trip_route (trip_id, order_num, object_id, name) VALUES (5405, 36, NULL, 'пер. Неизвестный (н/к, 1030, в режиме п/п)');
INSERT INTO trip_route (trip_id, order_num, object_id, name) VALUES (5405, 37, NULL, '2й прав. приток р. Часнайок');
INSERT INTO trip_route (trip_id, order_num, object_id, name) VALUES (5405, 38, NULL, 'р. Часнайок');
INSERT INTO trip_route (trip_id, order_num, object_id, name) VALUES (5405, 39, NULL, 'р. Гольцовка');
INSERT INTO trip_route (trip_id, order_num, object_id, name) VALUES (5405, 40, NULL, 'рад.пер. Ферсмана(1Б, 980 м)11311');
INSERT INTO trip_route (trip_id, order_num, object_id, name) VALUES (5405, 41, NULL, 'пер. Восточный Арсеньева (1А, 1030)');
INSERT INTO trip_route (trip_id, order_num, object_id, name) VALUES (5405, 42, NULL, 'р. Малая Белая');
INSERT INTO trip_route (trip_id, order_num, object_id, name) VALUES (5405, 43, NULL, 'радиально: [гора Юдычвумчор(1200м)');
INSERT INTO trip_route (trip_id, order_num, object_id, name) VALUES (5405, 44, NULL, 'пер. Западный Петрелиуса (850), в сумме 1А]');
INSERT INTO trip_route (trip_id, order_num, object_id, name) VALUES (5405, 45, NULL, 'р. Мал. Белая');
INSERT INTO trip_route (trip_id, order_num, object_id, name) VALUES (5405, 46, NULL, 'пер. Рамзая(н/к, 770 м)33812');
INSERT INTO trip_route (trip_id, order_num, object_id, name) VALUES (5405, 47, NULL, 'р. Поачвумйок');
INSERT INTO trip_route (trip_id, order_num, object_id, name) VALUES (5405, 48, NULL, 'оз. Мал Вудьявр');
INSERT INTO trip_route (trip_id, order_num, object_id, name) VALUES (5405, 49, NULL, 'рад.пер. Географов(1Б, 650 м)8813');
INSERT INTO trip_route (trip_id, order_num, object_id, name) VALUES (5405, 50, NULL, 'Кировск');
INSERT INTO trips (id, type, region_id, difficulty, season, author, city)
                VALUES (7160, 'Горный поход', 7, 
                '6 к.с.', 'август 2004', 'Кодыш В.Э.
                    

Город', NULL);
INSERT INTO trip_route (trip_id, order_num, object_id, name) VALUES (7160, 0, NULL, 'Г. Нальчик');
INSERT INTO trip_route (trip_id, order_num, object_id, name) VALUES (7160, 1, NULL, 'п. Булунгу');
INSERT INTO trip_route (trip_id, order_num, object_id, name) VALUES (7160, 2, NULL, 'р. Салыксу');
INSERT INTO trip_route (trip_id, order_num, object_id, name) VALUES (7160, 3, NULL, 'в. Каргашинлитау (1Аальп, 3910, п/п, рад)');
INSERT INTO trip_route (trip_id, order_num, object_id, name) VALUES (7160, 4, NULL, 'пер. Ширман(1А, 3 511 м)811');
INSERT INTO trip_route (trip_id, order_num, object_id, name) VALUES (7160, 5, NULL, 'р. Аккусу');
INSERT INTO trip_route (trip_id, order_num, object_id, name) VALUES (7160, 6, NULL, 'р. Черек Безенгийский');
INSERT INTO trip_route (trip_id, order_num, object_id, name) VALUES (7160, 7, NULL, 'а/б');
INSERT INTO trip_route (trip_id, order_num, object_id, name) VALUES (7160, 8, NULL, 'р. Думала');
INSERT INTO trip_route (trip_id, order_num, object_id, name) VALUES (7160, 9, NULL, 'лед. Уллуауз4292');
INSERT INTO trip_route (trip_id, order_num, object_id, name) VALUES (7160, 10, NULL, 'пер. Птица(3А*, 4 250 м)2153');
INSERT INTO trip_route (trip_id, order_num, object_id, name) VALUES (7160, 11, NULL, 'в. Птица Сев. (3Бальп, 4560, рад)');
INSERT INTO trip_route (trip_id, order_num, object_id, name) VALUES (7160, 12, NULL, 'лед. Мижирги30254');
INSERT INTO trip_route (trip_id, order_num, object_id, name) VALUES (7160, 13, NULL, 'пер. Кундюм-Мижирги(3А, 4 250 м)32225');
INSERT INTO trip_route (trip_id, order_num, object_id, name) VALUES (7160, 14, NULL, 'лед. Уллуауз4296');
INSERT INTO trip_route (trip_id, order_num, object_id, name) VALUES (7160, 15, NULL, 'пер. Уллуауз(3А, 4 300 м)10157');
INSERT INTO trip_route (trip_id, order_num, object_id, name) VALUES (7160, 16, NULL, 'лед. Тютюн208');
INSERT INTO trip_route (trip_id, order_num, object_id, name) VALUES (7160, 17, NULL, 'пер. МГУ(3Б, 4 338 м)949');
INSERT INTO trip_route (trip_id, order_num, object_id, name) VALUES (7160, 18, NULL, 'лед. Крумкол3710');
INSERT INTO trip_route (trip_id, order_num, object_id, name) VALUES (7160, 19, NULL, 'пер. Крумкольский провал(3Б, 4 350 м)371111');
INSERT INTO trip_route (trip_id, order_num, object_id, name) VALUES (7160, 20, NULL, 'лед. Мижирги302512');
INSERT INTO trip_route (trip_id, order_num, object_id, name) VALUES (7160, 21, NULL, 'а/б');
INSERT INTO trip_route (trip_id, order_num, object_id, name) VALUES (7160, 22, NULL, 'г. Нальчик');
INSERT INTO trips (id, type, region_id, difficulty, season, author, city)
                VALUES (2412, 'Пеший поход', NULL, 
                '5 к.с.', 'август 1981', 'Пресс Г.А.
                    

Маршрут', NULL);
INSERT INTO trip_route (trip_id, order_num, object_id, name) VALUES (2412, 0, NULL, 'пос.Чара');
INSERT INTO trip_route (trip_id, order_num, object_id, name) VALUES (2412, 1, NULL, 'р.Ср.Салукан');
INSERT INTO trip_route (trip_id, order_num, object_id, name) VALUES (2412, 2, NULL, 'пер.Медвежйй');
INSERT INTO trip_route (trip_id, order_num, object_id, name) VALUES (2412, 3, NULL, 'пер. Рижан(2А, 2 670 м)121');
INSERT INTO trip_route (trip_id, order_num, object_id, name) VALUES (2412, 4, NULL, 'пер. Преображенского(2Б, 2 600 м)82');
INSERT INTO trip_route (trip_id, order_num, object_id, name) VALUES (2412, 5, NULL, 'пер.Азаровой');
INSERT INTO trip_route (trip_id, order_num, object_id, name) VALUES (2412, 6, NULL, 'пер. Мурзилка(1Б, 2 340 м)693');
INSERT INTO trip_route (trip_id, order_num, object_id, name) VALUES (2412, 7, NULL, 'пер.Алсатский');
INSERT INTO trip_route (trip_id, order_num, object_id, name) VALUES (2412, 8, NULL, 'р.Пр.Сыгыкта');
INSERT INTO trip_route (trip_id, order_num, object_id, name) VALUES (2412, 9, NULL, 'пер.Машерова');
INSERT INTO trip_route (trip_id, order_num, object_id, name) VALUES (2412, 10, NULL, 'пер.Торский');
INSERT INTO trip_route (trip_id, order_num, object_id, name) VALUES (2412, 11, NULL, 'пер.Траверсный');
INSERT INTO trip_route (trip_id, order_num, object_id, name) VALUES (2412, 12, NULL, 'р.Б.Тора');
INSERT INTO trip_route (trip_id, order_num, object_id, name) VALUES (2412, 13, NULL, 'пер. Пивоваровой(2А, 2 300 м)24');
INSERT INTO trip_route (trip_id, order_num, object_id, name) VALUES (2412, 14, NULL, 'р.Сакуканырд');
INSERT INTO trip_route (trip_id, order_num, object_id, name) VALUES (2412, 15, NULL, 'пер. Туманов(1Б, 1 955 м)15');
INSERT INTO trip_route (trip_id, order_num, object_id, name) VALUES (2412, 16, NULL, 'пер.Дэвэкта-Джалдир');
INSERT INTO trip_route (trip_id, order_num, object_id, name) VALUES (2412, 17, NULL, 'пер. Восточный(1А, 2 090 м)16');
INSERT INTO trip_route (trip_id, order_num, object_id, name) VALUES (2412, 18, NULL, 'пос.Чапо-Олого');
INSERT INTO trips (id, type, region_id, difficulty, season, author, city)
                VALUES (3706, 'Горный поход', NULL, 
                '1 к.с.', 'май 2003', 'Устиновский Н.Н.
                    

Город', NULL);
INSERT INTO trip_route (trip_id, order_num, object_id, name) VALUES (3706, 0, NULL, 'г. Карабаш');
INSERT INTO trip_route (trip_id, order_num, object_id, name) VALUES (3706, 1, NULL, 'оз. Мал. Агардяш');
INSERT INTO trip_route (trip_id, order_num, object_id, name) VALUES (3706, 2, NULL, 'оз. Бол. Агардяш');
INSERT INTO trip_route (trip_id, order_num, object_id, name) VALUES (3706, 3, NULL, 'истоки р. Уфа');
INSERT INTO trip_route (trip_id, order_num, object_id, name) VALUES (3706, 4, NULL, 'пер. г. Юрма Средняя 985м.1А');
INSERT INTO trip_route (trip_id, order_num, object_id, name) VALUES (3706, 5, NULL, 'р.Куса');
INSERT INTO trip_route (trip_id, order_num, object_id, name) VALUES (3706, 6, NULL, 'Западные склоны Дальнего Таганая');
INSERT INTO trip_route (trip_id, order_num, object_id, name) VALUES (3706, 7, NULL, 'г. Круглица 1178, 1А');
INSERT INTO trip_route (trip_id, order_num, object_id, name) VALUES (3706, 8, NULL, 'г.  (Мал. Таганай) 1035м., 1А');
INSERT INTO trip_route (trip_id, order_num, object_id, name) VALUES (3706, 9, NULL, 'г. Златоуст');
INSERT INTO trips (id, type, region_id, difficulty, season, author, city)
                VALUES (7194, 'Горный поход', 7, 
                '1 к.с.', 'август 2018', 'Шилин Р.Д.
                    

Город', NULL);
INSERT INTO trip_route (trip_id, order_num, object_id, name) VALUES (7194, 0, NULL, 'г. Москва');
INSERT INTO trip_route (trip_id, order_num, object_id, name) VALUES (7194, 1, NULL, 'г. Минеральные воды');
INSERT INTO trip_route (trip_id, order_num, object_id, name) VALUES (7194, 2, NULL, 'пос. Булунгу');
INSERT INTO trip_route (trip_id, order_num, object_id, name) VALUES (7194, 3, NULL, 'лед. Булунгу91');
INSERT INTO trip_route (trip_id, order_num, object_id, name) VALUES (7194, 4, NULL, 'пер. Тютюргу Восточный Центральный(1Б, 3 858 м)1342');
INSERT INTO trip_route (trip_id, order_num, object_id, name) VALUES (7194, 5, NULL, 'лед. Тютюргу153');
INSERT INTO trip_route (trip_id, order_num, object_id, name) VALUES (7194, 6, NULL, 'пер. Шаурту Восточный(2А, 3 800 м)35264');
INSERT INTO trip_route (trip_id, order_num, object_id, name) VALUES (7194, 7, NULL, 'лед. Шаурту4405');
INSERT INTO trip_route (trip_id, order_num, object_id, name) VALUES (7194, 8, NULL, 'т/б Башиль1226');
INSERT INTO trip_route (trip_id, order_num, object_id, name) VALUES (7194, 9, NULL, 'лед. Башиль2517');
INSERT INTO trip_route (trip_id, order_num, object_id, name) VALUES (7194, 10, NULL, 'оз. 3070');
INSERT INTO trip_route (trip_id, order_num, object_id, name) VALUES (7194, 11, NULL, 'пер. Грановского(2А, 3 950 м)49848');
INSERT INTO trip_route (trip_id, order_num, object_id, name) VALUES (7194, 12, NULL, 'лед. Адырсу189');
INSERT INTO trip_route (trip_id, order_num, object_id, name) VALUES (7194, 13, NULL, 'а/л Уллутау26010');
INSERT INTO trip_route (trip_id, order_num, object_id, name) VALUES (7194, 14, NULL, 'лед. Гумачи211');
INSERT INTO trip_route (trip_id, order_num, object_id, name) VALUES (7194, 15, NULL, 'пер. Гумачи(2А, 3 540 м)598112');
INSERT INTO trip_route (trip_id, order_num, object_id, name) VALUES (7194, 16, NULL, 'лед. Джанкуат3213');
INSERT INTO trip_route (trip_id, order_num, object_id, name) VALUES (7194, 17, NULL, 'р. Адылсу');
INSERT INTO trip_route (trip_id, order_num, object_id, name) VALUES (7194, 18, NULL, 'а/л Джантуган13214');
INSERT INTO trip_route (trip_id, order_num, object_id, name) VALUES (7194, 19, NULL, 'пос. Эльбрус');
INSERT INTO trip_route (trip_id, order_num, object_id, name) VALUES (7194, 20, NULL, 'р. Ирик');
INSERT INTO trip_route (trip_id, order_num, object_id, name) VALUES (7194, 21, NULL, 'пер. Союзмультфильм(2А, 3 782 м)13415');
INSERT INTO trip_route (trip_id, order_num, object_id, name) VALUES (7194, 22, NULL, 'Ачкерьякольский лавовый поток4916');
INSERT INTO trip_route (trip_id, order_num, object_id, name) VALUES (7194, 23, NULL, 'г. Эльбрус Восточная(5 621 м)2122817');
INSERT INTO trip_route (trip_id, order_num, object_id, name) VALUES (7194, 24, NULL, 'Приют 1182518');
INSERT INTO trip_route (trip_id, order_num, object_id, name) VALUES (7194, 25, NULL, 'пос. Терскол');
INSERT INTO trip_route (trip_id, order_num, object_id, name) VALUES (7194, 26, NULL, 'г.Минеральные Воды');
INSERT INTO trip_route (trip_id, order_num, object_id, name) VALUES (7194, 27, NULL, 'г. Москва');
INSERT INTO trips (id, type, region_id, difficulty, season, author, city)
                VALUES (6422, 'Горный поход', NULL, 
                '5 к.с.', 'август 2016', 'Смирнов Л.В.
                    

Город', NULL);
INSERT INTO trip_route (trip_id, order_num, object_id, name) VALUES (6422, 0, NULL, 'курорт');
INSERT INTO trip_route (trip_id, order_num, object_id, name) VALUES (6422, 1, NULL, 'р. Алтынтор (рад. выход)');
INSERT INTO trip_route (trip_id, order_num, object_id, name) VALUES (6422, 2, NULL, 'р. Салык');
INSERT INTO trip_route (trip_id, order_num, object_id, name) VALUES (6422, 3, NULL, 'ледник Салык Восточный');
INSERT INTO trip_route (trip_id, order_num, object_id, name) VALUES (6422, 4, NULL, 'пер. Салык-ашу(2Б, 4 450 м)151');
INSERT INTO trip_route (trip_id, order_num, object_id, name) VALUES (6422, 5, NULL, 'пер. Пятерочка (2А,4240)');
INSERT INTO trip_route (trip_id, order_num, object_id, name) VALUES (6422, 6, NULL, 'ледник Проценко');
INSERT INTO trip_route (trip_id, order_num, object_id, name) VALUES (6422, 7, NULL, 'пер. Аламединские Зубья(3А, 4 540 м)132');
INSERT INTO trip_route (trip_id, order_num, object_id, name) VALUES (6422, 8, NULL, 'р. Аламедин');
INSERT INTO trip_route (trip_id, order_num, object_id, name) VALUES (6422, 9, NULL, 'р. Ашутор');
INSERT INTO trip_route (trip_id, order_num, object_id, name) VALUES (6422, 10, NULL, 'ледник Прогонный');
INSERT INTO trip_route (trip_id, order_num, object_id, name) VALUES (6422, 11, NULL, 'пер. Чон-Чиккан Восточный(2А, 4 200 м)33');
INSERT INTO trip_route (trip_id, order_num, object_id, name) VALUES (6422, 12, NULL, 'пер. Чон-Чиккан Центральный(2Б, 4 300 м)34');
INSERT INTO trip_route (trip_id, order_num, object_id, name) VALUES (6422, 13, NULL, 'ледник Туюктор');
INSERT INTO trip_route (trip_id, order_num, object_id, name) VALUES (6422, 14, NULL, 'пер. Москва(3А, 4 450 м)45');
INSERT INTO trip_route (trip_id, order_num, object_id, name) VALUES (6422, 15, NULL, 'р. Западный Каракол');
INSERT INTO trip_route (trip_id, order_num, object_id, name) VALUES (6422, 16, NULL, 'р. Баш-Ала-Арча');
INSERT INTO trip_route (trip_id, order_num, object_id, name) VALUES (6422, 17, NULL, 'пер. Внезапный (1Б,4020,п/п)');
INSERT INTO trip_route (trip_id, order_num, object_id, name) VALUES (6422, 18, NULL, 'р. Ала-Арча');
INSERT INTO trip_route (trip_id, order_num, object_id, name) VALUES (6422, 19, NULL, 'а/л');
INSERT INTO trips (id, type, region_id, difficulty, season, author, city)
                VALUES (6610, 'Велосипедный поход', NULL, 
                '3 к.с.', 'май 2018', 'Вастаев А. Э.
                    

Маршрут', NULL);
INSERT INTO trip_route (trip_id, order_num, object_id, name) VALUES (6610, 0, NULL, 'Старотитаровская (Краснодарский кр.)');
INSERT INTO trip_route (trip_id, order_num, object_id, name) VALUES (6610, 1, NULL, 'Порт Кавказ');
INSERT INTO trip_route (trip_id, order_num, object_id, name) VALUES (6610, 2, NULL, 'Керчь');
INSERT INTO trip_route (trip_id, order_num, object_id, name) VALUES (6610, 3, NULL, 'Ленино');
INSERT INTO trip_route (trip_id, order_num, object_id, name) VALUES (6610, 4, NULL, 'Каменское');
INSERT INTO trip_route (trip_id, order_num, object_id, name) VALUES (6610, 5, NULL, 'Владиславовка');
INSERT INTO trip_route (trip_id, order_num, object_id, name) VALUES (6610, 6, NULL, 'Феодосия');
INSERT INTO trip_route (trip_id, order_num, object_id, name) VALUES (6610, 7, NULL, 'Подгорное');
INSERT INTO trip_route (trip_id, order_num, object_id, name) VALUES (6610, 8, NULL, 'Коктебель');
INSERT INTO trip_route (trip_id, order_num, object_id, name) VALUES (6610, 9, NULL, 'Щебетовка');
INSERT INTO trip_route (trip_id, order_num, object_id, name) VALUES (6610, 10, NULL, 'Солнечная Долина');
INSERT INTO trip_route (trip_id, order_num, object_id, name) VALUES (6610, 11, NULL, 'мыс Меганом');
INSERT INTO trip_route (trip_id, order_num, object_id, name) VALUES (6610, 12, NULL, 'Судак');
INSERT INTO trip_route (trip_id, order_num, object_id, name) VALUES (6610, 13, NULL, 'Дачное');
INSERT INTO trip_route (trip_id, order_num, object_id, name) VALUES (6610, 14, NULL, 'Лесное');
INSERT INTO trip_route (trip_id, order_num, object_id, name) VALUES (6610, 15, NULL, 'т/с Эски-юрт');
INSERT INTO trip_route (trip_id, order_num, object_id, name) VALUES (6610, 16, NULL, 'хр. Хамбал');
INSERT INTO trip_route (trip_id, order_num, object_id, name) VALUES (6610, 17, NULL, 'т/с Маски');
INSERT INTO trip_route (trip_id, order_num, object_id, name) VALUES (6610, 18, NULL, 'г. Айваз-кая');
INSERT INTO trip_route (trip_id, order_num, object_id, name) VALUES (6610, 19, NULL, 'г. Кок-таш');
INSERT INTO trip_route (trip_id, order_num, object_id, name) VALUES (6610, 20, NULL, 'Поворотное');
INSERT INTO trip_route (trip_id, order_num, object_id, name) VALUES (6610, 21, NULL, 'Алексеевка');
INSERT INTO trip_route (trip_id, order_num, object_id, name) VALUES (6610, 22, NULL, 'Красноселовка');
INSERT INTO trip_route (trip_id, order_num, object_id, name) VALUES (6610, 23, NULL, 'плато Караби-яйла');
INSERT INTO trip_route (trip_id, order_num, object_id, name) VALUES (6610, 24, NULL, 'т/с Восточный Суат');
INSERT INTO trip_route (trip_id, order_num, object_id, name) VALUES (6610, 25, NULL, 'т/с Партизанская поляна');
INSERT INTO trip_route (trip_id, order_num, object_id, name) VALUES (6610, 26, NULL, 'Буковый Кордон');
INSERT INTO trip_route (trip_id, order_num, object_id, name) VALUES (6610, 27, NULL, 'Чайковское');
INSERT INTO trip_route (trip_id, order_num, object_id, name) VALUES (6610, 28, NULL, 'Андрусово');
INSERT INTO trip_route (trip_id, order_num, object_id, name) VALUES (6610, 29, NULL, 'Партизанское');
INSERT INTO trip_route (trip_id, order_num, object_id, name) VALUES (6610, 30, NULL, 'Тополи');
INSERT INTO trip_route (trip_id, order_num, object_id, name) VALUES (6610, 31, NULL, 'Бахчисарай');
INSERT INTO trip_route (trip_id, order_num, object_id, name) VALUES (6610, 32, NULL, 'Баштановка');
INSERT INTO trip_route (trip_id, order_num, object_id, name) VALUES (6610, 33, NULL, 'Высокое');
INSERT INTO trip_route (trip_id, order_num, object_id, name) VALUES (6610, 34, NULL, 'Аромат');
INSERT INTO trip_route (trip_id, order_num, object_id, name) VALUES (6610, 35, NULL, 'Соколиное');
INSERT INTO trip_route (trip_id, order_num, object_id, name) VALUES (6610, 36, NULL, 'Охотничье');
INSERT INTO trip_route (trip_id, order_num, object_id, name) VALUES (6610, 37, NULL, 'г.Купол');
INSERT INTO trip_route (trip_id, order_num, object_id, name) VALUES (6610, 38, NULL, 'кордон Данила');
INSERT INTO trip_route (trip_id, order_num, object_id, name) VALUES (6610, 39, NULL, 'кордон Чайный домик');
INSERT INTO trip_route (trip_id, order_num, object_id, name) VALUES (6610, 40, NULL, 'Соколиное');
INSERT INTO trip_route (trip_id, order_num, object_id, name) VALUES (6610, 41, NULL, 'Аромат');
INSERT INTO trip_route (trip_id, order_num, object_id, name) VALUES (6610, 42, NULL, 'Куйбышево');
INSERT INTO trip_route (trip_id, order_num, object_id, name) VALUES (6610, 43, NULL, 'Танковое');
INSERT INTO trip_route (trip_id, order_num, object_id, name) VALUES (6610, 44, NULL, 'Бахчисарай');
INSERT INTO trips (id, type, region_id, difficulty, season, author, city)
                VALUES (5095, 'Горный поход', 7, 
                '2 к.с.', 'июль 2015', 'Грашин К. С.
                    

Маршрут', NULL);
INSERT INTO trip_route (trip_id, order_num, object_id, name) VALUES (5095, 0, NULL, 'г. Москва');
INSERT INTO trip_route (trip_id, order_num, object_id, name) VALUES (5095, 1, NULL, 'г. Минеральные Воды');
INSERT INTO trip_route (trip_id, order_num, object_id, name) VALUES (5095, 2, NULL, 'п. В. Баксан');
INSERT INTO trip_route (trip_id, order_num, object_id, name) VALUES (5095, 3, NULL, 'р. Сылтрансу ("Розовые ночевки")');
INSERT INTO trip_route (trip_id, order_num, object_id, name) VALUES (5095, 4, NULL, 'оз. Сылтранкель');
INSERT INTO trip_route (trip_id, order_num, object_id, name) VALUES (5095, 5, NULL, 'связка пер. Сылтран (3478)');
INSERT INTO trip_route (trip_id, order_num, object_id, name) VALUES (5095, 6, NULL, 'вер. 3548 (3570)');
INSERT INTO trip_route (trip_id, order_num, object_id, name) VALUES (5095, 7, NULL, 'рад.пер. Сылтран Восточный(1А, 3 478 м)64');
INSERT INTO trip_route (trip_id, order_num, object_id, name) VALUES (5095, 8, NULL, 'оз. Сылтранкель');
INSERT INTO trip_route (trip_id, order_num, object_id, name) VALUES (5095, 9, NULL, 'пер. Грач Нижний(1Б)204');
INSERT INTO trip_route (trip_id, order_num, object_id, name) VALUES (5095, 10, NULL, 'лед. Мукал');
INSERT INTO trip_route (trip_id, order_num, object_id, name) VALUES (5095, 11, NULL, 'р. Мукал');
INSERT INTO trip_route (trip_id, order_num, object_id, name) VALUES (5095, 12, NULL, 'р. Мкяра');
INSERT INTO trip_route (trip_id, order_num, object_id, name) VALUES (5095, 13, NULL, 'р. Кыртык');
INSERT INTO trip_route (trip_id, order_num, object_id, name) VALUES (5095, 14, NULL, 'р. Субаши');
INSERT INTO trip_route (trip_id, order_num, object_id, name) VALUES (5095, 15, NULL, 'пер. Джикаугенкез(1Б, 3 520 м)3030');
INSERT INTO trip_route (trip_id, order_num, object_id, name) VALUES (5095, 16, NULL, 'лед. Джикаугенкёз17');
INSERT INTO trip_route (trip_id, order_num, object_id, name) VALUES (5095, 17, NULL, 'пер. Исламчат(н/к, 3 100 м)1229');
INSERT INTO trip_route (trip_id, order_num, object_id, name) VALUES (5095, 18, NULL, 'пер. Каракайский Северный(н/к, 2 880 м)1715');
INSERT INTO trip_route (trip_id, order_num, object_id, name) VALUES (5095, 19, NULL, 'ур. Джилысу');
INSERT INTO trip_route (trip_id, order_num, object_id, name) VALUES (5095, 20, NULL, 'р. Кызынкол');
INSERT INTO trip_route (trip_id, order_num, object_id, name) VALUES (5095, 21, NULL, 'пл. Ирахиксырт');
INSERT INTO trip_route (trip_id, order_num, object_id, name) VALUES (5095, 22, NULL, 'лед. Уллучиран9');
INSERT INTO trip_route (trip_id, order_num, object_id, name) VALUES (5095, 23, NULL, 'пер. Балкбаши(1А, 3 691 м)1922');
INSERT INTO trip_route (trip_id, order_num, object_id, name) VALUES (5095, 24, NULL, 'р. Битюктюбекол');
INSERT INTO trip_route (trip_id, order_num, object_id, name) VALUES (5095, 25, NULL, 'р. Уллухурзук');
INSERT INTO trip_route (trip_id, order_num, object_id, name) VALUES (5095, 26, NULL, 'пос. Хурзук');
INSERT INTO trip_route (trip_id, order_num, object_id, name) VALUES (5095, 27, NULL, 'р. Кубань');
INSERT INTO trip_route (trip_id, order_num, object_id, name) VALUES (5095, 28, NULL, 'р. Уллукам');
INSERT INTO trip_route (trip_id, order_num, object_id, name) VALUES (5095, 29, NULL, 'пер. Хотютау(1Б, 3 546 м)2274');
INSERT INTO trip_route (trip_id, order_num, object_id, name) VALUES (5095, 30, NULL, 'лед. Азау Большой18');
INSERT INTO trip_route (trip_id, order_num, object_id, name) VALUES (5095, 31, NULL, 'ст. Старый кругозор');
INSERT INTO trip_route (trip_id, order_num, object_id, name) VALUES (5095, 32, NULL, 'ст. Азау');
INSERT INTO trip_route (trip_id, order_num, object_id, name) VALUES (5095, 33, NULL, 'пос. Терскол');
INSERT INTO trip_route (trip_id, order_num, object_id, name) VALUES (5095, 34, NULL, 'г. Минеральные Воды');
INSERT INTO trip_route (trip_id, order_num, object_id, name) VALUES (5095, 35, NULL, 'г. Москва');
INSERT INTO trips (id, type, region_id, difficulty, season, author, city)
                VALUES (4986, 'Горный поход', 7, 
                '2 к.с.', 'июль 2015', 'Попов М. А.
                    

Маршрут', NULL);
INSERT INTO trip_route (trip_id, order_num, object_id, name) VALUES (4986, 0, NULL, 'пос. Верх. Баксан');
INSERT INTO trip_route (trip_id, order_num, object_id, name) VALUES (4986, 1, NULL, 'оз. Сылтранкёль431');
INSERT INTO trip_route (trip_id, order_num, object_id, name) VALUES (4986, 2, NULL, 'пер. Сылтран Восточный(1А, 3 478 м)6122');
INSERT INTO trip_route (trip_id, order_num, object_id, name) VALUES (4986, 3, NULL, 'вер. Сылтран (3548, рад.)');
INSERT INTO trip_route (trip_id, order_num, object_id, name) VALUES (4986, 4, NULL, 'пер. Грач Нижний(1Б)2073');
INSERT INTO trip_route (trip_id, order_num, object_id, name) VALUES (4986, 5, NULL, 'д.р. Мукал');
INSERT INTO trip_route (trip_id, order_num, object_id, name) VALUES (4986, 6, NULL, 'д.р. Мкяра');
INSERT INTO trip_route (trip_id, order_num, object_id, name) VALUES (4986, 7, NULL, 'д.р. Кыртык');
INSERT INTO trip_route (trip_id, order_num, object_id, name) VALUES (4986, 8, NULL, 'д.р. Уллуесенчи');
INSERT INTO trip_route (trip_id, order_num, object_id, name) VALUES (4986, 9, NULL, 'пер. Кыртык Верхний(1Б, 3 399 м)684');
INSERT INTO trip_route (trip_id, order_num, object_id, name) VALUES (4986, 10, NULL, 'пер. Кыртык Нижний(1А, 3 143 м)55');
INSERT INTO trip_route (trip_id, order_num, object_id, name) VALUES (4986, 11, NULL, 'пер. Каракая Северный(н/к, 2 880 м)17356');
INSERT INTO trip_route (trip_id, order_num, object_id, name) VALUES (4986, 12, NULL, 'ур. Джилысу6277');
INSERT INTO trip_route (trip_id, order_num, object_id, name) VALUES (4986, 13, NULL, 'лед. плато Джикаугенкез');
INSERT INTO trip_route (trip_id, order_num, object_id, name) VALUES (4986, 14, NULL, 'пер. Ирикчат(1Б*, 3 667 м)47828');
INSERT INTO trip_route (trip_id, order_num, object_id, name) VALUES (4986, 15, NULL, 'пос. Эльбрус');
INSERT INTO trip_route (trip_id, order_num, object_id, name) VALUES (4986, 16, NULL, 'а/л Джантуган1329');
INSERT INTO trip_route (trip_id, order_num, object_id, name) VALUES (4986, 17, NULL, 'пер. Койавганауш(1А, 3 500 м)423610');
INSERT INTO trip_route (trip_id, order_num, object_id, name) VALUES (4986, 18, NULL, 'а/л Улутау');
INSERT INTO trip_route (trip_id, order_num, object_id, name) VALUES (4986, 19, NULL, 'пос. В. Баксан');
INSERT INTO trips (id, type, region_id, difficulty, season, author, city)
                VALUES (7955, 'Пеший поход', NULL, 
                '2 к.с.', 'июль 2022', 'Сухомлинов Владимир Владимирович
                    

Город', NULL);
INSERT INTO trip_route (trip_id, order_num, object_id, name) VALUES (7955, 0, NULL, 'пл. "110 км"');
INSERT INTO trip_route (trip_id, order_num, object_id, name) VALUES (7955, 1, NULL, 'р. Мал. Пайпудына');
INSERT INTO trip_route (trip_id, order_num, object_id, name) VALUES (7955, 2, NULL, 'р. Бол.Пайпудына');
INSERT INTO trip_route (trip_id, order_num, object_id, name) VALUES (7955, 3, NULL, 'р. Бол. Уса');
INSERT INTO trip_route (trip_id, order_num, object_id, name) VALUES (7955, 4, NULL, 'пер. Гэнахадатинский (н/к)');
INSERT INTO trip_route (trip_id, order_num, object_id, name) VALUES (7955, 5, NULL, 'пер. Плоский (н/к)');
INSERT INTO trip_route (trip_id, order_num, object_id, name) VALUES (7955, 6, NULL, 'р. Бол. Хадата');
INSERT INTO trip_route (trip_id, order_num, object_id, name) VALUES (7955, 7, NULL, 'руч. Воргашор');
INSERT INTO trip_route (trip_id, order_num, object_id, name) VALUES (7955, 8, NULL, 'оз. Бол. Щучье');
INSERT INTO trip_route (trip_id, order_num, object_id, name) VALUES (7955, 9, NULL, 'оз. Усваты');
INSERT INTO trip_route (trip_id, order_num, object_id, name) VALUES (7955, 10, NULL, 'р. Мал. Уса');
INSERT INTO trip_route (trip_id, order_num, object_id, name) VALUES (7955, 11, NULL, '72 км дороги до "Уральский береговой участок газопровода Бованенково');
INSERT INTO trip_route (trip_id, order_num, object_id, name) VALUES (7955, 12, NULL, 'Ухта"');
INSERT INTO trips (id, type, region_id, difficulty, season, author, city)
                VALUES (6887, 'Пеший поход', NULL, 
                '1 к.с.', 'май 2019', 'Ермолаев К.А.
                    

Город', NULL);
INSERT INTO trip_route (trip_id, order_num, object_id, name) VALUES (6887, 0, NULL, 'г. Казань (авто)');
INSERT INTO trip_route (trip_id, order_num, object_id, name) VALUES (6887, 1, NULL, 'с. Верх. Катав');
INSERT INTO trip_route (trip_id, order_num, object_id, name) VALUES (6887, 2, NULL, 'р. Башкирский Ключ');
INSERT INTO trip_route (trip_id, order_num, object_id, name) VALUES (6887, 3, NULL, 'р. Куткурка');
INSERT INTO trip_route (trip_id, order_num, object_id, name) VALUES (6887, 4, NULL, 'хр. Зигальга (через Александровский провал)');
INSERT INTO trip_route (trip_id, order_num, object_id, name) VALUES (6887, 5, NULL, 'руч. Сухой');
INSERT INTO trip_route (trip_id, order_num, object_id, name) VALUES (6887, 6, NULL, 'дол. р. Юрюзань');
INSERT INTO trip_route (trip_id, order_num, object_id, name) VALUES (6887, 7, NULL, 'пос. Тюлюк');
INSERT INTO trip_route (trip_id, order_num, object_id, name) VALUES (6887, 8, NULL, 'р. Карагайка');
INSERT INTO trip_route (trip_id, order_num, object_id, name) VALUES (6887, 9, NULL, 'подножие г. Бол. Иремель');
INSERT INTO trip_route (trip_id, order_num, object_id, name) VALUES (6887, 10, NULL, 'р. Тюлюк');
INSERT INTO trip_route (trip_id, order_num, object_id, name) VALUES (6887, 11, NULL, 'пос. Тюлюк');
INSERT INTO trip_route (trip_id, order_num, object_id, name) VALUES (6887, 12, NULL, 'мост через р. Березяк');
INSERT INTO trip_route (trip_id, order_num, object_id, name) VALUES (6887, 13, NULL, 'руч. Каменный');
INSERT INTO trip_route (trip_id, order_num, object_id, name) VALUES (6887, 14, NULL, 'р. Березяк');
INSERT INTO trip_route (trip_id, order_num, object_id, name) VALUES (6887, 15, NULL, 'мост через р. Березяк');
INSERT INTO trip_route (trip_id, order_num, object_id, name) VALUES (6887, 16, NULL, 'р. Березяк');
INSERT INTO trip_route (trip_id, order_num, object_id, name) VALUES (6887, 17, NULL, 'мост через р. Березяк');
INSERT INTO trip_route (trip_id, order_num, object_id, name) VALUES (6887, 18, NULL, 'ур. Ниж. Калагаза');
INSERT INTO trip_route (trip_id, order_num, object_id, name) VALUES (6887, 19, NULL, 'мост ч/з р. Бол. Калагаза');
INSERT INTO trip_route (trip_id, order_num, object_id, name) VALUES (6887, 20, NULL, 'г. Казань (авто)');
INSERT INTO trips (id, type, region_id, difficulty, season, author, city)
                VALUES (2629, 'Лыжный поход', NULL, 
                '5 к.с.', 'март 1983', 'Биргер А.Г.
                    

Город', NULL);
INSERT INTO trip_route (trip_id, order_num, object_id, name) VALUES (2629, 0, NULL, 'п.Кызыл-Мааны');
INSERT INTO trip_route (trip_id, order_num, object_id, name) VALUES (2629, 1, NULL, 'р.Кара-Оюк');
INSERT INTO trip_route (trip_id, order_num, object_id, name) VALUES (2629, 2, NULL, 'руч.Ядринцева');
INSERT INTO trip_route (trip_id, order_num, object_id, name) VALUES (2629, 3, NULL, 'рад/в на лед.Ядринцева,пер.Экспедиции');
INSERT INTO trip_route (trip_id, order_num, object_id, name) VALUES (2629, 4, NULL, 'Ветренный(1Б)');
INSERT INTO trip_route (trip_id, order_num, object_id, name) VALUES (2629, 5, NULL, 'Ядринцева(2А)');
INSERT INTO trip_route (trip_id, order_num, object_id, name) VALUES (2629, 6, NULL, 'Крепостная, ст.(1Б');
INSERT INTO trip_route (trip_id, order_num, object_id, name) VALUES (2629, 7, NULL, '2А)');
INSERT INTO trip_route (trip_id, order_num, object_id, name) VALUES (2629, 8, NULL, 'М.Кагана(1А)');
INSERT INTO trip_route (trip_id, order_num, object_id, name) VALUES (2629, 9, NULL, 'пер.Кара-Оюк(1А)');
INSERT INTO trip_route (trip_id, order_num, object_id, name) VALUES (2629, 10, NULL, 'р.Мен-Булак');
INSERT INTO trip_route (trip_id, order_num, object_id, name) VALUES (2629, 11, NULL, 'пер. Снежный(2А, 4 044 м)31');
INSERT INTO trip_route (trip_id, order_num, object_id, name) VALUES (2629, 12, NULL, 'р.В.Ак-Карасу');
INSERT INTO trip_route (trip_id, order_num, object_id, name) VALUES (2629, 13, NULL, 'р.З.Ак-Карасу');
INSERT INTO trip_route (trip_id, order_num, object_id, name) VALUES (2629, 14, NULL, 'пер. Сапожникова(2А, 3 380 м)8');
INSERT INTO trip_route (trip_id, order_num, object_id, name) VALUES (2629, 15, NULL, 'лед. Софийский332');
INSERT INTO trip_route (trip_id, order_num, object_id, name) VALUES (2629, 16, NULL, 'пер. Гребешок(2А, 3 050 м)11');
INSERT INTO trip_route (trip_id, order_num, object_id, name) VALUES (2629, 17, NULL, 'лед. Большая Талдура11353');
INSERT INTO trip_route (trip_id, order_num, object_id, name) VALUES (2629, 18, NULL, 'р.Талдура');
INSERT INTO trip_route (trip_id, order_num, object_id, name) VALUES (2629, 19, NULL, 'пер. Переметный(1Б, 3 400 м)4434');
INSERT INTO trip_route (trip_id, order_num, object_id, name) VALUES (2629, 20, NULL, 'р.Атбажа');
INSERT INTO trip_route (trip_id, order_num, object_id, name) VALUES (2629, 21, NULL, 'р.Карагем');
INSERT INTO trip_route (trip_id, order_num, object_id, name) VALUES (2629, 22, NULL, 'р.Абыл-Оюк');
INSERT INTO trip_route (trip_id, order_num, object_id, name) VALUES (2629, 23, NULL, 'пер. Абыл-Оюк(1Б*, 3 220 м)1495');
INSERT INTO trip_route (trip_id, order_num, object_id, name) VALUES (2629, 24, NULL, 'пер. Зелинского(2Б, 3 380 м)6206');
INSERT INTO trip_route (trip_id, order_num, object_id, name) VALUES (2629, 25, NULL, 'р.Л.Юнгур');
INSERT INTO trip_route (trip_id, order_num, object_id, name) VALUES (2629, 26, NULL, 'р.Юнгур');
INSERT INTO trip_route (trip_id, order_num, object_id, name) VALUES (2629, 27, NULL, 'р.Аргут');
INSERT INTO trip_route (trip_id, order_num, object_id, name) VALUES (2629, 28, NULL, 'р.Кулагаш');
INSERT INTO trip_route (trip_id, order_num, object_id, name) VALUES (2629, 29, NULL, 'пер.Л.Кулагаш(1Б)');
INSERT INTO trip_route (trip_id, order_num, object_id, name) VALUES (2629, 30, NULL, 'лед.Куркуре');
INSERT INTO trip_route (trip_id, order_num, object_id, name) VALUES (2629, 31, NULL, 'пер. Туристов(2А, 3 300 м)437');
INSERT INTO trip_route (trip_id, order_num, object_id, name) VALUES (2629, 32, NULL, 'лед. Менсу3888');
INSERT INTO trip_route (trip_id, order_num, object_id, name) VALUES (2629, 33, NULL, 'р.вых.пер.Бол.Берельское Седло(ЗА)');
INSERT INTO trip_route (trip_id, order_num, object_id, name) VALUES (2629, 34, NULL, 'пер. Титова(2А, 3 220 м)549');
INSERT INTO trip_route (trip_id, order_num, object_id, name) VALUES (2629, 35, NULL, 'лед. Аккемский5510');
INSERT INTO trip_route (trip_id, order_num, object_id, name) VALUES (2629, 36, NULL, 'гсм"Аккем"');
INSERT INTO trip_route (trip_id, order_num, object_id, name) VALUES (2629, 37, NULL, 'р.Аккем');
INSERT INTO trip_route (trip_id, order_num, object_id, name) VALUES (2629, 38, NULL, 'пер. Кузуяк(н/к, 1 840 м)8111');
INSERT INTO trip_route (trip_id, order_num, object_id, name) VALUES (2629, 39, NULL, 'пос.Тюнгур');
INSERT INTO trips (id, type, region_id, difficulty, season, author, city)
                VALUES (1890, 'Пеший поход', NULL, 
                '5 к.с.', 'август 1977', 'Маркиш И.
                    

Маршрут', NULL);
INSERT INTO trip_route (trip_id, order_num, object_id, name) VALUES (1890, 0, NULL, 'пос.Кзыл-Маны');
INSERT INTO trip_route (trip_id, order_num, object_id, name) VALUES (1890, 1, NULL, 'р.Талдура');
INSERT INTO trip_route (trip_id, order_num, object_id, name) VALUES (1890, 2, NULL, 'пер. Талдуринский(1Б, 3 400 м)5221');
INSERT INTO trip_route (trip_id, order_num, object_id, name) VALUES (1890, 3, NULL, 'пер. Анитим(1Б, 3 100 м)242');
INSERT INTO trip_route (trip_id, order_num, object_id, name) VALUES (1890, 4, NULL, 'р.Карагем');
INSERT INTO trip_route (trip_id, order_num, object_id, name) VALUES (1890, 5, NULL, 'пер.Тамма-Маашей');
INSERT INTO trip_route (trip_id, order_num, object_id, name) VALUES (1890, 6, NULL, 'пер.В.Шавлинский');
INSERT INTO trip_route (trip_id, order_num, object_id, name) VALUES (1890, 7, NULL, 'пер. Москвич(1Б, 3 075 м)573');
INSERT INTO trip_route (trip_id, order_num, object_id, name) VALUES (1890, 8, NULL, 'пер. Горьковчан(1Б, 2 800 м)3');
INSERT INTO trip_route (trip_id, order_num, object_id, name) VALUES (1890, 9, NULL, 'р.Кара-Айры');
INSERT INTO trip_route (trip_id, order_num, object_id, name) VALUES (1890, 10, NULL, 'пер. Стройгаз(1Б, 3 200 м)134');
INSERT INTO trip_route (trip_id, order_num, object_id, name) VALUES (1890, 11, NULL, 'пер. Переметный(1Б, 3 400 м)4455');
INSERT INTO trip_route (trip_id, order_num, object_id, name) VALUES (1890, 12, NULL, 'пер. Химик(2А, 3 552 м)66');
INSERT INTO trip_route (trip_id, order_num, object_id, name) VALUES (1890, 13, NULL, 'пер. Черноморец(2А, 3 400 м)97');
INSERT INTO trip_route (trip_id, order_num, object_id, name) VALUES (1890, 14, NULL, 'пер. Безымянный(1А, 3 000 м)148');
INSERT INTO trip_route (trip_id, order_num, object_id, name) VALUES (1890, 15, NULL, 'пер. Снежный(2А, 4 044 м)39');
INSERT INTO trip_route (trip_id, order_num, object_id, name) VALUES (1890, 16, NULL, 'пер.Мен-Булак');
INSERT INTO trip_route (trip_id, order_num, object_id, name) VALUES (1890, 17, NULL, 'л.Кара-Оюк Вост.');
INSERT INTO trip_route (trip_id, order_num, object_id, name) VALUES (1890, 18, NULL, 'пос.Кзыл-Маны');
INSERT INTO trips (id, type, region_id, difficulty, season, author, city)
                VALUES (4718, 'Пеший поход', NULL, 
                '4 к.с.', 'август 2009', 'Костерин А.А.
                    

Город', NULL);
INSERT INTO trip_route (trip_id, order_num, object_id, name) VALUES (4718, 0, NULL, 'п.Кучерла');
INSERT INTO trip_route (trip_id, order_num, object_id, name) VALUES (4718, 1, NULL, 'руч.Аласкыр');
INSERT INTO trip_route (trip_id, order_num, object_id, name) VALUES (4718, 2, NULL, 'пер. Кузуяк(н/к, 1 840 м)831');
INSERT INTO trip_route (trip_id, order_num, object_id, name) VALUES (4718, 3, NULL, 'руч.Кузуяк');
INSERT INTO trip_route (trip_id, order_num, object_id, name) VALUES (4718, 4, NULL, 'р.Аккем');
INSERT INTO trip_route (trip_id, order_num, object_id, name) VALUES (4718, 5, NULL, 'оз.Аккемское');
INSERT INTO trip_route (trip_id, order_num, object_id, name) VALUES (4718, 6, NULL, 'р.Караюк');
INSERT INTO trip_route (trip_id, order_num, object_id, name) VALUES (4718, 7, NULL, 'пер. Карачик(1Б, 3 000 м)122');
INSERT INTO trip_route (trip_id, order_num, object_id, name) VALUES (4718, 8, NULL, 'оз.Менсу');
INSERT INTO trip_route (trip_id, order_num, object_id, name) VALUES (4718, 9, NULL, 'р.Менсу');
INSERT INTO trip_route (trip_id, order_num, object_id, name) VALUES (4718, 10, NULL, 'лдн.Менсу(1А)');
INSERT INTO trip_route (trip_id, order_num, object_id, name) VALUES (4718, 11, NULL, 'пер. Веселый(1Б, 3 000 м)63');
INSERT INTO trip_route (trip_id, order_num, object_id, name) VALUES (4718, 12, NULL, 'пер. Солнца(1Б, 3 000 м)34');
INSERT INTO trip_route (trip_id, order_num, object_id, name) VALUES (4718, 13, NULL, 'лдн.Куркуре(1А)');
INSERT INTO trip_route (trip_id, order_num, object_id, name) VALUES (4718, 14, NULL, 'пер. Туристов(2А, 3 300 м)435');
INSERT INTO trip_route (trip_id, order_num, object_id, name) VALUES (4718, 15, NULL, 'лдн.Менсу(1А)');
INSERT INTO trip_route (trip_id, order_num, object_id, name) VALUES (4718, 16, NULL, 'пер. Титова(2А, 3 220 м)556');
INSERT INTO trip_route (trip_id, order_num, object_id, name) VALUES (4718, 17, NULL, 'лдн.Аккемский(1Б)');
INSERT INTO trip_route (trip_id, order_num, object_id, name) VALUES (4718, 18, NULL, 'рад.пер. Делоне(2Б, 3 400 м)457');
INSERT INTO trip_route (trip_id, order_num, object_id, name) VALUES (4718, 19, NULL, 'лдн.Аккемский');
INSERT INTO trip_route (trip_id, order_num, object_id, name) VALUES (4718, 20, NULL, 'р.Аккем');
INSERT INTO trip_route (trip_id, order_num, object_id, name) VALUES (4718, 21, NULL, 'пер. Барнаульский(3А, 3 900 м)2');
INSERT INTO trip_route (trip_id, order_num, object_id, name) VALUES (4718, 22, NULL, 'оз.Аккоюк');
INSERT INTO trip_route (trip_id, order_num, object_id, name) VALUES (4718, 23, NULL, 'пер. Буревестник(2А, 2 900 м)348');
INSERT INTO trip_route (trip_id, order_num, object_id, name) VALUES (4718, 24, NULL, 'оз.Кучерлинское');
INSERT INTO trip_route (trip_id, order_num, object_id, name) VALUES (4718, 25, NULL, 'р.Кучерла');
INSERT INTO trip_route (trip_id, order_num, object_id, name) VALUES (4718, 26, NULL, 'п.Тюнгур.');
INSERT INTO trips (id, type, region_id, difficulty, season, author, city)
                VALUES (1864, 'Лыжный поход', NULL, 
                '4 к.с.', 'март 1977', 'Гаврилов А.А.
                    

Город', NULL);
INSERT INTO trip_route (trip_id, order_num, object_id, name) VALUES (1864, 0, NULL, 'п.Тюнгур');
INSERT INTO trip_route (trip_id, order_num, object_id, name) VALUES (1864, 1, NULL, 'р.Кучерла');
INSERT INTO trip_route (trip_id, order_num, object_id, name) VALUES (1864, 2, NULL, 'оз.Кучерлйнсиое');
INSERT INTO trip_route (trip_id, order_num, object_id, name) VALUES (1864, 3, NULL, 'р.Кони-Айры');
INSERT INTO trip_route (trip_id, order_num, object_id, name) VALUES (1864, 4, NULL, 'пер. Кони-Айры(2А*, 3 125 м)141');
INSERT INTO trip_route (trip_id, order_num, object_id, name) VALUES (1864, 5, NULL, 'оз.Кучерлинское');
INSERT INTO trip_route (trip_id, order_num, object_id, name) VALUES (1864, 6, NULL, 'пер. Рижский(н/к, 2 600 м)132');
INSERT INTO trip_route (trip_id, order_num, object_id, name) VALUES (1864, 7, NULL, 'пер. Туристов(2А, 3 300 м)433');
INSERT INTO trip_route (trip_id, order_num, object_id, name) VALUES (1864, 8, NULL, 'оз.Аккемское(ГМС)');
INSERT INTO trip_route (trip_id, order_num, object_id, name) VALUES (1864, 9, NULL, 'лед.Акдемский');
INSERT INTO trip_route (trip_id, order_num, object_id, name) VALUES (1864, 10, NULL, 'р.Аккем');
INSERT INTO trip_route (trip_id, order_num, object_id, name) VALUES (1864, 11, NULL, 'пер. Ярлу-Боч(1А, 2 800 м)124');
INSERT INTO trip_route (trip_id, order_num, object_id, name) VALUES (1864, 12, NULL, 'пер.Сулу-Боч(1А)');
INSERT INTO trip_route (trip_id, order_num, object_id, name) VALUES (1864, 13, NULL, 'р.Сулу- Айры');
INSERT INTO trip_route (trip_id, order_num, object_id, name) VALUES (1864, 14, NULL, 'р.Коир');
INSERT INTO trip_route (trip_id, order_num, object_id, name) VALUES (1864, 15, NULL, 'р.Батыр-Гам');
INSERT INTO trip_route (trip_id, order_num, object_id, name) VALUES (1864, 16, NULL, 'пер. "Безымянный" (1А)');
INSERT INTO trip_route (trip_id, order_num, object_id, name) VALUES (1864, 17, NULL, 'р.Барткем');
INSERT INTO trip_route (trip_id, order_num, object_id, name) VALUES (1864, 18, NULL, 'р.Катунь');
INSERT INTO trip_route (trip_id, order_num, object_id, name) VALUES (1864, 19, NULL, 'пос.Иенегень');
INSERT INTO trip_route (trip_id, order_num, object_id, name) VALUES (1864, 20, NULL, 'пос.Иня');
INSERT INTO trips (id, type, region_id, difficulty, season, author, city)
                VALUES (6619, 'Лыжный поход', NULL, 
                '2 к.с.', 'март 2018', 'Гашев С. Б.   Маршрут', NULL);
INSERT INTO trip_route (trip_id, order_num, object_id, name) VALUES (6619, 0, NULL, 'г. Москва');
INSERT INTO trip_route (trip_id, order_num, object_id, name) VALUES (6619, 1, NULL, 'ст. Кузема');
INSERT INTO trip_route (trip_id, order_num, object_id, name) VALUES (6619, 2, NULL, 'побережье Белого моря');
INSERT INTO trip_route (trip_id, order_num, object_id, name) VALUES (6619, 3, NULL, 'д. Поньгома');
INSERT INTO trip_route (trip_id, order_num, object_id, name) VALUES (6619, 4, NULL, 'р. Летняя');
INSERT INTO trip_route (trip_id, order_num, object_id, name) VALUES (6619, 5, NULL, 'руч. Безымянный');
INSERT INTO trip_route (trip_id, order_num, object_id, name) VALUES (6619, 6, NULL, 'о. Студенцы');
INSERT INTO trip_route (trip_id, order_num, object_id, name) VALUES (6619, 7, NULL, 'о. Сосновец');
INSERT INTO trip_route (trip_id, order_num, object_id, name) VALUES (6619, 8, NULL, 'г. Ревяжья');
INSERT INTO trip_route (trip_id, order_num, object_id, name) VALUES (6619, 9, NULL, 'о. Конев');
INSERT INTO trip_route (trip_id, order_num, object_id, name) VALUES (6619, 10, NULL, 'о. Шуйостров');
INSERT INTO trip_route (trip_id, order_num, object_id, name) VALUES (6619, 11, NULL, 'ст. Шуерецкая');
INSERT INTO trip_route (trip_id, order_num, object_id, name) VALUES (6619, 12, NULL, 'г. Москва');
INSERT INTO trips (id, type, region_id, difficulty, season, author, city)
                VALUES (4972, 'Горный поход', 7, 
                '4 к.с.', 'июль 2015', 'Федин М.А.
                    

Маршрут', NULL);
INSERT INTO trip_route (trip_id, order_num, object_id, name) VALUES (4972, 0, NULL, 'пос. Верх. Баксан');
INSERT INTO trip_route (trip_id, order_num, object_id, name) VALUES (4972, 1, NULL, 'оз. Сылтранкёль431');
INSERT INTO trip_route (trip_id, order_num, object_id, name) VALUES (4972, 2, NULL, 'Траверс: в. Мукал (1Б, альп.)');
INSERT INTO trip_route (trip_id, order_num, object_id, name) VALUES (4972, 3, NULL, 'пер. Грач(1Б, 3 400 м)2232');
INSERT INTO trip_route (trip_id, order_num, object_id, name) VALUES (4972, 4, NULL, 'пер. Сылтран(н/к, 3 205 м)15633');
INSERT INTO trip_route (trip_id, order_num, object_id, name) VALUES (4972, 5, NULL, 'суммарно 1Б');
INSERT INTO trip_route (trip_id, order_num, object_id, name) VALUES (4972, 6, NULL, 'р. Мукал');
INSERT INTO trip_route (trip_id, order_num, object_id, name) VALUES (4972, 7, NULL, 'р. Мкяра');
INSERT INTO trip_route (trip_id, order_num, object_id, name) VALUES (4972, 8, NULL, 'р. Кыртык');
INSERT INTO trip_route (trip_id, order_num, object_id, name) VALUES (4972, 9, NULL, 'пос. Верх. Баксан');
INSERT INTO trip_route (trip_id, order_num, object_id, name) VALUES (4972, 10, NULL, 'р. Тютю-су');
INSERT INTO trip_route (trip_id, order_num, object_id, name) VALUES (4972, 11, NULL, 'Траверс: пер. Килар (1Б)');
INSERT INTO trip_route (trip_id, order_num, object_id, name) VALUES (4972, 12, NULL, 'пер. Кенчат (2А)');
INSERT INTO trip_route (trip_id, order_num, object_id, name) VALUES (4972, 13, NULL, 'г. Кенчатбаши(4 142 м)1914');
INSERT INTO trip_route (trip_id, order_num, object_id, name) VALUES (4972, 14, NULL, 'пер. Семеновского(2А, 3 850 м)21155');
INSERT INTO trip_route (trip_id, order_num, object_id, name) VALUES (4972, 15, NULL, 'суммарно 2А');
INSERT INTO trip_route (trip_id, order_num, object_id, name) VALUES (4972, 16, NULL, 'лед. Джайлык216');
INSERT INTO trip_route (trip_id, order_num, object_id, name) VALUES (4972, 17, NULL, 'пер. Седло Чегема(2Б, 3 956 м)3867');
INSERT INTO trip_route (trip_id, order_num, object_id, name) VALUES (4972, 18, NULL, 'лед. Чегемский');
INSERT INTO trip_route (trip_id, order_num, object_id, name) VALUES (4972, 19, NULL, 'руч. Малый Чегем');
INSERT INTO trip_route (trip_id, order_num, object_id, name) VALUES (4972, 20, NULL, 'р. Башиль-ауз-су');
INSERT INTO trip_route (trip_id, order_num, object_id, name) VALUES (4972, 21, NULL, 'т/б');
INSERT INTO trip_route (trip_id, order_num, object_id, name) VALUES (4972, 22, NULL, 'переезд до р. Адыр-су');
INSERT INTO trip_route (trip_id, order_num, object_id, name) VALUES (4972, 23, NULL, 'р. Адыр-су');
INSERT INTO trip_route (trip_id, order_num, object_id, name) VALUES (4972, 24, NULL, 'р. Куллумкол-су');
INSERT INTO trip_route (trip_id, order_num, object_id, name) VALUES (4972, 25, NULL, 'пер. Химик (3А)');
INSERT INTO trip_route (trip_id, order_num, object_id, name) VALUES (4972, 26, NULL, 'р. Адыр-су');
INSERT INTO trip_route (trip_id, order_num, object_id, name) VALUES (4972, 27, NULL, 'а/л');
INSERT INTO trip_route (trip_id, order_num, object_id, name) VALUES (4972, 28, NULL, 'руч. Койавганауш');
INSERT INTO trip_route (trip_id, order_num, object_id, name) VALUES (4972, 29, NULL, 'Траверс: пер. Жандарм (2Б, 3648)');
INSERT INTO trip_route (trip_id, order_num, object_id, name) VALUES (4972, 30, NULL, 'п. 1000-летия Ярославля(3 680 м)318');
INSERT INTO trip_route (trip_id, order_num, object_id, name) VALUES (4972, 31, NULL, 'пер. Чотчат (3А)');
INSERT INTO trip_route (trip_id, order_num, object_id, name) VALUES (4972, 32, NULL, 'г. Чотчат(3 737 м)2729');
INSERT INTO trip_route (trip_id, order_num, object_id, name) VALUES (4972, 33, NULL, 'суммарно 2Б');
INSERT INTO trip_route (trip_id, order_num, object_id, name) VALUES (4972, 34, NULL, 'лед. Джанкуат3210');
INSERT INTO trip_route (trip_id, order_num, object_id, name) VALUES (4972, 35, NULL, 'р. Адыл-су');
INSERT INTO trip_route (trip_id, order_num, object_id, name) VALUES (4972, 36, NULL, 'а/л');
INSERT INTO trip_route (trip_id, order_num, object_id, name) VALUES (4972, 37, NULL, 'р. Шхельда');
INSERT INTO trip_route (trip_id, order_num, object_id, name) VALUES (4972, 38, NULL, 'лед. Ахсу111');
INSERT INTO trip_route (trip_id, order_num, object_id, name) VALUES (4972, 39, NULL, 'пер. Юсеньги Южный(2Б, 3 446 м)26712');
INSERT INTO trip_route (trip_id, order_num, object_id, name) VALUES (4972, 40, NULL, 'р. Юсеньги');
INSERT INTO trip_route (trip_id, order_num, object_id, name) VALUES (4972, 41, NULL, 'с. Тегенекли');
INSERT INTO trip_route (trip_id, order_num, object_id, name) VALUES (4972, 42, NULL, 'пол. Азау4013');
INSERT INTO trip_route (trip_id, order_num, object_id, name) VALUES (4972, 43, NULL, 'приют');
INSERT INTO trip_route (trip_id, order_num, object_id, name) VALUES (4972, 44, NULL, NULL);
INSERT INTO trip_route (trip_id, order_num, object_id, name) VALUES (4972, 45, NULL, 'рад.пер. Седловина Эльбруса(2А*, 5 416 м)2614');
INSERT INTO trip_route (trip_id, order_num, object_id, name) VALUES (4972, 46, NULL, 'г. Эльбрус(5 642 м)2123415');
INSERT INTO trip_route (trip_id, order_num, object_id, name) VALUES (4972, 47, NULL, 'пос. Терскол');
INSERT INTO trips (id, type, region_id, difficulty, season, author, city)
                VALUES (5433, 'Пеший поход', NULL, 
                '3 к.с.', 'август 2016', 'Архипов А.В.   Город', NULL);
INSERT INTO trip_route (trip_id, order_num, object_id, name) VALUES (5433, 0, NULL, 'д. Кучерла');
INSERT INTO trip_route (trip_id, order_num, object_id, name) VALUES (5433, 1, NULL, 'р. Аккем');
INSERT INTO trip_route (trip_id, order_num, object_id, name) VALUES (5433, 2, NULL, 'оз. Аккемское');
INSERT INTO trip_route (trip_id, order_num, object_id, name) VALUES (5433, 3, NULL, 'пер. Рига-Турист(1Б, 2 850 м)20');
INSERT INTO trip_route (trip_id, order_num, object_id, name) VALUES (5433, 4, NULL, 'оз. Кучерлинское');
INSERT INTO trip_route (trip_id, order_num, object_id, name) VALUES (5433, 5, NULL, 'пер. Кульдора. В (1б)');
INSERT INTO trip_route (trip_id, order_num, object_id, name) VALUES (5433, 6, NULL, 'оз. Дорошколь');
INSERT INTO trip_route (trip_id, order_num, object_id, name) VALUES (5433, 7, NULL, 'пер. Джалама Центральный(1А, 2 900 м)5');
INSERT INTO trip_route (trip_id, order_num, object_id, name) VALUES (5433, 8, NULL, 'р. Иолдо');
INSERT INTO trip_route (trip_id, order_num, object_id, name) VALUES (5433, 9, NULL, 'развилка р. Абиак');
INSERT INTO trip_route (trip_id, order_num, object_id, name) VALUES (5433, 10, NULL, 'пер. Абиак (1б)');
INSERT INTO trip_route (trip_id, order_num, object_id, name) VALUES (5433, 11, NULL, 'верх. р. Малый Кулагаш');
INSERT INTO trip_route (trip_id, order_num, object_id, name) VALUES (5433, 12, NULL, 'р. Большой Кулагаш');
INSERT INTO trip_route (trip_id, order_num, object_id, name) VALUES (5433, 13, NULL, 'д. Кучерла');
INSERT INTO trips (id, type, region_id, difficulty, season, author, city)
                VALUES (7364, 'Горный поход', 7, 
                '2 к.с.', 'июль 2021', 'Воликов
                    

Город', NULL);
INSERT INTO trip_route (trip_id, order_num, object_id, name) VALUES (7364, 0, NULL, 'Р. Учкулан');
INSERT INTO trip_route (trip_id, order_num, object_id, name) VALUES (7364, 1, NULL, 'р. Кичкинекол');
INSERT INTO trip_route (trip_id, order_num, object_id, name) VALUES (7364, 2, NULL, 'оз. Уллу-Кель');
INSERT INTO trip_route (trip_id, order_num, object_id, name) VALUES (7364, 3, NULL, 'пер. Уллу-Кёль Восточный(1Б, 2 986 м)26231');
INSERT INTO trip_route (trip_id, order_num, object_id, name) VALUES (7364, 4, NULL, 'р. Махар');
INSERT INTO trip_route (trip_id, order_num, object_id, name) VALUES (7364, 5, NULL, 'т/б Глобус3392');
INSERT INTO trip_route (trip_id, order_num, object_id, name) VALUES (7364, 6, NULL, 'р. Гондарай');
INSERT INTO trip_route (trip_id, order_num, object_id, name) VALUES (7364, 7, NULL, 'р. Индрикой');
INSERT INTO trip_route (trip_id, order_num, object_id, name) VALUES (7364, 8, NULL, 'р. Актебе');
INSERT INTO trip_route (trip_id, order_num, object_id, name) VALUES (7364, 9, NULL, 'пер. Актюбе(1Б, 3 350 м)31283');
INSERT INTO trip_route (trip_id, order_num, object_id, name) VALUES (7364, 10, NULL, 'р.Мырды');
INSERT INTO trip_route (trip_id, order_num, object_id, name) VALUES (7364, 11, NULL, 'р. Узункол');
INSERT INTO trip_route (trip_id, order_num, object_id, name) VALUES (7364, 12, NULL, 'а/л Узункол2644');
INSERT INTO trip_route (trip_id, order_num, object_id, name) VALUES (7364, 13, NULL, 'р. Кичкинекол');
INSERT INTO trip_route (trip_id, order_num, object_id, name) VALUES (7364, 14, NULL, 'пер. Кичкинекол Малый(1А, 3 180 м)25405');
INSERT INTO trip_route (trip_id, order_num, object_id, name) VALUES (7364, 15, NULL, 'р. Чунгур-Джар');
INSERT INTO trip_route (trip_id, order_num, object_id, name) VALUES (7364, 16, NULL, 'р. Чиринкол');
INSERT INTO trip_route (trip_id, order_num, object_id, name) VALUES (7364, 17, NULL, 'р. Кубань');
INSERT INTO trip_route (trip_id, order_num, object_id, name) VALUES (7364, 18, NULL, 'р. Уллу-Кам');
INSERT INTO trip_route (trip_id, order_num, object_id, name) VALUES (7364, 19, NULL, 'пер. Хотютау(1Б, 3 546 м)221136');
INSERT INTO trip_route (trip_id, order_num, object_id, name) VALUES (7364, 20, NULL, 'оз. Эльбрусское207');
INSERT INTO trip_route (trip_id, order_num, object_id, name) VALUES (7364, 21, NULL, 'пос. Терскол');
INSERT INTO trips (id, type, region_id, difficulty, season, author, city)
                VALUES (7156, 'Горный поход', 7, 
                '3 к.с.', 'август 2020', 'Грецов Ю.В.
                    

Город', NULL);
INSERT INTO trip_route (trip_id, order_num, object_id, name) VALUES (7156, 0, NULL, 'пос. Верхн. Баксан');
INSERT INTO trip_route (trip_id, order_num, object_id, name) VALUES (7156, 1, NULL, 'д.р. Адырсу');
INSERT INTO trip_route (trip_id, order_num, object_id, name) VALUES (7156, 2, NULL, 'пер. Адылсу(1Б, 3 300 м)2651');
INSERT INTO trip_route (trip_id, order_num, object_id, name) VALUES (7156, 3, NULL, 'д.р. Адылсу');
INSERT INTO trip_route (trip_id, order_num, object_id, name) VALUES (7156, 4, NULL, 'пер. Гумачи(2А, 3 540 м)59812');
INSERT INTO trip_route (trip_id, order_num, object_id, name) VALUES (7156, 5, NULL, 'д.р. Адырсу');
INSERT INTO trip_route (trip_id, order_num, object_id, name) VALUES (7156, 6, NULL, 'пер. Грановского(2А, 3 950 м)49843');
INSERT INTO trip_route (trip_id, order_num, object_id, name) VALUES (7156, 7, NULL, 'пер. Охотничий Теплинский(1Б, 3 424 м)2554');
INSERT INTO trip_route (trip_id, order_num, object_id, name) VALUES (7156, 8, NULL, 'д.р. Башильаузсу');
INSERT INTO trip_route (trip_id, order_num, object_id, name) VALUES (7156, 9, NULL, 'д.р. Джайлыксу');
INSERT INTO trip_route (trip_id, order_num, object_id, name) VALUES (7156, 10, NULL, 'д.р. Кенчат');
INSERT INTO trip_route (trip_id, order_num, object_id, name) VALUES (7156, 11, NULL, 'пер. Штернберга(2А, 3 900 м)47175');
INSERT INTO trip_route (trip_id, order_num, object_id, name) VALUES (7156, 12, NULL, 'д.р. Тютюсу');
INSERT INTO trip_route (trip_id, order_num, object_id, name) VALUES (7156, 13, NULL, 'д.р. Сылтрансу');
INSERT INTO trip_route (trip_id, order_num, object_id, name) VALUES (7156, 14, NULL, 'пер. Сылтран(н/к, 3 205 м)15636');
INSERT INTO trip_route (trip_id, order_num, object_id, name) VALUES (7156, 15, NULL, 'д.р. Мукал');
INSERT INTO trip_route (trip_id, order_num, object_id, name) VALUES (7156, 16, NULL, 'пер. Российских Офицеров(2А, 3 819 м)36117');
INSERT INTO trip_route (trip_id, order_num, object_id, name) VALUES (7156, 17, NULL, 'д.р. Ирик');
INSERT INTO trip_route (trip_id, order_num, object_id, name) VALUES (7156, 18, NULL, 'пер. Союзмультфильм(2А, 3 782 м)1348');
INSERT INTO trip_route (trip_id, order_num, object_id, name) VALUES (7156, 19, NULL, 'траверс Вост. полей Эльбруса (1Б)');
INSERT INTO trip_route (trip_id, order_num, object_id, name) VALUES (7156, 20, NULL, 'пос. Азау');
INSERT INTO trip_route (trip_id, order_num, object_id, name) VALUES (7156, 21, NULL, 'пос. Терскол');
INSERT INTO trips (id, type, region_id, difficulty, season, author, city)
                VALUES (2424, 'Горный поход', 7, 
                '6 к.с.', 'август 1981', 'Беликов Г.
                    

Маршрут', NULL);
INSERT INTO trip_route (trip_id, order_num, object_id, name) VALUES (2424, 0, NULL, 'г. Местия(4 035 м)1091');
INSERT INTO trip_route (trip_id, order_num, object_id, name) VALUES (2424, 1, NULL, 'с.Жабеши');
INSERT INTO trip_route (trip_id, order_num, object_id, name) VALUES (2424, 2, NULL, 'лед. Твибер232');
INSERT INTO trip_route (trip_id, order_num, object_id, name) VALUES (2424, 3, NULL, 'пер. Твибер(1Б, 3 580 м)1463');
INSERT INTO trip_route (trip_id, order_num, object_id, name) VALUES (2424, 4, NULL, 'лед. Кулак134');
INSERT INTO trip_route (trip_id, order_num, object_id, name) VALUES (2424, 5, NULL, 'пер. Китлод(2Б, 3 700 м)7225');
INSERT INTO trip_route (trip_id, order_num, object_id, name) VALUES (2424, 6, NULL, 'пер. Семи(2А, 3 850 м)20696');
INSERT INTO trip_route (trip_id, order_num, object_id, name) VALUES (2424, 7, NULL, 'пер. Цаннер Нижний(2А, 3 990 м)36297');
INSERT INTO trip_route (trip_id, order_num, object_id, name) VALUES (2424, 8, NULL, 'г. Ляльвер(4 355 м)20118');
INSERT INTO trip_route (trip_id, order_num, object_id, name) VALUES (2424, 9, NULL, 'пер.Гестола');
INSERT INTO trip_route (trip_id, order_num, object_id, name) VALUES (2424, 10, NULL, 'Катынское плато');
INSERT INTO trip_route (trip_id, order_num, object_id, name) VALUES (2424, 11, NULL, 'пер. Оставшихся дома(3А*, 4 350 м)1479');
INSERT INTO trip_route (trip_id, order_num, object_id, name) VALUES (2424, 12, NULL, 'лед. Халде810');
INSERT INTO trip_route (trip_id, order_num, object_id, name) VALUES (2424, 13, NULL, 'пер. Подарок(2А*, 3 519 м)251111');
INSERT INTO trip_route (trip_id, order_num, object_id, name) VALUES (2424, 14, NULL, 'л.Ингури');
INSERT INTO trip_route (trip_id, order_num, object_id, name) VALUES (2424, 15, NULL, 'пер.Ингури');
INSERT INTO trip_route (trip_id, order_num, object_id, name) VALUES (2424, 16, NULL, 'л.Юж.Айлама');
INSERT INTO trip_route (trip_id, order_num, object_id, name) VALUES (2424, 17, NULL, 'пер. Унамусо(3Б, 3 900 м)11212');
INSERT INTO trip_route (trip_id, order_num, object_id, name) VALUES (2424, 18, NULL, 'лед. Дыхсу4213');
INSERT INTO trip_route (trip_id, order_num, object_id, name) VALUES (2424, 19, NULL, 'л.Айлама');
INSERT INTO trip_route (trip_id, order_num, object_id, name) VALUES (2424, 20, NULL, 'пер. Фытнаргин(3А, 3 850 м)271814');
INSERT INTO trip_route (trip_id, order_num, object_id, name) VALUES (2424, 21, NULL, 'лед. Фытнаргин1615');
INSERT INTO trip_route (trip_id, order_num, object_id, name) VALUES (2424, 22, NULL, 'л.Сев.Шари');
INSERT INTO trip_route (trip_id, order_num, object_id, name) VALUES (2424, 23, NULL, 'р.Карасу');
INSERT INTO trip_route (trip_id, order_num, object_id, name) VALUES (2424, 24, NULL, 'пер. Штулу(н/к, 3 338 м)151716');
INSERT INTO trip_route (trip_id, order_num, object_id, name) VALUES (2424, 25, NULL, 'р.Харвес');
INSERT INTO trip_route (trip_id, order_num, object_id, name) VALUES (2424, 26, NULL, 'пос.Дзинага');
INSERT INTO trip_route (trip_id, order_num, object_id, name) VALUES (2424, 27, NULL, 'лед. Караугомский4917');
INSERT INTO trip_route (trip_id, order_num, object_id, name) VALUES (2424, 28, NULL, 'л.Гулари');
INSERT INTO trip_route (trip_id, order_num, object_id, name) VALUES (2424, 29, NULL, 'пер. Воологата(3А, 4 000 м)633318');
INSERT INTO trip_route (trip_id, order_num, object_id, name) VALUES (2424, 30, NULL, 'купол в.Вологата');
INSERT INTO trip_route (trip_id, order_num, object_id, name) VALUES (2424, 31, NULL, 'Караугомское плато');
INSERT INTO trip_route (trip_id, order_num, object_id, name) VALUES (2424, 32, NULL, 'пер.Гречко');
INSERT INTO trip_route (trip_id, order_num, object_id, name) VALUES (2424, 33, NULL, 'пер. Хицан(1Б, 3 320 м)113319');
INSERT INTO trip_route (trip_id, order_num, object_id, name) VALUES (2424, 34, NULL, 'лед. Цейский1620');
INSERT INTO trip_route (trip_id, order_num, object_id, name) VALUES (2424, 35, NULL, 'пер. Ронкетти(2Б*, 3 850 м)321521');
INSERT INTO trip_route (trip_id, order_num, object_id, name) VALUES (2424, 36, NULL, 'л.Чанчахи');
INSERT INTO trip_route (trip_id, order_num, object_id, name) VALUES (2424, 37, NULL, 'пос.Шови');
INSERT INTO trip_route (trip_id, order_num, object_id, name) VALUES (2424, 38, NULL, 'г.Кутаиси');